id,token,class,freq,standalone_count,top_pos,name_frac,cap_frac,pos_NOUN,pos_VERB,pos_ADJ,pos_ADV,pos_PROPN,pos_PRON,pos_DET,pos_ADP,pos_AUX,pos_PART,pos_CCONJ,pos_SCONJ,pos_NUM,pos_INTJ,pos_other,example_words
342,old,word,9397,9382,ADJ,0.001,0.001,0.001,0.0,0.997,0.0,0.002,0.0,0.0,0.0,0.0,0.0,0.0,0.0,0.0,0.0,0.0,oldest
346,small,word,9043,9040,ADJ,0.0,0.0,0.0,0.0,1.0,0.0,0.0,0.0,0.0,0.0,0.0,0.0,0.0,0.0,0.0,0.0,0.0,smallness
289,bright,word,8679,8446,ADJ,0.005,0.006,0.005,0.016,0.965,0.001,0.013,0.0,0.0,0.0,0.0,0.0,0.0,0.0,0.0,0.0,0.0,brightening brighten brightness
417,big,word,6771,6761,ADJ,0.0,0.0,0.0,0.0,0.995,0.001,0.004,0.0,0.0,0.0,0.0,0.0,0.0,0.0,0.0,0.0,0.0,bigfoot
470,more,word,6295,6288,ADJ,0.0,0.0,0.0,0.0,0.603,0.397,0.0,0.0,0.0,0.0,0.0,0.0,0.0,0.0,0.0,0.0,0.0,
456,new,word,6145,6052,ADJ,0.01,0.01,0.013,0.0,0.976,0.001,0.01,0.0,0.0,0.0,0.0,0.0,0.0,0.0,0.0,0.0,0.0,news newest newcomer
421,dark,word,5603,5544,ADJ,0.005,0.005,0.13,0.01,0.84,0.001,0.019,0.0,0.0,0.0,0.0,0.0,0.0,0.0,0.0,0.0,0.0,darkening darken darkly
559,strange,word,5024,4994,ADJ,0.0,0.0,0.0,0.0,0.995,0.005,0.0,0.0,0.0,0.0,0.0,0.0,0.0,0.0,0.0,0.0,0.0,strangely strangest
451,deep,word,4970,4813,ADJ,0.002,0.003,0.002,0.017,0.747,0.231,0.003,0.0,0.0,0.0,0.0,0.0,0.0,0.0,0.0,0.0,0.0,deepened deepest deepen
353,other,word,4850,4843,ADJ,0.0,0.0,0.0,0.0,0.999,0.001,0.0,0.0,0.0,0.0,0.0,0.0,0.0,0.0,0.0,0.0,0.0,otherworldly otherwise
614,brave,word,4432,4386,ADJ,0.007,0.007,0.006,0.002,0.983,0.0,0.009,0.0,0.0,0.0,0.0,0.0,0.0,0.0,0.0,0.0,0.0,bravest braved braveheart
599,happy,word,4404,4381,ADJ,0.006,0.007,0.0,0.0,0.985,0.0,0.015,0.0,0.0,0.0,0.0,0.0,0.0,0.0,0.0,0.0,0.0,happyville happybot happyland
598,full,word,4279,4227,ADJ,0.0,0.0,0.0,0.0,0.989,0.011,0.0,0.0,0.0,0.0,0.0,0.0,0.0,0.0,0.0,0.0,0.0,fully fuller
611,little,word,4156,4156,ADJ,0.0,0.001,0.0,0.0,0.968,0.031,0.0,0.0,0.0,0.0,0.0,0.0,0.0,0.0,0.0,0.0,0.0,
653,own,word,3853,3829,ADJ,0.0,0.0,0.0,0.012,0.988,0.0,0.0,0.0,0.0,0.0,0.0,0.0,0.0,0.0,0.0,0.0,0.0,owned owning owns
676,beautiful,word,3736,3666,ADJ,0.0,0.0,0.0,0.0,0.981,0.019,0.0,0.0,0.0,0.0,0.0,0.0,0.0,0.0,0.0,0.0,0.0,beautifully
719,true,word,3494,3492,ADJ,0.0,0.0,0.0,0.0,1.0,0.0,0.0,0.0,0.0,0.0,0.0,0.0,0.0,0.0,0.0,0.0,0.0,truest
724,ready,word,3353,3353,ADJ,0.0,0.0,0.0,0.0,1.0,0.0,0.0,0.0,0.0,0.0,0.0,0.0,0.0,0.0,0.0,0.0,0.0,
732,many,word,3300,3300,ADJ,0.0,0.01,0.0,0.0,0.999,0.0,0.0,0.0,0.001,0.0,0.0,0.0,0.0,0.0,0.0,0.0,0.0,
547,sad,word,3296,3266,ADJ,0.0,0.0,0.001,0.0,0.998,0.0,0.0,0.0,0.0,0.0,0.0,0.0,0.0,0.0,0.0,0.0,0.0,saddest sadder saddle
505,soft,word,3121,2948,ADJ,0.0,0.0,0.004,0.041,0.954,0.001,0.0,0.0,0.0,0.0,0.0,0.0,0.0,0.0,0.0,0.0,0.0,softened softening softer
703,tall,word,3095,3086,ADJ,0.001,0.001,0.0,0.0,0.994,0.001,0.005,0.0,0.0,0.0,0.0,0.0,0.0,0.0,0.0,0.0,0.0,tallo
727,excited,word,3060,3060,ADJ,0.0,0.079,0.0,0.165,0.834,0.0,0.0,0.0,0.0,0.0,0.0,0.0,0.0,0.0,0.0,0.0,0.0,
489,warm,word,3021,2811,ADJ,0.0,0.0,0.01,0.027,0.931,0.031,0.0,0.0,0.0,0.0,0.0,0.0,0.0,0.0,0.0,0.0,0.0,warmly warmer warming
757,curious,word,3002,3002,ADJ,0.053,0.126,0.0,0.0,0.961,0.0,0.039,0.0,0.0,0.0,0.0,0.0,0.0,0.0,0.0,0.0,0.0,
799,best,word,2970,2970,ADJ,0.0,0.001,0.0,0.0,0.984,0.014,0.002,0.0,0.0,0.0,0.0,0.0,0.0,0.0,0.0,0.0,0.0,
753,giant,word,2938,2938,ADJ,0.002,0.002,0.415,0.0,0.582,0.0,0.003,0.0,0.0,0.0,0.0,0.0,0.0,0.0,0.0,0.0,0.0,
797,young,word,2830,2821,ADJ,0.0,0.001,0.0,0.0,1.0,0.0,0.0,0.0,0.0,0.0,0.0,0.0,0.0,0.0,0.0,0.0,0.0,youngest
798,special,word,2823,2823,ADJ,0.0,0.0,0.002,0.0,0.998,0.0,0.0,0.0,0.0,0.0,0.0,0.0,0.0,0.0,0.0,0.0,0.0,
785,proud,word,2817,2816,ADJ,0.0,0.0,0.0,0.0,0.999,0.0,0.001,0.0,0.0,0.0,0.0,0.0,0.0,0.0,0.0,0.0,0.0,prouder
607,strong,word,2780,2775,ADJ,0.0,0.0,0.001,0.0,0.998,0.001,0.0,0.0,0.0,0.0,0.0,0.0,0.0,0.0,0.0,0.0,0.0,strongly stronghold
744,great,word,2707,2660,ADJ,0.023,0.024,0.016,0.0,0.958,0.003,0.023,0.0,0.0,0.0,0.0,0.0,0.0,0.0,0.0,0.0,0.0,greatness greatly
842,next,word,2686,2686,ADJ,0.001,0.035,0.0,0.0,0.754,0.243,0.001,0.0,0.0,0.001,0.0,0.0,0.0,0.0,0.0,0.0,0.0,
929,wise,word,2527,2460,ADJ,0.008,0.008,0.008,0.0,0.979,0.002,0.011,0.0,0.0,0.0,0.0,0.0,0.0,0.0,0.0,0.0,0.0,wiser wisest
899,heavy,word,2493,2493,ADJ,0.0,0.0,0.005,0.0,0.96,0.032,0.002,0.0,0.0,0.0,0.0,0.0,0.0,0.0,0.0,0.0,0.0,
869,tiny,word,2452,2452,ADJ,0.004,0.004,0.0,0.0,0.994,0.0,0.006,0.0,0.0,0.0,0.0,0.0,0.0,0.0,0.0,0.0,0.0,
646,long,word,2400,2393,ADJ,0.0,0.011,0.001,0.002,0.565,0.432,0.0,0.0,0.0,0.0,0.0,0.0,0.0,0.0,0.0,0.0,0.0,longs longest
934,magical,word,2375,2365,ADJ,0.001,0.001,0.001,0.0,0.994,0.004,0.001,0.0,0.0,0.0,0.0,0.0,0.0,0.0,0.0,0.0,0.0,magically
942,alive,word,2275,2275,ADJ,0.0,0.0,0.0,0.0,1.0,0.0,0.0,0.0,0.0,0.0,0.0,0.0,0.0,0.0,0.0,0.0,0.0,
967,high,word,2212,2100,ADJ,0.0,0.001,0.01,0.001,0.545,0.444,0.0,0.0,0.0,0.0,0.0,0.0,0.0,0.0,0.0,0.0,0.0,highest highlight highs
590,secret,word,2178,2136,ADJ,0.012,0.014,0.39,0.0,0.582,0.016,0.012,0.0,0.0,0.0,0.0,0.0,0.0,0.0,0.0,0.0,0.0,secretly secretive
999,scared,word,2159,2159,ADJ,0.0,0.0,0.0,0.117,0.883,0.0,0.0,0.0,0.0,0.0,0.0,0.0,0.0,0.0,0.0,0.0,0.0,
1010,wide,word,2155,1983,ADJ,0.0,0.0,0.0,0.003,0.622,0.375,0.0,0.0,0.0,0.0,0.0,0.0,0.0,0.0,0.0,0.0,0.0,wider widely widen
986,free,word,2112,2013,ADJ,0.003,0.003,0.002,0.082,0.91,0.0,0.006,0.0,0.0,0.0,0.0,0.0,0.0,0.0,0.0,0.0,0.0,freeing freeze freer
973,colorful,word,2107,2107,ADJ,0.001,0.003,0.0,0.0,0.999,0.0,0.001,0.0,0.0,0.0,0.0,0.0,0.0,0.0,0.0,0.0,0.0,
913,real,word,2082,2082,ADJ,0.0,0.0,0.002,0.0,0.998,0.0,0.0,0.0,0.0,0.0,0.0,0.0,0.0,0.0,0.0,0.0,0.0,
1011,sweet,word,2074,1717,ADJ,0.0,0.0,0.086,0.001,0.861,0.041,0.012,0.0,0.0,0.0,0.0,0.0,0.0,0.0,0.0,0.0,0.0,sweets sweetly sweetest
1005,last,word,2070,2013,ADJ,0.0,0.003,0.0,0.143,0.637,0.22,0.0,0.0,0.0,0.0,0.0,0.0,0.0,0.0,0.0,0.0,0.0,lasting lasts lasted
963,shiny,word,2066,2066,ADJ,0.001,0.001,0.0,0.0,0.999,0.0,0.001,0.0,0.0,0.0,0.0,0.0,0.0,0.0,0.0,0.0,0.0,
814,quiet,word,1994,1943,ADJ,0.003,0.003,0.046,0.009,0.941,0.0,0.004,0.0,0.0,0.0,0.0,0.0,0.0,0.0,0.0,0.0,0.0,quieter quieted quietest
1022,different,word,1923,1846,ADJ,0.0,0.0,0.0,0.0,0.958,0.041,0.001,0.0,0.0,0.0,0.0,0.0,0.0,0.0,0.0,0.0,0.0,differently
984,open,word,1800,1777,ADJ,0.0,0.0,0.006,0.348,0.615,0.03,0.0,0.0,0.0,0.001,0.0,0.0,0.0,0.0,0.0,0.0,0.0,openly
640,kind,word,1796,1625,ADJ,0.006,0.006,0.375,0.003,0.541,0.072,0.007,0.0,0.0,0.0,0.0,0.0,0.0,0.0,0.0,0.0,0.001,kindly kinds kinder
1089,cold,word,1744,1598,ADJ,0.0,0.0,0.097,0.005,0.893,0.004,0.001,0.0,0.0,0.0,0.0,0.0,0.0,0.0,0.0,0.0,0.0,colder coldest coldness
1096,better,word,1697,1696,ADJ,0.0,0.0,0.001,0.0,0.79,0.209,0.0,0.0,0.0,0.0,0.0,0.0,0.0,0.0,0.0,0.0,0.0,betterment
1119,brighter,word,1609,1609,ADJ,0.0,0.0,0.047,0.006,0.666,0.281,0.0,0.0,0.0,0.0,0.0,0.0,0.0,0.0,0.0,0.0,0.0,
938,good,word,1581,1513,ADJ,0.0,0.0,0.07,0.0,0.922,0.001,0.004,0.0,0.0,0.0,0.0,0.0,0.0,0.0,0.0,0.004,0.0,goods goodness goodnight
939,loud,word,1555,1529,ADJ,0.0,0.001,0.002,0.0,0.947,0.048,0.003,0.0,0.0,0.0,0.0,0.0,0.0,0.0,0.0,0.0,0.0,loudest loudness
1218,close,word,1509,1428,ADJ,0.0,0.0,0.07,0.133,0.478,0.32,0.0,0.0,0.0,0.0,0.0,0.0,0.0,0.0,0.0,0.0,0.0,closet closes closest
1197,funny,word,1422,1422,ADJ,0.001,0.001,0.0,0.0,0.975,0.02,0.004,0.0,0.0,0.0,0.0,0.0,0.0,0.0,0.0,0.0,0.0,
1238,blue,word,1422,1340,ADJ,0.034,0.034,0.162,0.001,0.786,0.001,0.049,0.0,0.0,0.0,0.0,0.0,0.0,0.0,0.0,0.0,0.0,blues bluebird bluebell
1246,silly,word,1386,1386,ADJ,0.007,0.007,0.0,0.003,0.983,0.0,0.014,0.0,0.0,0.0,0.0,0.0,0.0,0.0,0.0,0.0,0.0,
1257,gentle,word,1384,1380,ADJ,0.0,0.0,0.022,0.0,0.976,0.0,0.002,0.0,0.0,0.0,0.0,0.0,0.0,0.0,0.0,0.0,0.0,gentlemen gentleman
1221,stronger,word,1349,1349,ADJ,0.0,0.0,0.0,0.0,1.0,0.0,0.0,0.0,0.0,0.0,0.0,0.0,0.0,0.0,0.0,0.0,0.0,
1300,right,word,1337,1317,ADJ,0.0,0.0,0.04,0.002,0.643,0.302,0.0,0.0,0.0,0.0,0.0,0.0,0.0,0.0,0.0,0.012,0.0,rightfully rights rightful
1279,empty,word,1322,1322,ADJ,0.0,0.0,0.0,0.0,1.0,0.0,0.0,0.0,0.0,0.0,0.0,0.0,0.0,0.0,0.0,0.0,0.0,
1319,lonely,word,1196,1196,ADJ,0.0,0.0,0.0,0.0,1.0,0.0,0.0,0.0,0.0,0.0,0.0,0.0,0.0,0.0,0.0,0.0,0.0,
1354,safe,word,1187,1163,ADJ,0.0,0.0,0.002,0.0,0.997,0.0,0.001,0.0,0.0,0.0,0.0,0.0,0.0,0.0,0.0,0.0,0.0,safer safest
1379,thick,word,1151,1066,ADJ,0.0,0.0,0.01,0.03,0.936,0.008,0.016,0.0,0.0,0.0,0.0,0.0,0.0,0.0,0.0,0.0,0.0,thicker thickened thicket
1436,golden,word,1111,1091,ADJ,0.042,0.043,0.0,0.0,0.932,0.0,0.068,0.0,0.0,0.0,0.0,0.0,0.0,0.0,0.0,0.0,0.0,goldendale goldendusk goldentown
1444,worried,word,1089,1088,ADJ,0.008,0.01,0.0,0.284,0.704,0.001,0.011,0.0,0.0,0.0,0.0,0.0,0.0,0.0,0.0,0.0,0.0,worriedly
1472,dusty,word,1086,1086,ADJ,0.012,0.012,0.013,0.0,0.959,0.0,0.028,0.0,0.0,0.0,0.0,0.0,0.0,0.0,0.0,0.0,0.0,
1442,surprised,word,1038,1038,ADJ,0.006,0.018,0.0,0.161,0.833,0.0,0.006,0.0,0.0,0.0,0.0,0.0,0.0,0.0,0.0,0.0,0.0,
1440,sunny,word,1037,1025,ADJ,0.002,0.006,0.0,0.0,0.986,0.0,0.014,0.0,0.0,0.0,0.0,0.0,0.0,0.0,0.0,0.0,0.0,sunnyville sunnyvale
1478,cool,word,1012,923,ADJ,0.0,0.0,0.028,0.017,0.948,0.0,0.005,0.0,0.0,0.0,0.0,0.0,0.0,0.0,0.0,0.003,0.0,cooler coolness coolest
1504,amazing,word,968,932,ADJ,0.001,0.001,0.0,0.0,0.962,0.003,0.035,0.0,0.0,0.0,0.0,0.0,0.0,0.0,0.0,0.0,0.0,amazingly
1499,wrong,word,945,894,ADJ,0.0,0.0,0.026,0.038,0.929,0.005,0.001,0.0,0.0,0.0,0.0,0.0,0.0,0.0,0.0,0.0,0.0,wronged wrongs wrongness
1553,important,word,942,913,ADJ,0.0,0.0,0.0,0.0,0.969,0.031,0.0,0.0,0.0,0.0,0.0,0.0,0.0,0.0,0.0,0.0,0.0,importantly
1520,red,word,940,860,ADJ,0.01,0.01,0.153,0.03,0.791,0.0,0.026,0.0,0.0,0.0,0.0,0.0,0.0,0.0,0.0,0.0,0.0,redemption reds rediscover
1582,ancient,word,917,905,ADJ,0.0,0.0,0.013,0.0,0.987,0.0,0.0,0.0,0.0,0.0,0.0,0.0,0.0,0.0,0.0,0.0,0.0,ancients
1579,nervous,word,911,798,ADJ,0.0,0.0,0.012,0.0,0.875,0.112,0.001,0.0,0.0,0.0,0.0,0.0,0.0,0.0,0.0,0.0,0.0,nervously nervousness
1602,green,word,910,847,ADJ,0.067,0.067,0.062,0.001,0.793,0.0,0.144,0.0,0.0,0.0,0.0,0.0,0.0,0.0,0.0,0.0,0.0,greenvale greens greener
1606,confused,word,870,870,ADJ,0.011,0.046,0.0,0.295,0.694,0.0,0.01,0.0,0.0,0.0,0.0,0.0,0.0,0.0,0.0,0.0,0.0,
1614,clever,word,869,777,ADJ,0.0,0.0,0.084,0.001,0.907,0.002,0.006,0.0,0.0,0.0,0.0,0.0,0.0,0.0,0.0,0.0,0.0,cleverness cleverest cleverly
1609,amazed,word,856,856,ADJ,0.0,0.0,0.0,0.014,0.986,0.0,0.0,0.0,0.0,0.0,0.0,0.0,0.0,0.0,0.0,0.0,0.0,
1628,lighter,word,837,837,ADJ,0.0,0.0,0.0,0.0,0.978,0.022,0.0,0.0,0.0,0.0,0.0,0.0,0.0,0.0,0.0,0.0,0.0,
1638,dear,word,823,792,ADJ,0.014,0.039,0.072,0.004,0.557,0.044,0.323,0.0,0.0,0.0,0.0,0.0,0.0,0.0,0.0,0.001,0.0,dearly dears dearest
1590,broken,word,804,804,ADJ,0.011,0.011,0.0,0.443,0.546,0.0,0.011,0.0,0.0,0.0,0.0,0.0,0.0,0.0,0.0,0.0,0.0,
1657,afraid,word,795,795,ADJ,0.0,0.0,0.0,0.0,0.996,0.0,0.004,0.0,0.0,0.0,0.0,0.0,0.0,0.0,0.0,0.0,0.0,
1542,wild,word,788,670,ADJ,0.005,0.006,0.15,0.0,0.844,0.0,0.006,0.0,0.0,0.0,0.0,0.0,0.0,0.0,0.0,0.0,0.0,wildflowers wildest wildfire
1282,eager,word,775,768,ADJ,0.048,0.049,0.006,0.0,0.92,0.0,0.074,0.0,0.0,0.0,0.0,0.0,0.0,0.0,0.0,0.0,0.0,eagerness
1713,invisible,word,758,758,ADJ,0.001,0.001,0.0,0.0,0.997,0.0,0.003,0.0,0.0,0.0,0.0,0.0,0.0,0.0,0.0,0.0,0.0,
1694,friendly,word,754,754,ADJ,0.0,0.0,0.0,0.0,1.0,0.0,0.0,0.0,0.0,0.0,0.0,0.0,0.0,0.0,0.0,0.0,0.0,
1393,clear,word,745,638,ADJ,0.0,0.0,0.0,0.122,0.789,0.087,0.001,0.0,0.0,0.0,0.0,0.0,0.0,0.0,0.0,0.0,0.0,clearly clearer clearest
1782,grateful,word,735,703,ADJ,0.01,0.013,0.0,0.0,0.946,0.044,0.011,0.0,0.0,0.0,0.0,0.0,0.0,0.0,0.0,0.0,0.0,gratefully
1681,shimmering,word,717,717,ADJ,0.001,0.001,0.223,0.303,0.473,0.0,0.001,0.0,0.0,0.0,0.0,0.0,0.0,0.0,0.0,0.0,0.0,
1678,same,word,716,716,ADJ,0.0,0.0,0.0,0.0,1.0,0.0,0.0,0.0,0.0,0.0,0.0,0.0,0.0,0.0,0.0,0.0,0.0,
1761,tired,word,709,702,ADJ,0.0,0.0,0.01,0.0,0.99,0.0,0.0,0.0,0.0,0.0,0.0,0.0,0.0,0.0,0.0,0.0,0.0,tiredness
1773,low,word,706,603,ADJ,0.0,0.0,0.006,0.072,0.644,0.276,0.001,0.0,0.0,0.0,0.0,0.0,0.0,0.0,0.0,0.0,0.0,lower lowered lowering
1760,favorite,word,690,684,ADJ,0.0,0.0,0.019,0.0,0.981,0.0,0.0,0.0,0.0,0.0,0.0,0.0,0.0,0.0,0.0,0.0,0.0,favorites
1936,fierce,word,683,578,ADJ,0.0,0.0,0.006,0.018,0.849,0.127,0.0,0.0,0.0,0.0,0.0,0.0,0.0,0.0,0.0,0.0,0.0,fiercely fiercest fiercer
1645,calm,word,662,613,ADJ,0.002,0.002,0.124,0.204,0.665,0.0,0.008,0.0,0.0,0.0,0.0,0.0,0.0,0.0,0.0,0.0,0.0,calming calmness calmer
1807,busy,word,651,651,ADJ,0.0,0.0,0.0,0.0,1.0,0.0,0.0,0.0,0.0,0.0,0.0,0.0,0.0,0.0,0.0,0.0,0.0,
1716,perfect,word,646,616,ADJ,0.0,0.0,0.042,0.009,0.946,0.0,0.003,0.0,0.0,0.0,0.0,0.0,0.0,0.0,0.0,0.0,0.0,perfection perfected perfecting
1821,enchanted,word,635,635,ADJ,0.019,0.019,0.0,0.235,0.746,0.0,0.019,0.0,0.0,0.0,0.0,0.0,0.0,0.0,0.0,0.0,0.0,
1041,grand,word,629,540,ADJ,0.004,0.004,0.129,0.002,0.857,0.0,0.013,0.0,0.0,0.0,0.0,0.0,0.0,0.0,0.0,0.0,0.0,grandpa grandparents granddaughter
1824,okay,word,627,627,ADJ,0.0,0.0,0.0,0.0,0.64,0.0,0.0,0.0,0.0,0.0,0.0,0.0,0.0,0.0,0.0,0.36,0.0,
1899,powerful,word,619,619,ADJ,0.0,0.0,0.0,0.0,1.0,0.0,0.0,0.0,0.0,0.0,0.0,0.0,0.0,0.0,0.0,0.0,0.0,
1978,wonderful,word,597,563,ADJ,0.0,0.0,0.0,0.0,0.943,0.055,0.002,0.0,0.0,0.0,0.0,0.0,0.0,0.0,0.0,0.0,0.0,wonderfully
1951,shy,word,582,521,ADJ,0.0,0.0,0.027,0.003,0.892,0.076,0.002,0.0,0.0,0.0,0.0,0.0,0.0,0.0,0.0,0.0,0.0,shyly shyness shying
2034,simple,word,573,525,ADJ,0.0,0.0,0.002,0.0,0.998,0.0,0.0,0.0,0.0,0.0,0.0,0.0,0.0,0.0,0.0,0.0,0.0,simplest simpler
1944,distant,word,572,570,ADJ,0.0,0.0,0.0,0.0,0.995,0.003,0.002,0.0,0.0,0.0,0.0,0.0,0.0,0.0,0.0,0.0,0.0,distantly
1023,quick,word,563,524,ADJ,0.01,0.012,0.004,0.053,0.917,0.009,0.018,0.0,0.0,0.0,0.0,0.0,0.0,0.0,0.0,0.0,0.0,quickened quickening quicken
1995,few,word,558,551,ADJ,0.0,0.0,0.0,0.0,0.996,0.0,0.0,0.0,0.004,0.0,0.0,0.0,0.0,0.0,0.0,0.0,0.0,fewer
2005,unsure,word,544,544,ADJ,0.0,0.0,0.296,0.011,0.684,0.009,0.0,0.0,0.0,0.0,0.0,0.0,0.0,0.0,0.0,0.0,0.0,
1997,greatest,word,522,522,ADJ,0.002,0.002,0.0,0.0,0.998,0.0,0.002,0.0,0.0,0.0,0.0,0.0,0.0,0.0,0.0,0.0,0.0,
2023,large,word,511,490,ADJ,0.0,0.0,0.0,0.0,0.994,0.006,0.0,0.0,0.0,0.0,0.0,0.0,0.0,0.0,0.0,0.0,0.0,largest
2223,late,word,506,456,ADJ,0.0,0.016,0.0,0.0,0.617,0.383,0.0,0.0,0.0,0.0,0.0,0.0,0.0,0.0,0.0,0.0,0.0,lately latest
2039,vast,word,505,421,ADJ,0.0,0.0,0.156,0.0,0.842,0.0,0.002,0.0,0.0,0.0,0.0,0.0,0.0,0.0,0.0,0.0,0.0,vastness
2107,careful,word,485,485,ADJ,0.0,0.0,0.0,0.0,1.0,0.0,0.0,0.0,0.0,0.0,0.0,0.0,0.0,0.0,0.0,0.0,0.0,
2142,biggest,word,474,474,ADJ,0.0,0.0,0.0,0.0,1.0,0.0,0.0,0.0,0.0,0.0,0.0,0.0,0.0,0.0,0.0,0.0,0.0,
2133,vibrant,word,468,468,ADJ,0.0,0.0,0.002,0.0,0.998,0.0,0.0,0.0,0.0,0.0,0.0,0.0,0.0,0.0,0.0,0.0,0.0,
1844,silent,word,463,463,ADJ,0.054,0.054,0.0,0.0,0.95,0.0,0.05,0.0,0.0,0.0,0.0,0.0,0.0,0.0,0.0,0.0,0.0,
2195,scary,word,461,461,ADJ,0.0,0.0,0.0,0.0,1.0,0.0,0.0,0.0,0.0,0.0,0.0,0.0,0.0,0.0,0.0,0.0,0.0,
2096,bigger,word,459,459,ADJ,0.0,0.0,0.0,0.0,1.0,0.0,0.0,0.0,0.0,0.0,0.0,0.0,0.0,0.0,0.0,0.0,0.0,
2121,joyful,word,453,453,ADJ,0.013,0.013,0.0,0.0,0.954,0.0,0.046,0.0,0.0,0.0,0.0,0.0,0.0,0.0,0.0,0.0,0.0,
2193,worth,word,442,402,ADJ,0.0,0.0,0.147,0.0,0.853,0.0,0.0,0.0,0.0,0.0,0.0,0.0,0.0,0.0,0.0,0.0,0.0,worthy worthless worthwhile
2201,angry,word,439,439,ADJ,0.002,0.005,0.0,0.0,0.998,0.0,0.002,0.0,0.0,0.0,0.0,0.0,0.0,0.0,0.0,0.0,0.0,
2230,huge,word,438,438,ADJ,0.0,0.0,0.0,0.0,1.0,0.0,0.0,0.0,0.0,0.0,0.0,0.0,0.0,0.0,0.0,0.0,0.0,
2209,fluffy,word,435,434,ADJ,0.071,0.076,0.0,0.0,0.908,0.0,0.092,0.0,0.0,0.0,0.0,0.0,0.0,0.0,0.0,0.0,0.0,fluffytopia
2214,bad,word,434,393,ADJ,0.0,0.0,0.06,0.0,0.903,0.037,0.0,0.0,0.0,0.0,0.0,0.0,0.0,0.0,0.0,0.0,0.0,badly badger badge
1480,honest,word,432,415,ADJ,0.014,0.014,0.002,0.0,0.944,0.039,0.014,0.0,0.0,0.0,0.0,0.0,0.0,0.0,0.0,0.0,0.0,honestly
2119,cruel,word,410,361,ADJ,0.0,0.0,0.098,0.0,0.888,0.012,0.002,0.0,0.0,0.0,0.0,0.0,0.0,0.0,0.0,0.0,0.0,cruelty cruelly cruelest
2272,fresh,word,404,401,ADJ,0.0,0.0,0.0,0.0,0.998,0.002,0.0,0.0,0.0,0.0,0.0,0.0,0.0,0.0,0.0,0.0,0.0,freshest fresher freshly
2287,orange,word,399,376,ADJ,0.0,0.0,0.464,0.013,0.469,0.0,0.055,0.0,0.0,0.0,0.0,0.0,0.0,0.0,0.0,0.0,0.0,oranges
976,fair,word,398,374,ADJ,0.003,0.003,0.374,0.0,0.611,0.013,0.003,0.0,0.0,0.0,0.0,0.0,0.0,0.0,0.0,0.0,0.0,fairground fairness fairs
2422,final,word,374,364,ADJ,0.0,0.0,0.027,0.0,0.973,0.0,0.0,0.0,0.0,0.0,0.0,0.0,0.0,0.0,0.0,0.0,0.0,finals finale finality
2411,unknown,word,372,368,ADJ,0.005,0.005,0.374,0.0,0.621,0.0,0.005,0.0,0.0,0.0,0.0,0.0,0.0,0.0,0.0,0.0,0.0,unknowns
2314,snowy,word,368,368,ADJ,0.016,0.016,0.008,0.0,0.916,0.0,0.057,0.0,0.0,0.0,0.0,0.0,0.0,0.0,0.0,0.0,0.019,
2383,sure,word,365,339,ADJ,0.0,0.004,0.0,0.0,0.756,0.093,0.0,0.0,0.0,0.0,0.0,0.0,0.0,0.0,0.0,0.151,0.0,surely
2367,mysterious,word,357,310,ADJ,0.0,0.005,0.0,0.0,0.849,0.132,0.02,0.0,0.0,0.0,0.0,0.0,0.0,0.0,0.0,0.0,0.0,mysteriously
2364,whole,word,356,356,ADJ,0.0,0.0,0.031,0.0,0.969,0.0,0.0,0.0,0.0,0.0,0.0,0.0,0.0,0.0,0.0,0.0,0.0,
2529,playful,word,356,296,ADJ,0.0,0.0,0.006,0.0,0.831,0.163,0.0,0.0,0.0,0.0,0.0,0.0,0.0,0.0,0.0,0.0,0.0,playfully playfulness
2431,pink,word,355,343,ADJ,0.0,0.0,0.175,0.023,0.794,0.008,0.0,0.0,0.0,0.0,0.0,0.0,0.0,0.0,0.0,0.0,0.0,pinks pinky
2379,weak,word,350,257,ADJ,0.0,0.0,0.109,0.023,0.826,0.043,0.0,0.0,0.0,0.0,0.0,0.0,0.0,0.0,0.0,0.0,0.0,weakness weaker weakly
2429,white,word,337,333,ADJ,0.0,0.0,0.062,0.0,0.914,0.0,0.024,0.0,0.0,0.0,0.0,0.0,0.0,0.0,0.0,0.0,0.0,whites whiter
2720,cheerful,word,337,283,ADJ,0.0,0.0,0.0,0.0,0.84,0.16,0.0,0.0,0.0,0.0,0.0,0.0,0.0,0.0,0.0,0.0,0.0,cheerfully
2476,newfound,word,332,332,ADJ,0.0,0.0,0.0,0.0,1.0,0.0,0.0,0.0,0.0,0.0,0.0,0.0,0.0,0.0,0.0,0.0,0.0,
2415,cozy,word,331,331,ADJ,0.0,0.0,0.003,0.0,0.955,0.0,0.042,0.0,0.0,0.0,0.0,0.0,0.0,0.0,0.0,0.0,0.0,
2146,unexpected,word,322,322,ADJ,0.0,0.0,0.0,0.0,1.0,0.0,0.0,0.0,0.0,0.0,0.0,0.0,0.0,0.0,0.0,0.0,0.0,
2556,gray,word,319,314,ADJ,0.0,0.0,0.075,0.013,0.884,0.0,0.028,0.0,0.0,0.0,0.0,0.0,0.0,0.0,0.0,0.0,0.0,grays grayness grayest
2483,lovely,word,313,313,ADJ,0.0,0.0,0.0,0.0,0.997,0.003,0.0,0.0,0.0,0.0,0.0,0.0,0.0,0.0,0.0,0.0,0.0,
2643,hopeful,word,312,311,ADJ,0.0,0.0,0.0,0.003,0.984,0.003,0.01,0.0,0.0,0.0,0.0,0.0,0.0,0.0,0.0,0.0,0.0,hopefully
2534,sharp,word,309,286,ADJ,0.0,0.0,0.006,0.016,0.939,0.039,0.0,0.0,0.0,0.0,0.0,0.0,0.0,0.0,0.0,0.0,0.0,sharply sharper sharpening
2524,dim,word,307,259,ADJ,0.0,0.0,0.101,0.111,0.629,0.147,0.013,0.0,0.0,0.0,0.0,0.0,0.0,0.0,0.0,0.0,0.0,dimly dimensions dims
2594,smart,word,300,225,ADJ,0.0,0.0,0.007,0.0,0.97,0.023,0.0,0.0,0.0,0.0,0.0,0.0,0.0,0.0,0.0,0.0,0.0,smarter smartest smartly
906,slow,word,296,202,ADJ,0.0,0.0,0.01,0.395,0.584,0.007,0.003,0.0,0.0,0.0,0.0,0.0,0.0,0.0,0.0,0.0,0.0,slowed slower slowing
2897,rich,word,295,219,ADJ,0.0,0.0,0.0,0.0,1.0,0.0,0.0,0.0,0.0,0.0,0.0,0.0,0.0,0.0,0.0,0.0,0.0,richer
2597,rainy,word,286,286,ADJ,0.0,0.0,0.0,0.0,0.993,0.0,0.007,0.0,0.0,0.0,0.0,0.0,0.0,0.0,0.0,0.0,0.0,
2631,nice,word,283,268,ADJ,0.0,0.0,0.0,0.0,0.961,0.039,0.0,0.0,0.0,0.0,0.0,0.0,0.0,0.0,0.0,0.0,0.0,nicely nicer
2854,odd,word,282,233,ADJ,0.0,0.0,0.082,0.0,0.819,0.096,0.004,0.0,0.0,0.0,0.0,0.0,0.0,0.0,0.0,0.0,0.0,oddly odds oddest
2645,hungry,word,279,279,ADJ,0.0,0.0,0.0,0.0,1.0,0.0,0.0,0.0,0.0,0.0,0.0,0.0,0.0,0.0,0.0,0.0,0.0,
1983,pet,word,275,148,ADJ,0.0,0.0,0.411,0.051,0.538,0.0,0.0,0.0,0.0,0.0,0.0,0.0,0.0,0.0,0.0,0.0,0.0,petal pets petted
2717,sorry,word,266,266,ADJ,0.0,0.0,0.0,0.0,0.959,0.0,0.0,0.0,0.0,0.0,0.0,0.0,0.0,0.0,0.0,0.041,0.0,
2749,easy,word,259,259,ADJ,0.012,0.012,0.0,0.0,0.973,0.012,0.015,0.0,0.0,0.0,0.0,0.0,0.0,0.0,0.0,0.0,0.0,
2825,hot,word,257,227,ADJ,0.0,0.0,0.105,0.0,0.887,0.008,0.0,0.0,0.0,0.0,0.0,0.0,0.0,0.0,0.0,0.0,0.0,hotel hotter
2656,rusty,word,255,255,ADJ,0.102,0.102,0.0,0.0,0.851,0.0,0.149,0.0,0.0,0.0,0.0,0.0,0.0,0.0,0.0,0.0,0.0,
2803,smooth,word,248,191,ADJ,0.0,0.0,0.044,0.081,0.665,0.21,0.0,0.0,0.0,0.0,0.0,0.0,0.0,0.0,0.0,0.0,0.0,smoothly smoothie smoothest
2658,virtual,word,244,244,ADJ,0.0,0.0,0.0,0.0,1.0,0.0,0.0,0.0,0.0,0.0,0.0,0.0,0.0,0.0,0.0,0.0,0.0,
2815,second,word,243,215,ADJ,0.0,0.0,0.226,0.0,0.757,0.016,0.0,0.0,0.0,0.0,0.0,0.0,0.0,0.0,0.0,0.0,0.0,seconds
2920,unique,word,237,216,ADJ,0.0,0.0,0.084,0.0,0.89,0.0,0.025,0.0,0.0,0.0,0.0,0.0,0.0,0.0,0.0,0.0,0.0,uniqueness
3074,tough,word,235,212,ADJ,0.0,0.0,0.0,0.0,0.996,0.004,0.0,0.0,0.0,0.0,0.0,0.0,0.0,0.0,0.0,0.0,0.0,toughest tougher
2801,yellow,word,234,177,ADJ,0.0,0.0,0.103,0.201,0.697,0.0,0.0,0.0,0.0,0.0,0.0,0.0,0.0,0.0,0.0,0.0,0.0,yellowed yellows
2757,darkest,word,230,230,ADJ,0.0,0.0,0.022,0.0,0.978,0.0,0.0,0.0,0.0,0.0,0.0,0.0,0.0,0.0,0.0,0.0,0.0,
2882,steep,word,229,219,ADJ,0.0,0.0,0.009,0.009,0.969,0.009,0.004,0.0,0.0,0.0,0.0,0.0,0.0,0.0,0.0,0.0,0.0,steeper steeped steeply
2973,faraway,word,221,221,ADJ,0.0,0.0,0.0,0.0,0.946,0.0,0.054,0.0,0.0,0.0,0.0,0.0,0.0,0.0,0.0,0.0,0.0,
2980,wooden,word,219,219,ADJ,0.0,0.0,0.0,0.0,1.0,0.0,0.0,0.0,0.0,0.0,0.0,0.0,0.0,0.0,0.0,0.0,0.0,
3045,underground,word,216,216,ADJ,0.0,0.0,0.102,0.0,0.782,0.097,0.019,0.0,0.0,0.0,0.0,0.0,0.0,0.0,0.0,0.0,0.0,
3127,serious,word,216,198,ADJ,0.02,0.02,0.009,0.0,0.898,0.074,0.019,0.0,0.0,0.0,0.0,0.0,0.0,0.0,0.0,0.0,0.0,seriously seriousness
2943,such,word,214,214,ADJ,0.0,0.0,0.0,0.0,0.519,0.0,0.0,0.0,0.481,0.0,0.0,0.0,0.0,0.0,0.0,0.0,0.0,
3102,round,word,212,201,ADJ,0.0,0.0,0.231,0.019,0.717,0.024,0.009,0.0,0.0,0.0,0.0,0.0,0.0,0.0,0.0,0.0,0.0,rounds rounded roundest
2812,endless,word,211,191,ADJ,0.011,0.011,0.0,0.0,0.886,0.095,0.019,0.0,0.0,0.0,0.0,0.0,0.0,0.0,0.0,0.0,0.0,endlessly
2983,familiar,word,209,205,ADJ,0.0,0.0,0.019,0.0,0.981,0.0,0.0,0.0,0.0,0.0,0.0,0.0,0.0,0.0,0.0,0.0,0.0,familiarity
2771,bold,word,205,120,ADJ,0.0,0.0,0.054,0.005,0.59,0.341,0.01,0.0,0.0,0.0,0.0,0.0,0.0,0.0,0.0,0.0,0.0,boldly bolder boldness
3022,steady,word,204,201,ADJ,0.0,0.0,0.0,0.025,0.975,0.0,0.0,0.0,0.0,0.0,0.0,0.0,0.0,0.0,0.0,0.0,0.0,steadying
2387,ant,word,201,198,ADJ,0.0,0.0,0.498,0.0,0.498,0.005,0.0,0.0,0.0,0.0,0.0,0.0,0.0,0.0,0.0,0.0,0.0,antennae antlers
3071,purple,word,201,197,ADJ,0.0,0.0,0.423,0.015,0.557,0.0,0.005,0.0,0.0,0.0,0.0,0.0,0.0,0.0,0.0,0.0,0.0,purples
3018,firm,word,194,143,ADJ,0.0,0.0,0.155,0.0,0.582,0.263,0.0,0.0,0.0,0.0,0.0,0.0,0.0,0.0,0.0,0.0,0.0,firmly
3253,short,word,194,160,ADJ,0.0,0.0,0.088,0.0,0.83,0.082,0.0,0.0,0.0,0.0,0.0,0.0,0.0,0.0,0.0,0.0,0.0,shorter shortcut shorts
3117,dangerous,word,193,183,ADJ,0.0,0.0,0.0,0.0,0.948,0.052,0.0,0.0,0.0,0.0,0.0,0.0,0.0,0.0,0.0,0.0,0.0,dangerously
3155,confident,word,190,150,ADJ,0.0,0.0,0.0,0.0,0.789,0.211,0.0,0.0,0.0,0.0,0.0,0.0,0.0,0.0,0.0,0.0,0.0,confidently
3141,pretty,word,188,188,ADJ,0.0,0.0,0.0,0.0,0.899,0.101,0.0,0.0,0.0,0.0,0.0,0.0,0.0,0.0,0.0,0.0,0.0,
3186,valuable,word,188,188,ADJ,0.0,0.0,0.0,0.0,1.0,0.0,0.0,0.0,0.0,0.0,0.0,0.0,0.0,0.0,0.0,0.0,0.0,
3244,acorn,word,184,115,ADJ,0.035,0.035,0.429,0.054,0.489,0.0,0.027,0.0,0.0,0.0,0.0,0.0,0.0,0.0,0.0,0.0,0.0,acorns
3214,narrow,word,182,143,ADJ,0.0,0.0,0.0,0.198,0.791,0.011,0.0,0.0,0.0,0.0,0.0,0.0,0.0,0.0,0.0,0.0,0.0,narrowed narrowing narrowly
3240,dull,word,177,162,ADJ,0.0,0.0,0.017,0.056,0.927,0.0,0.0,0.0,0.0,0.0,0.0,0.0,0.0,0.0,0.0,0.0,0.0,dulled dullness dullest
3281,darker,word,177,177,ADJ,0.0,0.0,0.006,0.006,0.921,0.011,0.056,0.0,0.0,0.0,0.0,0.0,0.0,0.0,0.0,0.0,0.0,
3202,happier,word,175,175,ADJ,0.0,0.0,0.0,0.0,1.0,0.0,0.0,0.0,0.0,0.0,0.0,0.0,0.0,0.0,0.0,0.0,0.0,
3088,older,word,173,173,ADJ,0.0,0.0,0.0,0.0,1.0,0.0,0.0,0.0,0.0,0.0,0.0,0.0,0.0,0.0,0.0,0.0,0.0,
3351,faint,word,172,122,ADJ,0.0,0.0,0.029,0.012,0.698,0.25,0.012,0.0,0.0,0.0,0.0,0.0,0.0,0.0,0.0,0.0,0.0,faintly fainter faintest
3348,famous,word,168,168,ADJ,0.0,0.0,0.0,0.0,1.0,0.0,0.0,0.0,0.0,0.0,0.0,0.0,0.0,0.0,0.0,0.0,0.0,
3628,rare,word,168,144,ADJ,0.0,0.0,0.0,0.0,0.923,0.077,0.0,0.0,0.0,0.0,0.0,0.0,0.0,0.0,0.0,0.0,0.0,rarely rarest
3276,possible,word,167,167,ADJ,0.0,0.0,0.0,0.0,1.0,0.0,0.0,0.0,0.0,0.0,0.0,0.0,0.0,0.0,0.0,0.0,0.0,
3285,wet,word,166,158,ADJ,0.0,0.0,0.127,0.012,0.861,0.0,0.0,0.0,0.0,0.0,0.0,0.0,0.0,0.0,0.0,0.0,0.0,wetter
3147,underwater,word,165,165,ADJ,0.032,0.038,0.158,0.0,0.806,0.0,0.036,0.0,0.0,0.0,0.0,0.0,0.0,0.0,0.0,0.0,0.0,
3262,black,word,162,144,ADJ,0.042,0.042,0.123,0.006,0.79,0.0,0.08,0.0,0.0,0.0,0.0,0.0,0.0,0.0,0.0,0.0,0.0,blackness blacksmith blackboard
3971,anti,word,162,105,ADJ,0.0,0.0,0.333,0.012,0.654,0.0,0.0,0.0,0.0,0.0,0.0,0.0,0.0,0.0,0.0,0.0,0.0,anticipation antics antique
3207,exciting,word,161,161,ADJ,0.0,0.007,0.0,0.0,1.0,0.0,0.0,0.0,0.0,0.0,0.0,0.0,0.0,0.0,0.0,0.0,0.0,
3391,surprising,word,159,122,ADJ,0.0,0.0,0.0,0.264,0.503,0.233,0.0,0.0,0.0,0.0,0.0,0.0,0.0,0.0,0.0,0.0,0.0,surprisingly
3453,tallest,word,158,158,ADJ,0.0,0.0,0.0,0.0,1.0,0.0,0.0,0.0,0.0,0.0,0.0,0.0,0.0,0.0,0.0,0.0,0.0,
3654,peaceful,word,153,138,ADJ,0.0,0.008,0.0,0.0,0.895,0.098,0.007,0.0,0.0,0.0,0.0,0.0,0.0,0.0,0.0,0.0,0.0,peacefully
3324,bustling,word,152,152,ADJ,0.0,0.0,0.0,0.079,0.921,0.0,0.0,0.0,0.0,0.0,0.0,0.0,0.0,0.0,0.0,0.0,0.0,
3546,lively,word,149,149,ADJ,0.0,0.0,0.0,0.0,0.946,0.013,0.04,0.0,0.0,0.0,0.0,0.0,0.0,0.0,0.0,0.0,0.0,
3414,taller,word,148,148,ADJ,0.0,0.0,0.0,0.0,1.0,0.0,0.0,0.0,0.0,0.0,0.0,0.0,0.0,0.0,0.0,0.0,0.0,
3275,younger,word,147,147,ADJ,0.0,0.0,0.0,0.0,1.0,0.0,0.0,0.0,0.0,0.0,0.0,0.0,0.0,0.0,0.0,0.0,0.0,
3561,grumpy,word,144,144,ADJ,0.0,0.0,0.0,0.0,0.993,0.0,0.007,0.0,0.0,0.0,0.0,0.0,0.0,0.0,0.0,0.0,0.0,
435,sudden,word,143,143,ADJ,0.0,0.0,0.0,0.0,1.0,0.0,0.0,0.0,0.0,0.0,0.0,0.0,0.0,0.0,0.0,0.0,0.0,
3534,hollow,word,142,140,ADJ,0.142,0.142,0.099,0.007,0.754,0.007,0.134,0.0,0.0,0.0,0.0,0.0,0.0,0.0,0.0,0.0,0.0,hollowly hollowed
3554,uneasy,word,141,141,ADJ,0.0,0.0,0.0,0.0,1.0,0.0,0.0,0.0,0.0,0.0,0.0,0.0,0.0,0.0,0.0,0.0,0.0,
1776,blank,word,140,136,ADJ,0.0,0.0,0.007,0.007,0.964,0.021,0.0,0.0,0.0,0.0,0.0,0.0,0.0,0.0,0.0,0.0,0.0,blankly blanked
3484,precious,word,140,140,ADJ,0.0,0.0,0.0,0.0,1.0,0.0,0.0,0.0,0.0,0.0,0.0,0.0,0.0,0.0,0.0,0.0,0.0,
3813,dry,word,139,134,ADJ,0.0,0.0,0.014,0.122,0.863,0.0,0.0,0.0,0.0,0.0,0.0,0.0,0.0,0.0,0.0,0.0,0.0,drying dryer
3466,stormy,word,138,138,ADJ,0.03,0.03,0.0,0.0,0.949,0.0,0.051,0.0,0.0,0.0,0.0,0.0,0.0,0.0,0.0,0.0,0.0,
3407,delicious,word,137,137,ADJ,0.007,0.007,0.0,0.0,0.934,0.0,0.066,0.0,0.0,0.0,0.0,0.0,0.0,0.0,0.0,0.0,0.0,
3457,rough,word,137,133,ADJ,0.0,0.0,0.022,0.0,0.978,0.0,0.0,0.0,0.0,0.0,0.0,0.0,0.0,0.0,0.0,0.0,0.0,roughness roughest rougher
3704,foolish,word,137,120,ADJ,0.0,0.0,0.08,0.0,0.876,0.044,0.0,0.0,0.0,0.0,0.0,0.0,0.0,0.0,0.0,0.0,0.0,foolishness foolishly
3612,responsible,word,136,136,ADJ,0.0,0.0,0.0,0.0,1.0,0.0,0.0,0.0,0.0,0.0,0.0,0.0,0.0,0.0,0.0,0.0,0.0,
3480,tricky,word,135,135,ADJ,0.0,0.0,0.0,0.0,1.0,0.0,0.0,0.0,0.0,0.0,0.0,0.0,0.0,0.0,0.0,0.0,0.0,
3649,smaller,word,135,135,ADJ,0.0,0.0,0.0,0.0,1.0,0.0,0.0,0.0,0.0,0.0,0.0,0.0,0.0,0.0,0.0,0.0,0.0,
3570,ordinary,word,134,134,ADJ,0.0,0.0,0.0,0.0,1.0,0.0,0.0,0.0,0.0,0.0,0.0,0.0,0.0,0.0,0.0,0.0,0.0,
3695,royal,word,134,130,ADJ,0.015,0.015,0.067,0.0,0.896,0.0,0.037,0.0,0.0,0.0,0.0,0.0,0.0,0.0,0.0,0.0,0.0,royalty
3725,larger,word,134,134,ADJ,0.0,0.0,0.0,0.0,1.0,0.0,0.0,0.0,0.0,0.0,0.0,0.0,0.0,0.0,0.0,0.0,0.0,
3386,rocky,word,132,132,ADJ,0.0,0.0,0.0,0.0,0.962,0.0,0.038,0.0,0.0,0.0,0.0,0.0,0.0,0.0,0.0,0.0,0.0,
3616,greater,word,132,132,ADJ,0.0,0.0,0.0,0.0,1.0,0.0,0.0,0.0,0.0,0.0,0.0,0.0,0.0,0.0,0.0,0.0,0.0,
3824,mighty,word,132,132,ADJ,0.042,0.042,0.0,0.0,0.955,0.0,0.045,0.0,0.0,0.0,0.0,0.0,0.0,0.0,0.0,0.0,0.0,
3555,frustrated,word,131,131,ADJ,0.2,0.22,0.0,0.183,0.588,0.0,0.229,0.0,0.0,0.0,0.0,0.0,0.0,0.0,0.0,0.0,0.0,
3723,pure,word,131,129,ADJ,0.0,0.0,0.008,0.0,0.992,0.0,0.0,0.0,0.0,0.0,0.0,0.0,0.0,0.0,0.0,0.0,0.0,purest
3594,unseen,word,128,128,ADJ,0.033,0.033,0.016,0.0,0.953,0.0,0.031,0.0,0.0,0.0,0.0,0.0,0.0,0.0,0.0,0.0,0.0,
3617,starry,word,128,127,ADJ,0.108,0.108,0.0,0.0,0.867,0.0,0.133,0.0,0.0,0.0,0.0,0.0,0.0,0.0,0.0,0.0,0.0,starryvale
3710,jealous,word,126,67,ADJ,0.0,0.0,0.421,0.0,0.548,0.0,0.032,0.0,0.0,0.0,0.0,0.0,0.0,0.0,0.0,0.0,0.0,jealousy
3739,unaware,word,126,126,ADJ,0.0,0.0,0.0,0.0,1.0,0.0,0.0,0.0,0.0,0.0,0.0,0.0,0.0,0.0,0.0,0.0,0.0,
3505,frozen,word,125,125,ADJ,0.0,0.008,0.0,0.272,0.728,0.0,0.0,0.0,0.0,0.0,0.0,0.0,0.0,0.0,0.0,0.0,0.0,
3586,brightest,word,124,124,ADJ,0.0,0.0,0.0,0.0,0.927,0.073,0.0,0.0,0.0,0.0,0.0,0.0,0.0,0.0,0.0,0.0,0.0,
3716,shadowy,word,124,124,ADJ,0.0,0.0,0.016,0.0,0.968,0.0,0.016,0.0,0.0,0.0,0.0,0.0,0.0,0.0,0.0,0.0,0.0,
3535,sly,word,123,110,ADJ,0.0,0.0,0.0,0.0,0.797,0.203,0.0,0.0,0.0,0.0,0.0,0.0,0.0,0.0,0.0,0.0,0.0,slyly slyest
3815,lucky,word,123,123,ADJ,0.105,0.123,0.0,0.0,0.854,0.0,0.146,0.0,0.0,0.0,0.0,0.0,0.0,0.0,0.0,0.0,0.0,
3777,sick,word,121,116,ADJ,0.0,0.0,0.066,0.008,0.926,0.0,0.0,0.0,0.0,0.0,0.0,0.0,0.0,0.0,0.0,0.0,0.0,sickness sickening
3934,asleep,word,121,121,ADJ,0.0,0.0,0.0,0.0,0.992,0.008,0.0,0.0,0.0,0.0,0.0,0.0,0.0,0.0,0.0,0.0,0.0,
3799,single,word,119,119,ADJ,0.0,0.0,0.0,0.0,1.0,0.0,0.0,0.0,0.0,0.0,0.0,0.0,0.0,0.0,0.0,0.0,0.0,
3846,messy,word,117,117,ADJ,0.0,0.0,0.034,0.0,0.949,0.0,0.017,0.0,0.0,0.0,0.0,0.0,0.0,0.0,0.0,0.0,0.0,
3949,visible,word,116,116,ADJ,0.0,0.0,0.0,0.009,0.991,0.0,0.0,0.0,0.0,0.0,0.0,0.0,0.0,0.0,0.0,0.0,0.0,
3870,incredible,word,114,114,ADJ,0.0,0.0,0.0,0.0,1.0,0.0,0.0,0.0,0.0,0.0,0.0,0.0,0.0,0.0,0.0,0.0,0.0,
3882,shaky,word,111,111,ADJ,0.0,0.0,0.18,0.027,0.793,0.0,0.0,0.0,0.0,0.0,0.0,0.0,0.0,0.0,0.0,0.0,0.0,
3940,sandy,word,111,111,ADJ,0.055,0.055,0.018,0.0,0.784,0.0,0.198,0.0,0.0,0.0,0.0,0.0,0.0,0.0,0.0,0.0,0.0,
3960,ghostly,word,108,108,ADJ,0.0,0.0,0.0,0.0,0.963,0.028,0.009,0.0,0.0,0.0,0.0,0.0,0.0,0.0,0.0,0.0,0.0,
3967,tasty,word,108,108,ADJ,0.0,0.0,0.009,0.0,0.991,0.0,0.0,0.0,0.0,0.0,0.0,0.0,0.0,0.0,0.0,0.0,0.0,
3997,anxious,word,108,68,ADJ,0.0,0.0,0.0,0.0,0.63,0.37,0.0,0.0,0.0,0.0,0.0,0.0,0.0,0.0,0.0,0.0,0.0,anxiously
2388,creep,word,107,90,ADJ,0.0,0.0,0.028,0.383,0.551,0.037,0.0,0.0,0.0,0.0,0.0,0.0,0.0,0.0,0.0,0.0,0.0,creepy creeps
3852,smallest,word,103,103,ADJ,0.0,0.0,0.0,0.0,1.0,0.0,0.0,0.0,0.0,0.0,0.0,0.0,0.0,0.0,0.0,0.0,0.0,
3874,lush,word,102,102,ADJ,0.0,0.0,0.0,0.0,0.98,0.0,0.02,0.0,0.0,0.0,0.0,0.0,0.0,0.0,0.0,0.0,0.0,
3927,pale,word,101,86,ADJ,0.0,0.0,0.129,0.01,0.802,0.0,0.059,0.0,0.0,0.0,0.0,0.0,0.0,0.0,0.0,0.0,0.0,palette paled paleontologist
3961,strongest,word,101,101,ADJ,0.0,0.0,0.0,0.0,1.0,0.0,0.0,0.0,0.0,0.0,0.0,0.0,0.0,0.0,0.0,0.0,0.0,
3850,chilly,word,100,100,ADJ,0.0,0.0,0.0,0.0,1.0,0.0,0.0,0.0,0.0,0.0,0.0,0.0,0.0,0.0,0.0,0.0,0.0,
3851,fragile,word,98,98,ADJ,0.0,0.0,0.0,0.0,1.0,0.0,0.0,0.0,0.0,0.0,0.0,0.0,0.0,0.0,0.0,0.0,0.0,
3036,swift,word,97,97,ADJ,0.0,0.0,0.01,0.0,0.99,0.0,0.0,0.0,0.0,0.0,0.0,0.0,0.0,0.0,0.0,0.0,0.0,
3974,damp,word,96,95,ADJ,0.0,0.0,0.021,0.01,0.948,0.0,0.021,0.0,0.0,0.0,0.0,0.0,0.0,0.0,0.0,0.0,0.0,dampness
3936,evil,word,90,89,ADJ,0.0,0.012,0.244,0.0,0.756,0.0,0.0,0.0,0.0,0.0,0.0,0.0,0.0,0.0,0.0,0.0,0.0,evils
3181,timid,word,72,72,ADJ,0.0,0.0,0.0,0.0,0.806,0.0,0.194,0.0,0.0,0.0,0.0,0.0,0.0,0.0,0.0,0.0,0.0,
2344,iron,word,40,26,ADJ,0.381,0.381,0.325,0.0,0.35,0.0,0.325,0.0,0.0,0.0,0.0,0.0,0.0,0.0,0.0,0.0,0.0,ironic
115,of,word,69609,69609,ADP,0.0,0.0,0.0,0.0,0.0,0.004,0.0,0.0,0.0,0.996,0.0,0.0,0.0,0.0,0.0,0.0,0.0,
108,in,word,63086,62774,ADP,0.0,0.052,0.003,0.001,0.001,0.011,0.0,0.0,0.0,0.984,0.0,0.0,0.0,0.0,0.0,0.0,0.0,ingredients ink information
130,with,word,50593,50564,ADP,0.0,0.106,0.0,0.0,0.0,0.0,0.0,0.0,0.0,0.999,0.0,0.0,0.0,0.0,0.0,0.0,0.0,withered withstand wither
140,as,word,34394,34184,ADP,0.0,0.345,0.002,0.002,0.001,0.024,0.0,0.0,0.0,0.971,0.0,0.0,0.0,0.0,0.0,0.0,0.0,ashamed ashes ashore
158,for,word,23029,22951,ADP,0.0,0.001,0.002,0.001,0.0,0.0,0.0,0.0,0.0,0.997,0.0,0.0,0.0,0.0,0.0,0.0,0.0,fork foreign forehead
139,on,word,19113,19019,ADP,0.0,0.032,0.002,0.0,0.001,0.068,0.001,0.0,0.0,0.929,0.0,0.0,0.0,0.0,0.0,0.0,0.0,online onion onboard
222,at,word,15360,15265,ADP,0.0,0.083,0.003,0.0,0.0,0.009,0.001,0.0,0.0,0.986,0.0,0.0,0.0,0.0,0.0,0.0,0.0,atmosphere atlantis atop
240,like,word,14777,14734,ADP,0.0,0.0,0.0,0.039,0.002,0.0,0.0,0.0,0.0,0.954,0.0,0.0,0.0,0.0,0.0,0.005,0.0,likes likely
298,about,word,12072,12072,ADP,0.0,0.0,0.0,0.0,0.021,0.004,0.0,0.0,0.0,0.975,0.0,0.0,0.0,0.0,0.0,0.0,0.0,
301,from,word,11736,11736,ADP,0.0,0.075,0.0,0.0,0.0,0.0,0.0,0.0,0.0,1.0,0.0,0.0,0.0,0.0,0.0,0.0,0.0,
305,into,word,11397,11389,ADP,0.0,0.0,0.0,0.001,0.0,0.0,0.0,0.0,0.0,0.999,0.0,0.0,0.0,0.0,0.0,0.0,0.0,intoxicating
295,up,word,10521,10293,ADP,0.0,0.003,0.005,0.002,0.01,0.052,0.001,0.0,0.0,0.93,0.0,0.0,0.0,0.0,0.0,0.0,0.0,upset upside ups
364,through,word,8591,8571,ADP,0.0,0.007,0.0,0.0,0.0,0.03,0.0,0.0,0.0,0.97,0.0,0.0,0.0,0.0,0.0,0.0,0.0,throughout
378,around,word,8374,8374,ADP,0.0,0.001,0.0,0.0,0.0,0.285,0.0,0.0,0.0,0.715,0.0,0.0,0.0,0.0,0.0,0.0,0.0,
324,out,word,7847,7738,ADP,0.0,0.005,0.01,0.003,0.001,0.113,0.0,0.0,0.0,0.873,0.0,0.0,0.0,0.0,0.0,0.0,0.0,outfit outcome outcast
410,by,word,7787,7769,ADP,0.0,0.014,0.0,0.0,0.0,0.04,0.002,0.0,0.0,0.958,0.0,0.0,0.0,0.0,0.0,0.0,0.0,byte bygone bye
526,down,word,5498,5432,ADP,0.0,0.003,0.008,0.001,0.001,0.191,0.0,0.0,0.0,0.8,0.0,0.0,0.0,0.0,0.0,0.0,0.0,downfall downs downstairs
540,over,word,5127,4752,ADP,0.0,0.006,0.002,0.034,0.019,0.096,0.001,0.0,0.0,0.849,0.0,0.0,0.0,0.0,0.0,0.0,0.0,overhead overheard overjoyed
394,under,word,4189,3995,ADP,0.0,0.021,0.015,0.004,0.006,0.007,0.001,0.0,0.0,0.967,0.0,0.0,0.0,0.0,0.0,0.0,0.0,underneath underfoot undercover
594,after,word,4090,4066,ADP,0.0,0.683,0.001,0.0,0.0,0.052,0.0,0.0,0.0,0.947,0.0,0.0,0.0,0.0,0.0,0.0,0.0,afterward aftertaste aftermath
471,than,word,3554,3554,ADP,0.0,0.0,0.0,0.0,0.0,0.0,0.0,0.0,0.0,1.0,0.0,0.0,0.0,0.0,0.0,0.0,0.0,
734,off,word,2766,2569,ADP,0.0,0.002,0.034,0.048,0.0,0.055,0.0,0.0,0.0,0.863,0.0,0.0,0.0,0.0,0.0,0.0,0.0,offering offer office
825,behind,word,2751,2751,ADP,0.0,0.002,0.0,0.0,0.0,0.25,0.0,0.0,0.0,0.75,0.0,0.0,0.0,0.0,0.0,0.0,0.0,
880,above,word,2517,2517,ADP,0.0,0.002,0.0,0.0,0.001,0.47,0.0,0.0,0.0,0.53,0.0,0.0,0.0,0.0,0.0,0.0,0.0,
867,before,word,2495,2495,ADP,0.0,0.058,0.0,0.0,0.0,0.382,0.0,0.0,0.0,0.618,0.0,0.0,0.0,0.0,0.0,0.0,0.0,
1131,among,word,1651,1651,ADP,0.0,0.029,0.0,0.0,0.0,0.0,0.0,0.0,0.0,1.0,0.0,0.0,0.0,0.0,0.0,0.0,0.0,
1151,without,word,1561,1561,ADP,0.0,0.11,0.0,0.0,0.0,0.0,0.0,0.0,0.0,1.0,0.0,0.0,0.0,0.0,0.0,0.0,0.0,
1227,beneath,word,1472,1472,ADP,0.0,0.008,0.001,0.001,0.001,0.024,0.0,0.0,0.0,0.972,0.0,0.0,0.0,0.0,0.0,0.0,0.0,
872,near,word,1465,1357,ADP,0.0,0.005,0.001,0.051,0.096,0.066,0.0,0.0,0.0,0.786,0.0,0.0,0.0,0.0,0.0,0.0,0.0,neared nearly nearer
1199,across,word,1450,1450,ADP,0.0,0.013,0.0,0.0,0.0,0.014,0.0,0.0,0.0,0.986,0.0,0.0,0.0,0.0,0.0,0.0,0.0,
1271,within,word,1323,1323,ADP,0.0,0.003,0.0,0.0,0.0,0.04,0.0,0.0,0.0,0.96,0.0,0.0,0.0,0.0,0.0,0.0,0.0,
1313,along,word,1275,1224,ADP,0.0,0.024,0.0,0.0,0.0,0.125,0.0,0.0,0.0,0.875,0.0,0.0,0.0,0.0,0.0,0.0,0.0,alongside
1337,against,word,1244,1244,ADP,0.0,0.001,0.0,0.0,0.0,0.0,0.0,0.0,0.0,1.0,0.0,0.0,0.0,0.0,0.0,0.0,0.0,
1196,toward,word,1045,1045,ADP,0.0,0.0,0.0,0.0,0.0,0.0,0.0,0.0,0.0,1.0,0.0,0.0,0.0,0.0,0.0,0.0,0.0,
1513,beside,word,909,908,ADP,0.0,0.001,0.0,0.0,0.0,0.003,0.0,0.0,0.0,0.997,0.0,0.0,0.0,0.0,0.0,0.0,0.0,besides
1560,between,word,877,877,ADP,0.0,0.0,0.0,0.0,0.0,0.0,0.0,0.0,0.0,1.0,0.0,0.0,0.0,0.0,0.0,0.0,0.0,
1696,until,word,764,764,ADP,0.0,0.001,0.0,0.0,0.0,0.0,0.0,0.0,0.0,1.0,0.0,0.0,0.0,0.0,0.0,0.0,0.0,
1768,onto,word,675,675,ADP,0.0,0.0,0.0,0.0,0.0,0.0,0.0,0.0,0.0,1.0,0.0,0.0,0.0,0.0,0.0,0.0,0.0,
1965,beyond,word,564,564,ADP,0.002,0.004,0.002,0.0,0.0,0.012,0.002,0.0,0.0,0.984,0.0,0.0,0.0,0.0,0.0,0.0,0.0,
2181,towards,word,416,416,ADP,0.0,0.0,0.0,0.0,0.0,0.0,0.0,0.0,0.0,1.0,0.0,0.0,0.0,0.0,0.0,0.0,0.0,
2326,during,word,354,354,ADP,0.0,0.253,0.0,0.0,0.0,0.0,0.0,0.0,0.0,1.0,0.0,0.0,0.0,0.0,0.0,0.0,0.0,
3064,amidst,word,192,192,ADP,0.0,0.069,0.0,0.0,0.0,0.0,0.0,0.0,0.0,1.0,0.0,0.0,0.0,0.0,0.0,0.0,0.0,
3403,unlike,word,169,153,ADP,0.0,0.0,0.012,0.0,0.083,0.0,0.0,0.0,0.0,0.905,0.0,0.0,0.0,0.0,0.0,0.0,0.0,unlikely unlikeliest
2579,amid,word,106,106,ADP,0.0,0.263,0.0,0.0,0.0,0.0,0.0,0.0,0.0,1.0,0.0,0.0,0.0,0.0,0.0,0.0,0.0,
245,together,word,14435,14376,ADV,0.0,0.062,0.004,0.0,0.0,0.995,0.0,0.0,0.0,0.001,0.0,0.0,0.0,0.0,0.0,0.0,0.0,togetherness
299,just,word,11963,11932,ADV,0.0,0.066,0.003,0.0,0.001,0.996,0.0,0.0,0.0,0.0,0.0,0.0,0.0,0.0,0.0,0.0,0.0,justice justify
314,back,word,10294,10005,ADV,0.0,0.019,0.046,0.01,0.003,0.873,0.0,0.0,0.0,0.068,0.0,0.0,0.0,0.0,0.0,0.0,0.0,backward backdrop backs
424,inside,word,7484,7484,ADV,0.0,0.115,0.001,0.0,0.007,0.752,0.0,0.0,0.0,0.24,0.0,0.0,0.0,0.0,0.0,0.0,0.0,
443,suddenly,word,6946,6946,ADV,0.0,0.784,0.0,0.0,0.0,1.0,0.0,0.0,0.0,0.0,0.0,0.0,0.0,0.0,0.0,0.0,0.0,
488,then,word,6106,6106,ADV,0.0,0.138,0.0,0.0,0.0,1.0,0.0,0.0,0.0,0.0,0.0,0.0,0.0,0.0,0.0,0.0,0.0,
515,there,word,5835,5834,ADV,0.0,0.013,0.0,0.0,0.0,0.537,0.0,0.463,0.0,0.0,0.0,0.0,0.0,0.0,0.0,0.0,0.0,thereof
527,home,word,5433,5369,ADV,0.002,0.002,0.466,0.0,0.002,0.529,0.003,0.0,0.0,0.0,0.0,0.0,0.0,0.0,0.0,0.0,0.0,homework homemade homeless
538,away,word,5298,5298,ADV,0.0,0.0,0.0,0.0,0.0,0.945,0.0,0.0,0.0,0.055,0.0,0.0,0.0,0.0,0.0,0.0,0.0,
535,now,word,5146,5146,ADV,0.0,0.064,0.0,0.0,0.0,1.0,0.0,0.0,0.0,0.0,0.0,0.0,0.0,0.0,0.0,0.0,0.0,
469,again,word,5142,5142,ADV,0.0,0.0,0.0,0.0,0.0,1.0,0.0,0.0,0.0,0.0,0.0,0.0,0.0,0.0,0.0,0.0,0.0,
499,even,word,4688,4688,ADV,0.0,0.003,0.0,0.0,0.001,0.999,0.0,0.0,0.0,0.0,0.0,0.0,0.0,0.0,0.0,0.0,0.0,
622,always,word,4139,4139,ADV,0.0,0.0,0.0,0.0,0.0,1.0,0.0,0.0,0.0,0.0,0.0,0.0,0.0,0.0,0.0,0.0,0.0,
217,so,word,4040,3825,ADV,0.0,0.033,0.013,0.031,0.007,0.929,0.002,0.0,0.0,0.0,0.0,0.0,0.003,0.015,0.0,0.0,0.0,soaked soothing soaking
328,too,word,3886,3877,ADV,0.0,0.0,0.002,0.0,0.001,0.998,0.0,0.0,0.0,0.0,0.0,0.0,0.0,0.0,0.0,0.0,0.0,tooth toothy toothpaste
660,alone,word,3814,3814,ADV,0.0,0.0,0.0,0.0,0.319,0.68,0.0,0.0,0.0,0.0,0.0,0.0,0.0,0.0,0.0,0.0,0.0,
682,soon,word,3678,3672,ADV,0.0,0.136,0.0,0.0,0.0,1.0,0.0,0.0,0.0,0.0,0.0,0.0,0.0,0.0,0.0,0.0,0.0,sooner
663,hard,word,3314,3259,ADV,0.0,0.0,0.001,0.002,0.409,0.588,0.0,0.0,0.0,0.0,0.0,0.0,0.0,0.0,0.0,0.0,0.0,hardest hardened harden
758,only,word,3209,3209,ADV,0.0,0.001,0.0,0.0,0.104,0.896,0.0,0.0,0.0,0.0,0.0,0.0,0.0,0.0,0.0,0.0,0.0,
760,finally,word,3196,3196,ADV,0.0,0.573,0.0,0.0,0.0,1.0,0.0,0.0,0.0,0.0,0.0,0.0,0.0,0.0,0.0,0.0,0.0,
777,never,word,3083,3082,ADV,0.0,0.0,0.0,0.0,0.0,1.0,0.0,0.0,0.0,0.0,0.0,0.0,0.0,0.0,0.0,0.0,0.0,nevertheless
762,once,word,3068,3068,ADV,0.0,0.073,0.0,0.0,0.0,0.957,0.0,0.0,0.0,0.0,0.0,0.0,0.0,0.043,0.0,0.0,0.0,
845,still,word,2694,2613,ADV,0.0,0.003,0.031,0.0,0.001,0.968,0.0,0.0,0.0,0.0,0.0,0.0,0.0,0.0,0.0,0.0,0.0,stillness stilled
838,softly,word,2672,2672,ADV,0.0,0.0,0.0,0.0,0.0,1.0,0.0,0.0,0.0,0.0,0.0,0.0,0.0,0.0,0.0,0.0,0.0,
843,closer,word,2631,2631,ADV,0.0,0.0,0.0,0.0,0.293,0.707,0.0,0.0,0.0,0.0,0.0,0.0,0.0,0.0,0.0,0.0,0.0,
925,also,word,2514,2514,ADV,0.0,0.0,0.0,0.0,0.0,1.0,0.0,0.0,0.0,0.0,0.0,0.0,0.0,0.0,0.0,0.0,0.0,
898,here,word,2449,2449,ADV,0.0,0.005,0.0,0.0,0.0,1.0,0.0,0.0,0.0,0.0,0.0,0.0,0.0,0.0,0.0,0.0,0.0,
908,first,word,2438,2437,ADV,0.0,0.009,0.0,0.0,0.49,0.51,0.0,0.0,0.0,0.0,0.0,0.0,0.0,0.0,0.0,0.0,0.0,firsthand
933,outside,word,2368,2324,ADV,0.0,0.047,0.024,0.0,0.009,0.83,0.0,0.0,0.0,0.137,0.0,0.0,0.0,0.0,0.0,0.0,0.0,outsider outsiders
943,instead,word,2275,2275,ADV,0.0,0.123,0.0,0.0,0.0,1.0,0.0,0.0,0.0,0.0,0.0,0.0,0.0,0.0,0.0,0.0,0.0,
975,slowly,word,2144,2144,ADV,0.0,0.06,0.0,0.0,0.0,1.0,0.0,0.0,0.0,0.0,0.0,0.0,0.0,0.0,0.0,0.0,0.0,
968,yet,word,2132,2132,ADV,0.0,0.086,0.0,0.0,0.0,0.638,0.0,0.0,0.0,0.0,0.0,0.0,0.362,0.0,0.0,0.0,0.0,
977,maybe,word,2067,2067,ADV,0.0,0.008,0.0,0.0,0.0,1.0,0.0,0.0,0.0,0.0,0.0,0.0,0.0,0.0,0.0,0.0,0.0,
1047,sometimes,word,1889,1889,ADV,0.0,0.005,0.0,0.0,0.0,1.0,0.0,0.0,0.0,0.0,0.0,0.0,0.0,0.0,0.0,0.0,0.0,
1014,far,word,1731,1519,ADV,0.0,0.0,0.103,0.002,0.02,0.874,0.001,0.0,0.0,0.0,0.0,0.0,0.0,0.0,0.0,0.001,0.0,farmer farm farther
239,ever,word,1659,1649,ADV,0.0,0.0,0.001,0.001,0.002,0.994,0.002,0.0,0.0,0.0,0.0,0.0,0.0,0.0,0.0,0.0,0.0,everlasting everwood evergreen
1138,often,word,1641,1638,ADV,0.0,0.001,0.0,0.0,0.0,0.998,0.002,0.0,0.0,0.0,0.0,0.0,0.0,0.0,0.0,0.0,0.0,oftentimes
1150,deeper,word,1571,1571,ADV,0.008,0.008,0.001,0.0,0.187,0.804,0.008,0.0,0.0,0.0,0.0,0.0,0.0,0.0,0.0,0.0,0.0,
1207,quickly,word,1420,1420,ADV,0.0,0.025,0.0,0.0,0.0,1.0,0.0,0.0,0.0,0.0,0.0,0.0,0.0,0.0,0.0,0.0,0.0,
1242,brightly,word,1405,1405,ADV,0.0,0.001,0.0,0.0,0.0,1.0,0.0,0.0,0.0,0.0,0.0,0.0,0.0,0.0,0.0,0.0,0.0,
1220,forever,word,1395,1395,ADV,0.0,0.001,0.0,0.0,0.0,1.0,0.0,0.0,0.0,0.0,0.0,0.0,0.0,0.0,0.0,0.0,0.0,
1275,forward,word,1351,1351,ADV,0.0,0.0,0.0,0.0,0.0,1.0,0.0,0.0,0.0,0.0,0.0,0.0,0.0,0.0,0.0,0.0,0.0,
1288,gently,word,1338,1338,ADV,0.0,0.007,0.0,0.0,0.0,1.0,0.0,0.0,0.0,0.0,0.0,0.0,0.0,0.0,0.0,0.0,0.0,
1305,fast,word,1262,1168,ADV,0.003,0.003,0.0,0.002,0.276,0.72,0.002,0.0,0.0,0.0,0.0,0.0,0.0,0.0,0.0,0.0,0.0,fastest
1361,below,word,1143,1143,ADV,0.0,0.001,0.0,0.0,0.0,0.721,0.0,0.0,0.0,0.279,0.0,0.0,0.0,0.0,0.0,0.0,0.0,
1413,much,word,1075,1075,ADV,0.0,0.0,0.0,0.0,0.416,0.584,0.0,0.0,0.0,0.0,0.0,0.0,0.0,0.0,0.0,0.0,0.0,
1402,nearby,word,1047,1047,ADV,0.0,0.019,0.0,0.0,0.245,0.755,0.0,0.0,0.0,0.0,0.0,0.0,0.0,0.0,0.0,0.0,0.0,
1475,carefully,word,997,997,ADV,0.001,0.024,0.0,0.0,0.0,0.999,0.001,0.0,0.0,0.0,0.0,0.0,0.0,0.0,0.0,0.0,0.0,
1490,very,word,987,987,ADV,0.0,0.0,0.0,0.0,0.09,0.91,0.0,0.0,0.0,0.0,0.0,0.0,0.0,0.0,0.0,0.0,0.0,
1530,closely,word,971,971,ADV,0.0,0.0,0.0,0.0,0.0,1.0,0.0,0.0,0.0,0.0,0.0,0.0,0.0,0.0,0.0,0.0,0.0,
1522,later,word,948,948,ADV,0.0,0.544,0.0,0.0,0.0,1.0,0.0,0.0,0.0,0.0,0.0,0.0,0.0,0.0,0.0,0.0,0.0,
1576,longer,word,927,927,ADV,0.0,0.0,0.0,0.0,0.033,0.967,0.0,0.0,0.0,0.0,0.0,0.0,0.0,0.0,0.0,0.0,0.0,
1557,everywhere,word,911,911,ADV,0.0,0.003,0.0,0.0,0.0,1.0,0.0,0.0,0.0,0.0,0.0,0.0,0.0,0.0,0.0,0.0,0.0,
1624,tightly,word,888,888,ADV,0.0,0.0,0.0,0.0,0.0,1.0,0.0,0.0,0.0,0.0,0.0,0.0,0.0,0.0,0.0,0.0,0.0,
1592,quietly,word,873,873,ADV,0.0,0.013,0.0,0.0,0.0,1.0,0.0,0.0,0.0,0.0,0.0,0.0,0.0,0.0,0.0,0.0,0.0,
1601,ago,word,816,816,ADV,0.0,0.0,0.0,0.0,0.0,1.0,0.0,0.0,0.0,0.0,0.0,0.0,0.0,0.0,0.0,0.0,0.0,
1683,ahead,word,751,751,ADV,0.0,0.009,0.0,0.0,0.0,1.0,0.0,0.0,0.0,0.0,0.0,0.0,0.0,0.0,0.0,0.0,0.0,
1656,matter,word,716,716,ADV,0.0,0.0,0.034,0.214,0.006,0.747,0.0,0.0,0.0,0.0,0.0,0.0,0.0,0.0,0.0,0.0,0.0,
1697,really,word,700,700,ADV,0.0,0.0,0.0,0.0,0.0,1.0,0.0,0.0,0.0,0.0,0.0,0.0,0.0,0.0,0.0,0.0,0.0,
1800,enough,word,670,670,ADV,0.0,0.0,0.0,0.0,0.385,0.613,0.001,0.0,0.0,0.0,0.0,0.0,0.0,0.0,0.0,0.0,0.0,
1817,most,word,656,649,ADV,0.0,0.002,0.0,0.0,0.152,0.848,0.0,0.0,0.0,0.0,0.0,0.0,0.0,0.0,0.0,0.0,0.0,mostly
1787,higher,word,655,655,ADV,0.0,0.005,0.0,0.0,0.414,0.586,0.0,0.0,0.0,0.0,0.0,0.0,0.0,0.0,0.0,0.0,0.0,
1791,well,word,623,611,ADV,0.0,0.0,0.239,0.014,0.019,0.583,0.0,0.0,0.0,0.0,0.0,0.0,0.0,0.0,0.0,0.144,0.0,welled wells wellspring
1918,however,word,621,621,ADV,0.0,0.619,0.0,0.0,0.0,1.0,0.0,0.0,0.0,0.0,0.0,0.0,0.0,0.0,0.0,0.0,0.0,
1236,tight,word,611,543,ADV,0.0,0.0,0.023,0.034,0.159,0.782,0.002,0.0,0.0,0.0,0.0,0.0,0.0,0.0,0.0,0.0,0.0,tighter tightened tightening
1957,happily,word,591,591,ADV,0.0,0.006,0.0,0.0,0.0,1.0,0.0,0.0,0.0,0.0,0.0,0.0,0.0,0.0,0.0,0.0,0.0,
1991,truly,word,574,574,ADV,0.0,0.0,0.0,0.0,0.0,1.0,0.0,0.0,0.0,0.0,0.0,0.0,0.0,0.0,0.0,0.0,0.0,
1945,eagerly,word,545,545,ADV,0.0,0.066,0.0,0.0,0.0,1.0,0.0,0.0,0.0,0.0,0.0,0.0,0.0,0.0,0.0,0.0,0.0,
2127,almost,word,464,464,ADV,0.0,0.0,0.0,0.0,0.0,1.0,0.0,0.0,0.0,0.0,0.0,0.0,0.0,0.0,0.0,0.0,0.0,
2197,loudly,word,456,456,ADV,0.0,0.0,0.0,0.0,0.0,1.0,0.0,0.0,0.0,0.0,0.0,0.0,0.0,0.0,0.0,0.0,0.0,
2222,faster,word,437,437,ADV,0.0,0.0,0.0,0.0,0.089,0.911,0.0,0.0,0.0,0.0,0.0,0.0,0.0,0.0,0.0,0.0,0.0,
2218,else,word,436,429,ADV,0.0,0.0,0.0,0.0,0.0,1.0,0.0,0.0,0.0,0.0,0.0,0.0,0.0,0.0,0.0,0.0,0.0,elsewhere
2399,louder,word,364,364,ADV,0.0,0.0,0.0,0.0,0.066,0.934,0.0,0.0,0.0,0.0,0.0,0.0,0.0,0.0,0.0,0.0,0.0,
2381,excitedly,word,345,345,ADV,0.077,0.194,0.0,0.0,0.0,0.945,0.055,0.0,0.0,0.0,0.0,0.0,0.0,0.0,0.0,0.0,0.0,
2313,apart,word,339,324,ADV,0.0,0.0,0.044,0.0,0.0,0.953,0.0,0.0,0.0,0.003,0.0,0.0,0.0,0.0,0.0,0.0,0.0,apartment
2512,course,word,327,325,ADV,0.0,0.0,0.242,0.006,0.0,0.752,0.0,0.0,0.0,0.0,0.0,0.0,0.0,0.0,0.0,0.0,0.0,coursed
2574,aloud,word,305,305,ADV,0.0,0.0,0.0,0.0,0.443,0.557,0.0,0.0,0.0,0.0,0.0,0.0,0.0,0.0,0.0,0.0,0.0,
2490,perhaps,word,301,301,ADV,0.0,0.011,0.0,0.0,0.0,1.0,0.0,0.0,0.0,0.0,0.0,0.0,0.0,0.0,0.0,0.0,0.0,
2727,half,word,286,252,ADV,0.0,0.0,0.14,0.0,0.122,0.682,0.042,0.0,0.014,0.0,0.0,0.0,0.0,0.0,0.0,0.0,0.0,halfway halftime
2588,anymore,word,285,285,ADV,0.0,0.0,0.0,0.0,0.0,1.0,0.0,0.0,0.0,0.0,0.0,0.0,0.0,0.0,0.0,0.0,0.0,
2591,harder,word,270,270,ADV,0.0,0.0,0.0,0.0,0.133,0.867,0.0,0.0,0.0,0.0,0.0,0.0,0.0,0.0,0.0,0.0,0.0,
2860,bravely,word,255,255,ADV,0.0,0.092,0.0,0.0,0.0,1.0,0.0,0.0,0.0,0.0,0.0,0.0,0.0,0.0,0.0,0.0,0.0,
2879,deeply,word,250,250,ADV,0.0,0.0,0.0,0.0,0.0,1.0,0.0,0.0,0.0,0.0,0.0,0.0,0.0,0.0,0.0,0.0,0.0,
2954,proudly,word,224,224,ADV,0.0,0.015,0.0,0.0,0.0,1.0,0.0,0.0,0.0,0.0,0.0,0.0,0.0,0.0,0.0,0.0,0.0,
3052,wisely,word,221,221,ADV,0.0,0.0,0.0,0.0,0.0,1.0,0.0,0.0,0.0,0.0,0.0,0.0,0.0,0.0,0.0,0.0,0.0,
1292,less,word,211,207,ADV,0.0,0.0,0.005,0.005,0.156,0.829,0.005,0.0,0.0,0.0,0.0,0.0,0.0,0.0,0.0,0.0,0.0,lessen lesser lessening
2936,anywhere,word,208,208,ADV,0.0,0.0,0.0,0.0,0.0,1.0,0.0,0.0,0.0,0.0,0.0,0.0,0.0,0.0,0.0,0.0,0.0,
3338,forth,word,191,191,ADV,0.0,0.0,0.0,0.0,0.0,0.963,0.0,0.0,0.0,0.037,0.0,0.0,0.0,0.0,0.0,0.0,0.0,
3284,further,word,187,187,ADV,0.0,0.0,0.0,0.005,0.016,0.979,0.0,0.0,0.0,0.0,0.0,0.0,0.0,0.0,0.0,0.0,0.0,
3312,safely,word,181,181,ADV,0.0,0.0,0.0,0.0,0.0,1.0,0.0,0.0,0.0,0.0,0.0,0.0,0.0,0.0,0.0,0.0,0.0,
3092,already,word,176,176,ADV,0.0,0.0,0.0,0.0,0.0,1.0,0.0,0.0,0.0,0.0,0.0,0.0,0.0,0.0,0.0,0.0,0.0,
3175,curiously,word,176,176,ADV,0.047,0.581,0.006,0.0,0.0,0.983,0.011,0.0,0.0,0.0,0.0,0.0,0.0,0.0,0.0,0.0,0.0,
3317,sadly,word,175,175,ADV,0.0,0.013,0.0,0.0,0.0,1.0,0.0,0.0,0.0,0.0,0.0,0.0,0.0,0.0,0.0,0.0,0.0,
3162,joyfully,word,172,172,ADV,0.0,0.055,0.0,0.0,0.0,1.0,0.0,0.0,0.0,0.0,0.0,0.0,0.0,0.0,0.0,0.0,0.0,
3280,aside,word,166,166,ADV,0.0,0.0,0.0,0.0,0.0,0.934,0.0,0.0,0.0,0.066,0.0,0.0,0.0,0.0,0.0,0.0,0.0,
3393,early,word,165,165,ADV,0.0,0.074,0.0,0.0,0.23,0.77,0.0,0.0,0.0,0.0,0.0,0.0,0.0,0.0,0.0,0.0,0.0,
3692,unexpectedly,word,138,138,ADV,0.0,0.167,0.0,0.0,0.0,1.0,0.0,0.0,0.0,0.0,0.0,0.0,0.0,0.0,0.0,0.0,0.0,
3543,earlier,word,134,134,ADV,0.0,0.583,0.0,0.0,0.119,0.881,0.0,0.0,0.0,0.0,0.0,0.0,0.0,0.0,0.0,0.0,0.0,
3917,aboard,word,131,131,ADV,0.0,0.0,0.0,0.0,0.0,0.847,0.0,0.0,0.0,0.153,0.0,0.0,0.0,0.0,0.0,0.0,0.0,
3448,silently,word,130,130,ADV,0.0,0.03,0.0,0.0,0.0,1.0,0.0,0.0,0.0,0.0,0.0,0.0,0.0,0.0,0.0,0.0,0.0,
3733,wildly,word,128,128,ADV,0.0,0.0,0.0,0.0,0.0,1.0,0.0,0.0,0.0,0.0,0.0,0.0,0.0,0.0,0.0,0.0,0.0,
3765,freely,word,128,128,ADV,0.0,0.0,0.0,0.0,0.0,1.0,0.0,0.0,0.0,0.0,0.0,0.0,0.0,0.0,0.0,0.0,0.0,
3872,calmly,word,128,128,ADV,0.0,0.333,0.0,0.0,0.0,1.0,0.0,0.0,0.0,0.0,0.0,0.0,0.0,0.0,0.0,0.0,0.0,
3867,eventually,word,125,125,ADV,0.0,0.867,0.0,0.0,0.0,1.0,0.0,0.0,0.0,0.0,0.0,0.0,0.0,0.0,0.0,0.0,0.0,
3539,ironically,word,124,124,ADV,0.0,1.0,0.0,0.0,0.0,1.0,0.0,0.0,0.0,0.0,0.0,0.0,0.0,0.0,0.0,0.0,0.0,
3919,swiftly,word,124,124,ADV,0.0,0.086,0.0,0.0,0.0,1.0,0.0,0.0,0.0,0.0,0.0,0.0,0.0,0.0,0.0,0.0,0.0,
3868,especially,word,118,118,ADV,0.0,0.0,0.0,0.0,0.0,1.0,0.0,0.0,0.0,0.0,0.0,0.0,0.0,0.0,0.0,0.0,0.0,
3786,somewhere,word,113,113,ADV,0.0,0.0,0.0,0.0,0.0,1.0,0.0,0.0,0.0,0.0,0.0,0.0,0.0,0.0,0.0,0.0,0.0,
3922,gracefully,word,110,110,ADV,0.0,0.0,0.0,0.0,0.0,1.0,0.0,0.0,0.0,0.0,0.0,0.0,0.0,0.0,0.0,0.0,0.0,
3891,timidly,word,109,109,ADV,,,0.0,0.0,0.0,1.0,0.0,0.0,0.0,0.0,0.0,0.0,0.0,0.0,0.0,0.0,0.0,
3902,nowhere,word,109,109,ADV,0.0,0.0,0.0,0.0,0.0,1.0,0.0,0.0,0.0,0.0,0.0,0.0,0.0,0.0,0.0,0.0,0.0,
4010,perfectly,word,106,106,ADV,0.0,0.0,0.0,0.0,0.0,1.0,0.0,0.0,0.0,0.0,0.0,0.0,0.0,0.0,0.0,0.0,0.0,
3948,braver,word,101,101,ADV,0.0,0.0,0.02,0.0,0.0,0.98,0.0,0.0,0.0,0.0,0.0,0.0,0.0,0.0,0.0,0.0,0.0,
3998,afar,word,87,87,ADV,0.0,0.0,0.0,0.0,0.011,0.989,0.0,0.0,0.0,0.0,0.0,0.0,0.0,0.0,0.0,0.0,0.0,
3942,hardly,word,84,84,ADV,0.0,0.0,0.0,0.0,0.0,1.0,0.0,0.0,0.0,0.0,0.0,0.0,0.0,0.0,0.0,0.0,0.0,
127,was,word,57684,57760,AUX,0.0,0.0,0.0,0.001,0.0,0.0,0.0,0.0,0.0,0.0,0.999,0.0,0.0,0.0,0.0,0.0,0.0,waste wasting wasted
165,had,word,28688,28688,AUX,0.0,0.0,0.0,0.0,0.0,0.0,0.0,0.0,0.0,0.0,1.0,0.0,0.0,0.0,0.0,0.0,0.0,
218,could,word,16064,16573,AUX,0.0,0.0,0.0,0.0,0.0,0.0,0.0,0.0,0.0,0.0,1.0,0.0,0.0,0.0,0.0,0.0,0.0,
151,be,word,12645,12578,AUX,0.0,0.0,0.0,0.006,0.0,0.0,0.0,0.0,0.0,0.0,0.994,0.0,0.0,0.0,0.0,0.0,0.0,beware bewildered
242,is,word,12614,12692,AUX,0.0,0.0,0.001,0.001,0.0,0.0,0.001,0.0,0.0,0.0,0.997,0.0,0.0,0.0,0.0,0.0,0.0,isolated isolation isle
294,were,word,12136,12136,AUX,0.0,0.0,0.0,0.0,0.0,0.0,0.0,0.0,0.0,0.0,1.0,0.0,0.0,0.0,0.0,0.0,0.0,
269,can,word,12039,11558,AUX,0.0,0.0,0.01,0.001,0.0,0.0,0.0,0.0,0.0,0.0,0.989,0.0,0.0,0.0,0.0,0.0,0.0,cans cane canyon
300,would,word,11548,11548,AUX,0.0,0.001,0.0,0.0,0.0,0.0,0.0,0.0,0.0,0.0,1.0,0.0,0.0,0.0,0.0,0.0,0.0,
439,will,word,7147,7090,AUX,0.0,0.0,0.009,0.0,0.003,0.0,0.002,0.0,0.0,0.0,0.986,0.0,0.0,0.0,0.0,0.0,0.0,willing willow willingness
490,are,word,5984,5887,AUX,0.0,0.0,0.016,0.0,0.0,0.0,0.0,0.0,0.0,0.0,0.984,0.0,0.0,0.0,0.0,0.0,0.0,area arena areas
280,do,word,5661,6411,AUX,0.0,0.001,0.023,0.006,0.0,0.0,0.006,0.0,0.0,0.0,0.965,0.0,0.0,0.0,0.0,0.0,0.0,dot dots dock
529,did,word,4712,5550,AUX,0.0,0.0,0.0,0.0,0.0,0.0,0.0,0.0,0.0,0.0,1.0,0.0,0.0,0.0,0.0,0.0,0.0,
583,have,word,4595,4557,AUX,0.0,0.0,0.004,0.0,0.0,0.0,0.004,0.0,0.0,0.0,0.992,0.0,0.0,0.0,0.0,0.0,0.0,haven
709,must,word,3425,3404,AUX,0.0,0.0,0.003,0.002,0.001,0.0,0.0,0.0,0.0,0.0,0.994,0.0,0.0,0.0,0.0,0.0,0.0,mustache musty mustered
462,am,word,2592,2335,AUX,0.0,0.0,0.066,0.007,0.016,0.002,0.007,0.0,0.0,0.0,0.901,0.0,0.0,0.0,0.0,0.0,0.0,amulet ambition ample
889,being,word,2512,2512,AUX,0.0,0.0,0.025,0.0,0.0,0.0,0.0,0.0,0.0,0.0,0.975,0.0,0.0,0.0,0.0,0.0,0.0,
1097,been,word,1755,1755,AUX,0.0,0.0,0.0,0.0,0.0,0.0,0.0,0.0,0.0,0.0,1.0,0.0,0.0,0.0,0.0,0.0,0.0,
1083,should,word,1593,1495,AUX,0.0,0.001,0.061,0.0,0.0,0.0,0.0,0.0,0.0,0.0,0.939,0.0,0.0,0.0,0.0,0.0,0.0,shoulder
1351,might,word,1090,1082,AUX,0.0,0.0,0.128,0.0,0.006,0.002,0.0,0.0,0.0,0.0,0.865,0.0,0.0,0.0,0.0,0.0,0.0,mightiest mightily mightier
1564,has,word,990,933,AUX,0.0,0.0,0.007,0.0,0.005,0.045,0.0,0.0,0.0,0.0,0.942,0.0,0.0,0.0,0.0,0.0,0.0,hastily haste hasty
1931,does,word,618,618,AUX,0.0,0.0,0.0,0.0,0.0,0.0,0.0,0.0,0.0,0.0,1.0,0.0,0.0,0.0,0.0,0.0,0.0,
844,may,word,546,497,AUX,0.0,0.0,0.079,0.0,0.002,0.0,0.009,0.0,0.0,0.0,0.91,0.0,0.0,0.0,0.0,0.0,0.0,mayor mayans maypole
318,ca,word,392,973,AUX,0.0,0.0,0.11,0.163,0.008,0.004,0.001,0.0,0.0,0.0,0.713,0.0,0.0,0.0,0.0,0.0,0.0,causing caused cage
94,and,word,120624,120624,CCONJ,0.0,0.001,0.0,0.0,0.0,0.0,0.0,0.0,0.0,0.0,0.0,0.0,1.0,0.0,0.0,0.0,0.0,
141,but,word,42509,42509,CCONJ,0.0,0.051,0.0,0.0,0.0,0.0,0.0,0.0,0.0,0.0,0.0,0.0,0.997,0.003,0.0,0.0,0.0,
729,or,word,2215,2032,CCONJ,0.0,0.001,0.027,0.035,0.01,0.0,0.01,0.0,0.0,0.0,0.0,0.0,0.917,0.0,0.0,0.0,0.0,organized organize orchard
85,the,word,310521,310410,DET,0.0,0.029,0.0,0.0,0.0,0.0,0.0,0.0,1.0,0.0,0.0,0.0,0.0,0.0,0.0,0.0,0.0,theater theft thermos
32,a,word,161265,160874,DET,0.0,0.003,0.0,0.001,0.0,0.0,0.0,0.0,0.998,0.0,0.0,0.0,0.0,0.0,0.0,0.0,0.0,aimed ah avoid
259,this,word,13670,13670,DET,0.0,0.008,0.0,0.0,0.0,0.0,0.0,0.0,1.0,0.0,0.0,0.0,0.0,0.0,0.0,0.0,0.0,
282,each,word,12366,12366,DET,0.0,0.026,0.0,0.0,0.0,0.0,0.0,0.0,1.0,0.0,0.0,0.0,0.0,0.0,0.0,0.0,0.0,
350,all,word,8689,8470,DET,0.0,0.001,0.007,0.017,0.0,0.147,0.001,0.0,0.828,0.0,0.0,0.0,0.0,0.0,0.0,0.0,0.0,allowing allowed allies
201,an,word,6858,6697,DET,0.0,0.003,0.007,0.006,0.0,0.007,0.003,0.0,0.977,0.0,0.0,0.0,0.0,0.0,0.0,0.0,0.0,anew anchored anchor
266,every,word,5461,5432,DET,0.0,0.047,0.001,0.0,0.005,0.0,0.0,0.0,0.995,0.0,0.0,0.0,0.0,0.0,0.0,0.0,0.0,everyday everyman
357,no,word,5131,4747,DET,0.0,0.002,0.023,0.001,0.027,0.264,0.011,0.01,0.479,0.0,0.0,0.0,0.001,0.0,0.0,0.183,0.0,normal nobody noon
766,both,word,2991,2973,DET,0.0,0.002,0.001,0.005,0.0,0.019,0.0,0.0,0.806,0.0,0.0,0.0,0.169,0.0,0.0,0.0,0.0,bother bothered bothering
685,some,word,2159,2094,DET,0.0,0.004,0.001,0.0,0.0,0.029,0.0,0.0,0.97,0.0,0.0,0.0,0.0,0.0,0.0,0.0,0.0,someday somehow somewhat
1111,those,word,1747,1747,DET,0.0,0.001,0.0,0.0,0.0,0.0,0.0,0.0,1.0,0.0,0.0,0.0,0.0,0.0,0.0,0.0,0.0,
1181,another,word,1465,1465,DET,0.0,0.003,0.0,0.0,0.0,0.0,0.0,0.0,1.0,0.0,0.0,0.0,0.0,0.0,0.0,0.0,0.0,
733,any,word,1186,1018,DET,0.0,0.0,0.0,0.0,0.0,0.153,0.0,0.0,0.847,0.0,0.0,0.0,0.0,0.0,0.0,0.0,0.0,anytime anyway
1483,these,word,988,988,DET,0.0,0.005,0.0,0.0,0.0,0.0,0.0,0.0,1.0,0.0,0.0,0.0,0.0,0.0,0.0,0.0,0.0,
2051,which,word,469,468,DET,0.0,0.0,0.0,0.0,0.0,0.0,0.0,0.0,1.0,0.0,0.0,0.0,0.0,0.0,0.0,0.0,0.0,whichever
2972,whatever,word,203,203,DET,0.0,0.0,0.0,0.0,0.0,0.0,0.0,0.0,1.0,0.0,0.0,0.0,0.0,0.0,0.0,0.0,0.0,
1172,yes,word,1546,1512,INTJ,0.0,0.0,0.024,0.0,0.0,0.002,0.0,0.0,0.0,0.0,0.0,0.0,0.0,0.0,0.0,0.974,0.0,yesterday
1828,oh,word,639,639,INTJ,0.0,0.018,0.0,0.0,0.0,0.0,0.0,0.0,0.0,0.0,0.0,0.0,0.0,0.0,0.0,1.0,0.0,
2043,welcome,word,539,539,INTJ,0.0,0.013,0.002,0.189,0.093,0.0,0.0,0.0,0.0,0.0,0.0,0.0,0.0,0.0,0.0,0.716,0.0,
2040,wow,word,500,499,INTJ,0.0,0.0,0.0,0.002,0.0,0.0,0.0,0.0,0.0,0.0,0.0,0.0,0.0,0.0,0.0,0.998,0.0,wowed
2008,hello,word,495,495,INTJ,0.0,0.027,0.002,0.0,0.0,0.0,0.002,0.0,0.0,0.0,0.0,0.0,0.0,0.0,0.0,0.996,0.0,
2510,please,word,381,332,INTJ,0.0,0.009,0.0,0.076,0.071,0.0,0.0,0.0,0.0,0.0,0.0,0.0,0.0,0.0,0.0,0.853,0.0,pleased
2886,hey,word,215,215,INTJ,0.0,0.0,0.0,0.0,0.0,0.0,0.005,0.0,0.0,0.0,0.0,0.0,0.0,0.0,0.0,0.995,0.0,
3677,um,word,17,17,INTJ,,,0.0,0.0,0.0,0.0,0.0,0.0,0.0,0.0,0.0,0.0,0.0,0.0,0.0,1.0,0.0,
203,heart,word,16657,16591,NOUN,0.006,0.007,0.992,0.0,0.002,0.0,0.006,0.0,0.0,0.0,0.0,0.0,0.0,0.0,0.0,0.0,0.0,hearted heartache heartfelt
210,day,word,14835,14789,NOUN,0.007,0.008,0.991,0.002,0.0,0.0,0.007,0.0,0.0,0.0,0.0,0.0,0.0,0.0,0.0,0.0,0.0,daydreaming daydreamed daydream
275,girl,word,12960,12958,NOUN,0.0,0.0,1.0,0.0,0.0,0.0,0.0,0.0,0.0,0.0,0.0,0.0,0.0,0.0,0.0,0.0,0.0,girlfriend
307,boy,word,11210,11206,NOUN,0.0,0.0,1.0,0.0,0.0,0.0,0.0,0.0,0.0,0.0,0.0,0.0,0.0,0.0,0.0,0.0,0.0,boyfriend
297,joy,word,11127,11040,NOUN,0.005,0.005,0.986,0.0,0.001,0.0,0.013,0.0,0.0,0.0,0.0,0.0,0.0,0.0,0.0,0.0,0.0,joys joyous joyland
267,friends,word,9760,9760,NOUN,0.001,0.003,0.999,0.0,0.0,0.0,0.001,0.0,0.0,0.0,0.0,0.0,0.0,0.0,0.0,0.0,0.0,
348,eyes,word,9020,9020,NOUN,0.0,0.0,1.0,0.0,0.0,0.0,0.0,0.0,0.0,0.0,0.0,0.0,0.0,0.0,0.0,0.0,0.0,
393,treasure,word,8377,8377,NOUN,0.002,0.002,0.987,0.009,0.001,0.0,0.004,0.0,0.0,0.0,0.0,0.0,0.0,0.0,0.0,0.0,0.0,
398,time,word,8066,7993,NOUN,0.023,0.024,0.957,0.0,0.002,0.0,0.04,0.0,0.0,0.0,0.0,0.0,0.0,0.0,0.0,0.0,0.0,timer timeless timely
312,light,word,7965,7855,NOUN,0.008,0.008,0.884,0.033,0.067,0.005,0.011,0.0,0.0,0.0,0.0,0.0,0.0,0.0,0.0,0.0,0.0,lightly lightness lighten
404,stars,word,7891,7849,NOUN,0.004,0.007,0.993,0.0,0.0,0.0,0.007,0.0,0.0,0.0,0.0,0.0,0.0,0.0,0.0,0.0,0.0,starship starstone starshine
416,stories,word,7883,7883,NOUN,0.001,0.001,0.999,0.0,0.0,0.0,0.001,0.0,0.0,0.0,0.0,0.0,0.0,0.0,0.0,0.0,0.0,
408,sky,word,7842,7812,NOUN,0.009,0.009,0.986,0.0,0.0,0.0,0.014,0.0,0.0,0.0,0.0,0.0,0.0,0.0,0.0,0.0,0.0,skylar skyshadow skyhigh
406,night,word,7635,7557,NOUN,0.01,0.01,0.989,0.0,0.0,0.0,0.01,0.0,0.0,0.0,0.0,0.0,0.0,0.0,0.0,0.0,0.0,nightmares nightmare nightfall
382,world,word,7589,7589,NOUN,0.002,0.002,0.998,0.0,0.0,0.0,0.002,0.0,0.0,0.0,0.0,0.0,0.0,0.0,0.0,0.0,0.0,
426,dreams,word,7404,7398,NOUN,0.013,0.014,0.981,0.005,0.0,0.0,0.014,0.0,0.0,0.0,0.0,0.0,0.0,0.0,0.0,0.0,0.0,dreamspire dreamscape dreamstone
446,love,word,6886,6832,NOUN,0.001,0.001,0.891,0.102,0.0,0.0,0.007,0.0,0.0,0.0,0.0,0.0,0.0,0.0,0.0,0.0,0.0,lovers lover
450,laughter,word,6729,6729,NOUN,0.001,0.001,0.962,0.0,0.0,0.0,0.038,0.0,0.0,0.0,0.0,0.0,0.0,0.0,0.0,0.0,0.0,
459,air,word,6546,6489,NOUN,0.0,0.0,0.999,0.0,0.0,0.0,0.001,0.0,0.0,0.0,0.0,0.0,0.0,0.0,0.0,0.0,0.0,airplane airship airplanes
365,sun,word,6406,6051,NOUN,0.002,0.002,0.978,0.006,0.009,0.0,0.007,0.0,0.0,0.0,0.0,0.0,0.0,0.0,0.0,0.0,0.0,sunrise sunflower sunflowers
368,magic,word,6177,6132,NOUN,0.004,0.004,0.784,0.0,0.196,0.0,0.02,0.0,0.0,0.0,0.0,0.0,0.0,0.0,0.0,0.0,0.0,magician
199,friend,word,5796,5793,NOUN,0.001,0.001,0.998,0.0,0.001,0.0,0.001,0.0,0.0,0.0,0.0,0.0,0.0,0.0,0.0,0.0,0.0,friendlier friendliest
524,tree,word,5481,5470,NOUN,0.007,0.007,0.992,0.0,0.0,0.0,0.008,0.0,0.0,0.0,0.0,0.0,0.0,0.0,0.0,0.0,0.0,treetops
536,people,word,5327,5327,NOUN,0.002,0.008,0.998,0.0,0.0,0.0,0.002,0.0,0.0,0.0,0.0,0.0,0.0,0.0,0.0,0.0,0.0,
541,flowers,word,5149,5149,NOUN,0.0,0.0,1.0,0.0,0.0,0.0,0.0,0.0,0.0,0.0,0.0,0.0,0.0,0.0,0.0,0.0,0.0,
485,moment,word,5132,5128,NOUN,0.0,0.0,0.999,0.0,0.0,0.0,0.0,0.0,0.0,0.0,0.0,0.0,0.0,0.0,0.0,0.0,0.0,momentarily momentary
533,hope,word,5096,5058,NOUN,0.006,0.006,0.888,0.053,0.007,0.0,0.052,0.0,0.0,0.0,0.0,0.0,0.0,0.0,0.0,0.0,0.0,hopeless hopelessness hopelessly
539,garden,word,5088,5014,NOUN,0.005,0.005,0.992,0.002,0.0,0.0,0.006,0.0,0.0,0.0,0.0,0.0,0.0,0.0,0.0,0.0,0.0,gardener gardening gardeners
383,man,word,5066,4904,NOUN,0.0,0.0,0.988,0.008,0.0,0.0,0.004,0.0,0.0,0.0,0.0,0.0,0.0,0.0,0.0,0.0,0.0,mansion managed mane
591,adventure,word,4574,4504,NOUN,0.001,0.001,0.99,0.003,0.001,0.0,0.005,0.0,0.0,0.0,0.0,0.0,0.0,0.0,0.0,0.0,0.0,adventurer adventurers adventured
565,way,word,4529,4527,NOUN,0.0,0.0,0.996,0.0,0.0,0.003,0.0,0.0,0.0,0.0,0.0,0.0,0.0,0.0,0.0,0.0,0.0,wayward
592,map,word,4408,4391,NOUN,0.001,0.001,0.994,0.003,0.0,0.0,0.003,0.0,0.0,0.0,0.0,0.0,0.0,0.0,0.0,0.0,0.0,maple maplewood mapping
604,place,word,4366,4366,NOUN,0.0,0.0,0.991,0.009,0.0,0.0,0.0,0.0,0.0,0.0,0.0,0.0,0.0,0.0,0.0,0.0,0.0,
571,water,word,4306,4213,NOUN,0.005,0.005,0.97,0.025,0.0,0.0,0.005,0.0,0.0,0.0,0.0,0.0,0.0,0.0,0.0,0.0,0.0,watering watermelon watermelons
615,colors,word,4189,4189,NOUN,0.003,0.003,0.996,0.001,0.0,0.0,0.003,0.0,0.0,0.0,0.0,0.0,0.0,0.0,0.0,0.0,0.0,
643,life,word,4091,4012,NOUN,0.001,0.001,0.993,0.0,0.005,0.0,0.002,0.0,0.0,0.0,0.0,0.0,0.0,0.0,0.0,0.0,0.0,lifetime lifeless lifeline
635,others,word,4064,4064,NOUN,0.0,0.0,1.0,0.0,0.0,0.0,0.0,0.0,0.0,0.0,0.0,0.0,0.0,0.0,0.0,0.0,0.0,
523,fun,word,4051,3973,NOUN,0.003,0.003,0.737,0.0,0.256,0.0,0.007,0.0,0.0,0.0,0.0,0.0,0.0,0.0,0.0,0.0,0.0,funniest funnier funkytown
634,trees,word,4040,4040,NOUN,0.001,0.001,0.999,0.0,0.0,0.0,0.001,0.0,0.0,0.0,0.0,0.0,0.0,0.0,0.0,0.0,0.0,
630,story,word,4038,4014,NOUN,0.001,0.001,0.998,0.0,0.0,0.0,0.002,0.0,0.0,0.0,0.0,0.0,0.0,0.0,0.0,0.0,0.0,storybook
632,forest,word,3958,3958,NOUN,0.011,0.011,0.988,0.0,0.0,0.0,0.012,0.0,0.0,0.0,0.0,0.0,0.0,0.0,0.0,0.0,0.0,
639,voice,word,3953,3952,NOUN,0.0,0.0,0.999,0.001,0.0,0.0,0.0,0.0,0.0,0.0,0.0,0.0,0.0,0.0,0.0,0.0,0.0,voiced
655,shadows,word,3947,3945,NOUN,0.008,0.008,0.989,0.003,0.0,0.0,0.008,0.0,0.0,0.0,0.0,0.0,0.0,0.0,0.0,0.0,0.0,shadowsong
549,fear,word,3901,3832,NOUN,0.002,0.004,0.895,0.086,0.006,0.001,0.012,0.0,0.0,0.0,0.0,0.0,0.0,0.0,0.0,0.0,0.0,fearing fearless fearful
658,city,word,3824,3824,NOUN,0.01,0.01,0.99,0.0,0.0,0.0,0.01,0.0,0.0,0.0,0.0,0.0,0.0,0.0,0.0,0.0,0.0,
666,door,word,3673,3616,NOUN,0.001,0.001,0.997,0.0,0.0,0.0,0.002,0.0,0.0,0.0,0.0,0.0,0.0,0.0,0.0,0.0,0.0,doorway doorbell doorknob
228,star,word,3606,3252,NOUN,0.078,0.078,0.869,0.014,0.015,0.0,0.101,0.0,0.0,0.0,0.0,0.0,0.0,0.0,0.0,0.0,0.0,starfish starlight stare
712,village,word,3588,3552,NOUN,0.0,0.0,1.0,0.0,0.0,0.0,0.0,0.0,0.0,0.0,0.0,0.0,0.0,0.0,0.0,0.0,0.0,villager villages
696,stone,word,3558,3555,NOUN,0.013,0.013,0.985,0.001,0.0,0.0,0.014,0.0,0.0,0.0,0.0,0.0,0.0,0.0,0.0,0.0,0.0,stonehaven stonevale
702,cave,word,3505,3476,NOUN,0.006,0.006,0.992,0.002,0.0,0.0,0.006,0.0,0.0,0.0,0.0,0.0,0.0,0.0,0.0,0.0,0.0,cavern caverns cavemen
749,room,word,3226,3156,NOUN,0.001,0.001,0.998,0.001,0.0,0.0,0.001,0.0,0.0,0.0,0.0,0.0,0.0,0.0,0.0,0.0,0.0,rooms
736,smile,word,3225,3211,NOUN,0.0,0.0,0.828,0.167,0.003,0.0,0.001,0.0,0.0,0.0,0.0,0.0,0.0,0.0,0.0,0.0,0.0,smiley smileyton
705,friendship,word,3215,3215,NOUN,0.004,0.004,0.995,0.001,0.0,0.0,0.005,0.0,0.0,0.0,0.0,0.0,0.0,0.0,0.0,0.0,0.0,
552,wind,word,3147,3123,NOUN,0.002,0.003,0.991,0.0,0.003,0.0,0.006,0.0,0.0,0.0,0.0,0.0,0.0,0.0,0.0,0.0,0.0,windy windmill windmere
746,breath,word,3124,2981,NOUN,0.0,0.0,0.981,0.013,0.005,0.0,0.001,0.0,0.0,0.0,0.0,0.0,0.0,0.0,0.0,0.0,0.0,breathless breathtaking breaths
805,fish,word,3066,3042,NOUN,0.001,0.002,0.959,0.033,0.001,0.0,0.007,0.0,0.0,0.0,0.0,0.0,0.0,0.0,0.0,0.0,0.0,fished fishy fishes
803,words,word,2988,2988,NOUN,0.0,0.001,1.0,0.0,0.0,0.0,0.0,0.0,0.0,0.0,0.0,0.0,0.0,0.0,0.0,0.0,0.0,
789,excitement,word,2971,2971,NOUN,0.002,0.002,0.964,0.0,0.0,0.0,0.035,0.0,0.0,0.0,0.0,0.0,0.0,0.0,0.0,0.0,0.0,
277,dream,word,2939,2716,NOUN,0.049,0.049,0.746,0.154,0.004,0.001,0.096,0.0,0.0,0.0,0.0,0.0,0.0,0.0,0.0,0.0,0.0,dreamland dreamt dreamy
827,warmth,word,2880,2880,NOUN,0.0,0.0,1.0,0.0,0.0,0.0,0.0,0.0,0.0,0.0,0.0,0.0,0.0,0.0,0.0,0.0,0.0,
800,days,word,2871,2871,NOUN,0.0,0.365,1.0,0.0,0.0,0.0,0.0,0.0,0.0,0.0,0.0,0.0,0.0,0.0,0.0,0.0,0.0,
818,face,word,2861,2861,NOUN,0.0,0.0,0.64,0.36,0.0,0.0,0.0,0.0,0.0,0.0,0.0,0.0,0.0,0.0,0.0,0.0,0.0,
820,clouds,word,2835,2834,NOUN,0.001,0.001,0.996,0.0,0.0,0.0,0.004,0.0,0.0,0.0,0.0,0.0,0.0,0.0,0.0,0.0,0.0,cloudspire
738,power,word,2742,2720,NOUN,0.002,0.002,0.99,0.006,0.003,0.0,0.002,0.0,0.0,0.0,0.0,0.0,0.0,0.0,0.0,0.0,0.0,powered powerless
834,wish,word,2726,2726,NOUN,0.007,0.007,0.634,0.359,0.0,0.0,0.007,0.0,0.0,0.0,0.0,0.0,0.0,0.0,0.0,0.0,0.0,
819,woman,word,2714,2714,NOUN,0.003,0.003,0.997,0.0,0.0,0.0,0.003,0.0,0.0,0.0,0.0,0.0,0.0,0.0,0.0,0.0,0.0,
754,path,word,2680,2673,NOUN,0.0,0.0,1.0,0.0,0.0,0.0,0.0,0.0,0.0,0.0,0.0,0.0,0.0,0.0,0.0,0.0,0.0,pathway pathways
836,past,word,2680,2634,NOUN,0.0,0.0,0.726,0.0,0.105,0.022,0.003,0.0,0.0,0.144,0.0,0.0,0.0,0.0,0.0,0.0,0.0,pasts pastries pasta
755,book,word,2676,2674,NOUN,0.003,0.003,0.996,0.0,0.0,0.0,0.003,0.0,0.0,0.0,0.0,0.0,0.0,0.0,0.0,0.0,0.0,bookmarks bookcase
839,ground,word,2669,2642,NOUN,0.0,0.0,0.992,0.006,0.002,0.0,0.0,0.0,0.0,0.0,0.0,0.0,0.0,0.0,0.0,0.0,0.0,grounded grounds grounding
557,hand,word,2665,2501,NOUN,0.001,0.002,0.965,0.03,0.003,0.0,0.001,0.0,0.0,0.0,0.0,0.0,0.0,0.0,0.0,0.0,0.0,handle handing handful
894,family,word,2615,2615,NOUN,0.003,0.003,0.996,0.0,0.0,0.0,0.004,0.0,0.0,0.0,0.0,0.0,0.0,0.0,0.0,0.0,0.0,
763,storm,word,2614,2605,NOUN,0.0,0.002,0.996,0.003,0.0,0.0,0.0,0.0,0.0,0.0,0.0,0.0,0.0,0.0,0.0,0.0,0.0,stormed stormiest
866,hearts,word,2555,2547,NOUN,0.006,0.006,0.99,0.002,0.0,0.0,0.008,0.0,0.0,0.0,0.0,0.0,0.0,0.0,0.0,0.0,0.0,heartstone heartstrings
852,bird,word,2540,2529,NOUN,0.005,0.005,0.992,0.0,0.0,0.0,0.008,0.0,0.0,0.0,0.0,0.0,0.0,0.0,0.0,0.0,0.0,birdhouse birdie birdman
878,flower,word,2516,2510,NOUN,0.007,0.007,0.976,0.015,0.0,0.0,0.009,0.0,0.0,0.0,0.0,0.0,0.0,0.0,0.0,0.0,0.0,flowerbed flowerpot flowerland
892,memories,word,2438,2438,NOUN,0.004,0.004,0.971,0.0,0.0,0.0,0.028,0.0,0.0,0.0,0.0,0.0,0.0,0.0,0.0,0.0,0.0,
919,courage,word,2434,2423,NOUN,0.001,0.001,0.993,0.0,0.004,0.001,0.003,0.0,0.0,0.0,0.0,0.0,0.0,0.0,0.0,0.0,0.0,courageous courageously
893,dragon,word,2429,2391,NOUN,0.003,0.003,0.995,0.0,0.0,0.0,0.005,0.0,0.0,0.0,0.0,0.0,0.0,0.0,0.0,0.0,0.0,dragonfly dragonflies dragonfire
915,work,word,2420,2296,NOUN,0.0,0.0,0.563,0.437,0.0,0.0,0.0,0.0,0.0,0.0,0.0,0.0,0.0,0.0,0.0,0.0,0.0,works workshop workers
811,town,word,2415,2415,NOUN,0.01,0.01,0.99,0.0,0.0,0.0,0.01,0.0,0.0,0.0,0.0,0.0,0.0,0.0,0.0,0.0,0.0,
847,step,word,2407,2407,NOUN,0.0,0.0,0.939,0.061,0.0,0.0,0.0,0.0,0.0,0.0,0.0,0.0,0.0,0.0,0.0,0.0,0.0,
954,dance,word,2403,2199,NOUN,0.006,0.006,0.534,0.456,0.0,0.0,0.01,0.0,0.0,0.0,0.0,0.0,0.0,0.0,0.0,0.0,0.0,dances dancer dancers
870,ship,word,2397,2341,NOUN,0.001,0.001,0.998,0.0,0.0,0.0,0.001,0.0,0.0,0.0,0.0,0.0,0.0,0.0,0.0,0.0,0.0,shipwreck shipwrecks shipwrecked
931,secrets,word,2329,2329,NOUN,0.007,0.007,0.992,0.001,0.0,0.0,0.007,0.0,0.0,0.0,0.0,0.0,0.0,0.0,0.0,0.0,0.0,
910,journey,word,2325,2227,NOUN,0.001,0.001,0.952,0.047,0.0,0.0,0.001,0.0,0.0,0.0,0.0,0.0,0.0,0.0,0.0,0.0,0.0,journeyed journeying
624,land,word,2283,2278,NOUN,0.033,0.033,0.932,0.034,0.0,0.0,0.034,0.0,0.0,0.0,0.0,0.0,0.0,0.0,0.0,0.0,0.0,landmark landmarks landlubber
788,end,word,2263,2117,NOUN,0.0,0.002,0.912,0.087,0.0,0.0,0.0,0.0,0.0,0.0,0.0,0.0,0.0,0.0,0.0,0.0,0.0,ends ending endings
770,part,word,2258,1991,NOUN,0.0,0.0,0.942,0.049,0.006,0.003,0.0,0.0,0.0,0.0,0.0,0.0,0.0,0.0,0.0,0.0,0.0,parted partner partners
953,happiness,word,2244,2244,NOUN,0.001,0.004,0.997,0.0,0.001,0.0,0.002,0.0,0.0,0.0,0.0,0.0,0.0,0.0,0.0,0.0,0.0,
914,mind,word,2232,2230,NOUN,0.008,0.008,0.969,0.022,0.0,0.0,0.009,0.0,0.0,0.0,0.0,0.0,0.0,0.0,0.0,0.0,0.0,minding mindful
949,things,word,2209,2209,NOUN,0.0,0.001,1.0,0.0,0.0,0.0,0.0,0.0,0.0,0.0,0.0,0.0,0.0,0.0,0.0,0.0,0.0,
776,sea,word,2188,1872,NOUN,0.02,0.02,0.941,0.035,0.001,0.0,0.022,0.0,0.0,0.0,0.0,0.0,0.0,0.0,0.0,0.0,0.0,seat seagull sealed
960,kindness,word,2173,2173,NOUN,0.007,0.007,0.972,0.0,0.0,0.0,0.027,0.0,0.0,0.0,0.0,0.0,0.0,0.0,0.0,0.0,0.0,
941,box,word,2156,2148,NOUN,0.003,0.003,0.987,0.0,0.0,0.0,0.013,0.0,0.0,0.0,0.0,0.0,0.0,0.0,0.0,0.0,0.0,boxing boxer
979,hands,word,2135,2091,NOUN,0.0,0.0,0.972,0.007,0.02,0.0,0.0,0.0,0.0,0.0,0.0,0.0,0.0,0.0,0.0,0.0,0.0,handsome handshake
992,key,word,2125,2082,NOUN,0.01,0.01,0.904,0.0,0.086,0.0,0.01,0.0,0.0,0.0,0.0,0.0,0.0,0.0,0.0,0.0,0.0,keyhole keychain keyboards
983,creature,word,2095,2095,NOUN,0.0,0.0,1.0,0.0,0.0,0.0,0.0,0.0,0.0,0.0,0.0,0.0,0.0,0.0,0.0,0.0,0.0,
743,gold,word,2092,2084,NOUN,0.001,0.001,0.877,0.0,0.12,0.0,0.003,0.0,0.0,0.0,0.0,0.0,0.0,0.0,0.0,0.0,0.0,goldfish golds goldspire
1002,adventures,word,2065,2065,NOUN,0.001,0.001,0.996,0.002,0.0,0.0,0.001,0.0,0.0,0.0,0.0,0.0,0.0,0.0,0.0,0.0,0.0,
855,river,word,2034,2034,NOUN,0.004,0.004,0.996,0.0,0.0,0.0,0.004,0.0,0.0,0.0,0.0,0.0,0.0,0.0,0.0,0.0,0.0,
768,letter,word,2033,2033,NOUN,0.0,0.0,1.0,0.0,0.0,0.0,0.0,0.0,0.0,0.0,0.0,0.0,0.0,0.0,0.0,0.0,0.0,
1003,game,word,2014,2012,NOUN,0.002,0.002,0.998,0.0,0.0,0.0,0.002,0.0,0.0,0.0,0.0,0.0,0.0,0.0,0.0,0.0,0.0,gamer
1048,owl,word,2009,1960,NOUN,0.01,0.011,0.965,0.001,0.012,0.0,0.021,0.0,0.0,0.0,0.0,0.0,0.0,0.0,0.0,0.0,0.0,owls
1018,group,word,1951,1922,NOUN,0.0,0.0,0.999,0.0,0.0,0.0,0.001,0.0,0.0,0.0,0.0,0.0,0.0,0.0,0.0,0.0,0.0,groups
946,trust,word,1939,1909,NOUN,0.007,0.008,0.477,0.408,0.008,0.0,0.107,0.0,0.0,0.0,0.0,0.0,0.0,0.0,0.0,0.0,0.0,trusty trusts trustworthiness
1019,truth,word,1907,1776,NOUN,0.011,0.011,0.977,0.0,0.008,0.003,0.012,0.0,0.0,0.0,0.0,0.0,0.0,0.0,0.0,0.0,0.0,truths truthful truthfully
1033,island,word,1905,1803,NOUN,0.013,0.013,0.986,0.0,0.0,0.0,0.014,0.0,0.0,0.0,0.0,0.0,0.0,0.0,0.0,0.0,0.0,islands islanders islander
895,robot,word,1902,1896,NOUN,0.0,0.0,0.996,0.0,0.003,0.0,0.001,0.0,0.0,0.0,0.0,0.0,0.0,0.0,0.0,0.0,0.0,robotic
478,spark,word,1890,1707,NOUN,0.059,0.059,0.828,0.046,0.041,0.002,0.084,0.0,0.0,0.0,0.0,0.0,0.0,0.0,0.0,0.0,0.0,sparkly sparks sparking
1072,strength,word,1881,1822,NOUN,0.001,0.001,0.99,0.009,0.0,0.0,0.001,0.0,0.0,0.0,0.0,0.0,0.0,0.0,0.0,0.0,0.0,strengths strengthened strengthen
926,spirit,word,1874,1872,NOUN,0.015,0.015,0.974,0.0,0.001,0.0,0.025,0.0,0.0,0.0,0.0,0.0,0.0,0.0,0.0,0.0,0.0,spirited
555,plan,word,1857,1769,NOUN,0.0,0.0,0.908,0.092,0.0,0.0,0.001,0.0,0.0,0.0,0.0,0.0,0.0,0.0,0.0,0.0,0.0,plane planes planks
1061,tales,word,1855,1855,NOUN,0.003,0.003,0.997,0.001,0.0,0.0,0.003,0.0,0.0,0.0,0.0,0.0,0.0,0.0,0.0,0.0,0.0,
1049,weight,word,1841,1803,NOUN,0.0,0.0,0.979,0.0,0.021,0.0,0.0,0.0,0.0,0.0,0.0,0.0,0.0,0.0,0.0,0.0,0.0,weightless
694,rock,word,1839,1737,NOUN,0.006,0.006,0.936,0.057,0.0,0.0,0.007,0.0,0.0,0.0,0.0,0.0,0.0,0.0,0.0,0.0,0.0,rocked rocking
823,sound,word,1833,1719,NOUN,0.005,0.005,0.868,0.112,0.013,0.0,0.007,0.0,0.0,0.0,0.0,0.0,0.0,0.0,0.0,0.0,0.0,sounded sounding soundwave
751,snow,word,1788,1690,NOUN,0.012,0.012,0.96,0.008,0.0,0.0,0.031,0.0,0.0,0.0,0.0,0.0,0.0,0.0,0.0,0.0,0.0,snowmen snowstorm snowbank
1080,creatures,word,1788,1788,NOUN,0.0,0.0,0.999,0.001,0.0,0.0,0.0,0.0,0.0,0.0,0.0,0.0,0.0,0.0,0.0,0.0,0.0,
679,child,word,1773,1773,NOUN,0.0,0.0,1.0,0.0,0.0,0.0,0.0,0.0,0.0,0.0,0.0,0.0,0.0,0.0,0.0,0.0,0.0,
1038,park,word,1749,1695,NOUN,0.001,0.001,0.983,0.017,0.0,0.0,0.001,0.0,0.0,0.0,0.0,0.0,0.0,0.0,0.0,0.0,0.0,parked parks parking
1071,leaves,word,1749,1749,NOUN,0.001,0.001,0.946,0.053,0.0,0.0,0.001,0.0,0.0,0.0,0.0,0.0,0.0,0.0,0.0,0.0,0.0,
1114,turtle,word,1744,1660,NOUN,0.032,0.032,0.955,0.001,0.0,0.0,0.045,0.0,0.0,0.0,0.0,0.0,0.0,0.0,0.0,0.0,0.0,turtles
1057,waves,word,1742,1742,NOUN,0.0,0.001,0.99,0.01,0.0,0.0,0.0,0.0,0.0,0.0,0.0,0.0,0.0,0.0,0.0,0.0,0.0,
1081,children,word,1707,1707,NOUN,0.0,0.002,1.0,0.0,0.0,0.0,0.0,0.0,0.0,0.0,0.0,0.0,0.0,0.0,0.0,0.0,0.0,
1125,kids,word,1701,1701,NOUN,0.0,0.001,1.0,0.0,0.0,0.0,0.0,0.0,0.0,0.0,0.0,0.0,0.0,0.0,0.0,0.0,0.0,
784,rain,word,1700,1607,NOUN,0.001,0.003,0.946,0.048,0.0,0.0,0.005,0.0,0.0,0.0,0.0,0.0,0.0,0.0,0.0,0.0,0.0,rained raincoat rains
1143,fox,word,1674,1651,NOUN,0.002,0.002,0.986,0.001,0.001,0.0,0.012,0.0,0.0,0.0,0.0,0.0,0.0,0.0,0.0,0.0,0.0,foxes
1099,figure,word,1667,1652,NOUN,0.0,0.0,0.973,0.027,0.0,0.0,0.0,0.0,0.0,0.0,0.0,0.0,0.0,0.0,0.0,0.0,0.0,figured
1148,chest,word,1666,1631,NOUN,0.0,0.0,1.0,0.0,0.0,0.0,0.0,0.0,0.0,0.0,0.0,0.0,0.0,0.0,0.0,0.0,0.0,chests chestnuts
1106,music,word,1660,1578,NOUN,0.0,0.0,0.995,0.0,0.005,0.0,0.0,0.0,0.0,0.0,0.0,0.0,0.0,0.0,0.0,0.0,0.0,musician musicians musical
1136,food,word,1645,1625,NOUN,0.0,0.0,1.0,0.0,0.0,0.0,0.0,0.0,0.0,0.0,0.0,0.0,0.0,0.0,0.0,0.0,0.0,foods
1101,beauty,word,1638,1638,NOUN,0.0,0.0,0.998,0.0,0.0,0.0,0.002,0.0,0.0,0.0,0.0,0.0,0.0,0.0,0.0,0.0,0.0,
1157,animals,word,1630,1630,NOUN,0.0,0.0,1.0,0.0,0.0,0.0,0.0,0.0,0.0,0.0,0.0,0.0,0.0,0.0,0.0,0.0,0.0,
1107,rabbit,word,1625,1625,NOUN,0.001,0.002,0.999,0.0,0.0,0.0,0.001,0.0,0.0,0.0,0.0,0.0,0.0,0.0,0.0,0.0,0.0,
1144,surprise,word,1612,1612,NOUN,0.002,0.003,0.931,0.056,0.001,0.0,0.012,0.0,0.0,0.0,0.0,0.0,0.0,0.0,0.0,0.0,0.0,
896,cat,word,1586,1474,NOUN,0.002,0.002,0.996,0.0,0.001,0.0,0.003,0.0,0.0,0.0,0.0,0.0,0.0,0.0,0.0,0.0,0.0,cats caterpillar caterpillars
995,moon,word,1577,1454,NOUN,0.045,0.045,0.928,0.0,0.016,0.0,0.056,0.0,0.0,0.0,0.0,0.0,0.0,0.0,0.0,0.0,0.0,moons moonlit moonstone
1153,sadness,word,1552,1552,NOUN,0.0,0.0,0.998,0.001,0.0,0.0,0.001,0.0,0.0,0.0,0.0,0.0,0.0,0.0,0.0,0.0,0.0,
518,shadow,word,1538,1525,NOUN,0.068,0.068,0.902,0.019,0.0,0.0,0.079,0.0,0.0,0.0,0.0,0.0,0.0,0.0,0.0,0.0,0.0,shadowed shadowpeak shadowdale
1000,alien,word,1534,1534,NOUN,0.001,0.001,0.896,0.0,0.081,0.001,0.023,0.0,0.0,0.0,0.0,0.0,0.0,0.0,0.0,0.0,0.0,
1163,space,word,1526,1510,NOUN,0.006,0.006,0.991,0.001,0.0,0.0,0.007,0.0,0.0,0.0,0.0,0.0,0.0,0.0,0.0,0.0,0.0,spacecraft
1186,castle,word,1519,1519,NOUN,0.011,0.011,0.928,0.0,0.049,0.0,0.023,0.0,0.0,0.0,0.0,0.0,0.0,0.0,0.0,0.0,0.0,
921,wonder,word,1513,1471,NOUN,0.012,0.012,0.899,0.09,0.0,0.0,0.011,0.0,0.0,0.0,0.0,0.0,0.0,0.0,0.0,0.0,0.0,wonderland
1243,boat,word,1503,1417,NOUN,0.004,0.004,0.997,0.0,0.0,0.0,0.003,0.0,0.0,0.0,0.0,0.0,0.0,0.0,0.0,0.0,0.0,boats
1209,darkness,word,1497,1497,NOUN,0.0,0.001,1.0,0.0,0.0,0.0,0.0,0.0,0.0,0.0,0.0,0.0,0.0,0.0,0.0,0.0,0.0,
546,glow,word,1482,1430,NOUN,0.01,0.01,0.654,0.33,0.002,0.0,0.014,0.0,0.0,0.0,0.0,0.0,0.0,0.0,0.0,0.0,0.0,glows glowworms glowbugs
1189,today,word,1461,1461,NOUN,0.001,0.032,0.999,0.0,0.0,0.0,0.001,0.0,0.0,0.0,0.0,0.0,0.0,0.0,0.0,0.0,0.0,
1039,hero,word,1460,1449,NOUN,0.006,0.006,0.977,0.0,0.018,0.0,0.005,0.0,0.0,0.0,0.0,0.0,0.0,0.0,0.0,0.0,0.0,heroism heroic heroics
1203,woods,word,1433,1433,NOUN,0.016,0.016,0.984,0.0,0.0,0.0,0.016,0.0,0.0,0.0,0.0,0.0,0.0,0.0,0.0,0.0,0.0,
1245,walls,word,1430,1430,NOUN,0.0,0.0,1.0,0.0,0.0,0.0,0.0,0.0,0.0,0.0,0.0,0.0,0.0,0.0,0.0,0.0,0.0,
1180,lights,word,1429,1428,NOUN,0.021,0.021,0.971,0.008,0.0,0.0,0.021,0.0,0.0,0.0,0.0,0.0,0.0,0.0,0.0,0.0,0.0,lightstone
1222,mother,word,1407,1406,NOUN,0.001,0.001,0.997,0.0,0.0,0.0,0.003,0.0,0.0,0.0,0.0,0.0,0.0,0.0,0.0,0.0,0.0,mothers
1223,fairy,word,1407,1400,NOUN,0.007,0.007,0.986,0.0,0.0,0.0,0.014,0.0,0.0,0.0,0.0,0.0,0.0,0.0,0.0,0.0,0.0,fairytale fairyland
1062,art,word,1396,1260,NOUN,0.0,0.0,0.997,0.0,0.001,0.001,0.001,0.0,0.0,0.0,0.0,0.0,0.0,0.0,0.0,0.0,0.0,artifact artichoke artifacts
1219,treasures,word,1390,1390,NOUN,0.0,0.0,0.998,0.001,0.0,0.0,0.001,0.0,0.0,0.0,0.0,0.0,0.0,0.0,0.0,0.0,0.0,
1256,racing,word,1388,1388,NOUN,0.0,0.001,0.522,0.478,0.0,0.0,0.0,0.0,0.0,0.0,0.0,0.0,0.0,0.0,0.0,0.0,0.0,
1315,side,word,1383,1273,NOUN,0.0,0.0,0.971,0.009,0.005,0.014,0.0,0.0,0.0,0.0,0.0,0.0,0.0,0.0,0.0,0.0,0.0,sides sidewalk sidelines
1200,ocean,word,1377,1327,NOUN,0.016,0.016,0.979,0.0,0.0,0.0,0.021,0.0,0.0,0.0,0.0,0.0,0.0,0.0,0.0,0.0,0.0,oceans oceanic
1330,school,word,1313,1213,NOUN,0.008,0.008,0.988,0.0,0.0,0.0,0.012,0.0,0.0,0.0,0.0,0.0,0.0,0.0,0.0,0.0,0.0,schools schoolyard schoolhouse
1051,hill,word,1312,1256,NOUN,0.006,0.006,0.963,0.0,0.0,0.0,0.037,0.0,0.0,0.0,0.0,0.0,0.0,0.0,0.0,0.0,0.0,hilltop hillcrest hilltops
1301,villagers,word,1312,1312,NOUN,0.0,0.0,1.0,0.0,0.0,0.0,0.0,0.0,0.0,0.0,0.0,0.0,0.0,0.0,0.0,0.0,0.0,
1311,dog,word,1312,1271,NOUN,0.001,0.001,0.996,0.0,0.001,0.0,0.003,0.0,0.0,0.0,0.0,0.0,0.0,0.0,0.0,0.0,0.0,dogs
1174,bond,word,1309,1305,NOUN,0.0,0.0,0.993,0.007,0.0,0.0,0.0,0.0,0.0,0.0,0.0,0.0,0.0,0.0,0.0,0.0,0.0,bonded bonding
1299,kingdom,word,1298,1260,NOUN,0.025,0.025,0.976,0.0,0.0,0.0,0.024,0.0,0.0,0.0,0.0,0.0,0.0,0.0,0.0,0.0,0.0,kingdoms
947,idea,word,1287,1287,NOUN,0.001,0.001,0.999,0.0,0.0,0.0,0.001,0.0,0.0,0.0,0.0,0.0,0.0,0.0,0.0,0.0,0.0,
1365,race,word,1277,1189,NOUN,0.003,0.003,0.865,0.133,0.0,0.0,0.002,0.0,0.0,0.0,0.0,0.0,0.0,0.0,0.0,0.0,0.0,races racers racetrack
1353,morning,word,1266,1229,NOUN,0.004,0.004,0.987,0.0,0.0,0.0,0.013,0.0,0.0,0.0,0.0,0.0,0.0,0.0,0.0,0.0,0.0,mornings
1307,mirror,word,1261,1171,NOUN,0.005,0.005,0.963,0.031,0.0,0.0,0.006,0.0,0.0,0.0,0.0,0.0,0.0,0.0,0.0,0.0,0.0,mirrors mirrored mirroring
1244,father,word,1258,1257,NOUN,0.002,0.002,0.988,0.0,0.0,0.0,0.012,0.0,0.0,0.0,0.0,0.0,0.0,0.0,0.0,0.0,0.0,fathers
1068,dinosaur,word,1253,1253,NOUN,0.003,0.003,0.997,0.0,0.0,0.0,0.003,0.0,0.0,0.0,0.0,0.0,0.0,0.0,0.0,0.0,0.0,
809,pull,word,1240,1206,NOUN,0.0,0.0,0.808,0.191,0.001,0.0,0.0,0.0,0.0,0.0,0.0,0.0,0.0,0.0,0.0,0.0,0.0,pulls
1294,whispers,word,1239,1239,NOUN,0.015,0.016,0.896,0.09,0.0,0.0,0.015,0.0,0.0,0.0,0.0,0.0,0.0,0.0,0.0,0.0,0.0,
1320,house,word,1221,1220,NOUN,0.0,0.0,0.989,0.0,0.0,0.0,0.011,0.0,0.0,0.0,0.0,0.0,0.0,0.0,0.0,0.0,0.0,household
1009,team,word,1206,1010,NOUN,0.001,0.001,0.961,0.036,0.0,0.0,0.003,0.0,0.0,0.0,0.0,0.0,0.0,0.0,0.0,0.0,0.0,teams teammates teammate
1376,cloud,word,1201,1085,NOUN,0.052,0.052,0.825,0.047,0.051,0.0,0.077,0.0,0.0,0.0,0.0,0.0,0.0,0.0,0.0,0.0,0.0,clouded cloudy cloudville
1374,wave,word,1193,1169,NOUN,0.015,0.015,0.946,0.034,0.0,0.005,0.015,0.0,0.0,0.0,0.0,0.0,0.0,0.0,0.0,0.0,0.0,waver wavered waverly
1366,festival,word,1184,1157,NOUN,0.078,0.078,0.912,0.0,0.012,0.0,0.076,0.0,0.0,0.0,0.0,0.0,0.0,0.0,0.0,0.0,0.0,festivals
1356,grass,word,1182,1155,NOUN,0.0,0.0,0.985,0.0,0.01,0.0,0.005,0.0,0.0,0.0,0.0,0.0,0.0,0.0,0.0,0.0,0.0,grassy grasshopper grasses
1388,head,word,1179,1155,NOUN,0.002,0.002,0.958,0.041,0.0,0.0,0.002,0.0,0.0,0.0,0.0,0.0,0.0,0.0,0.0,0.0,0.0,heading headlines headache
924,king,word,1174,1118,NOUN,0.051,0.055,0.944,0.0,0.0,0.0,0.056,0.0,0.0,0.0,0.0,0.0,0.0,0.0,0.0,0.0,0.0,kings
1375,games,word,1174,1174,NOUN,0.004,0.004,0.993,0.001,0.0,0.0,0.006,0.0,0.0,0.0,0.0,0.0,0.0,0.0,0.0,0.0,0.0,
1362,leader,word,1167,1122,NOUN,0.0,0.0,1.0,0.0,0.0,0.0,0.0,0.0,0.0,0.0,0.0,0.0,0.0,0.0,0.0,0.0,0.0,leaders leadership
1398,crowd,word,1165,1103,NOUN,0.0,0.0,0.952,0.013,0.035,0.0,0.0,0.0,0.0,0.0,0.0,0.0,0.0,0.0,0.0,0.0,0.0,crowded crowds
1373,evening,word,1161,1144,NOUN,0.001,0.001,0.999,0.0,0.0,0.0,0.001,0.0,0.0,0.0,0.0,0.0,0.0,0.0,0.0,0.0,0.0,evenings
1286,stones,word,1155,1155,NOUN,0.003,0.003,0.997,0.0,0.0,0.0,0.003,0.0,0.0,0.0,0.0,0.0,0.0,0.0,0.0,0.0,0.0,
1406,breeze,word,1153,1085,NOUN,0.001,0.001,0.977,0.001,0.01,0.0,0.012,0.0,0.0,0.0,0.0,0.0,0.0,0.0,0.0,0.0,0.0,breezes
1045,ball,word,1152,1031,NOUN,0.002,0.002,0.99,0.0,0.0,0.0,0.01,0.0,0.0,0.0,0.0,0.0,0.0,0.0,0.0,0.0,0.0,balls ballroom ballet
1384,fears,word,1151,1136,NOUN,0.002,0.002,0.979,0.006,0.013,0.0,0.002,0.0,0.0,0.0,0.0,0.0,0.0,0.0,0.0,0.0,0.0,fearsome
1418,brother,word,1136,1012,NOUN,0.002,0.002,0.982,0.0,0.0,0.0,0.018,0.0,0.0,0.0,0.0,0.0,0.0,0.0,0.0,0.0,0.0,brothers brotherhood
853,care,word,1128,1033,NOUN,0.0,0.0,0.485,0.472,0.036,0.001,0.006,0.0,0.0,0.0,0.0,0.0,0.0,0.0,0.0,0.0,0.0,carefree cares careless
1378,crew,word,1123,1121,NOUN,0.006,0.006,0.994,0.0,0.0,0.0,0.006,0.0,0.0,0.0,0.0,0.0,0.0,0.0,0.0,0.0,0.0,crews
1417,crystal,word,1119,1119,NOUN,0.081,0.081,0.917,0.0,0.0,0.0,0.083,0.0,0.0,0.0,0.0,0.0,0.0,0.0,0.0,0.0,0.0,
1447,sense,word,1119,1041,NOUN,0.0,0.0,0.953,0.044,0.0,0.0,0.004,0.0,0.0,0.0,0.0,0.0,0.0,0.0,0.0,0.0,0.0,senses
1401,wings,word,1105,1105,NOUN,0.005,0.005,0.994,0.0,0.0,0.0,0.006,0.0,0.0,0.0,0.0,0.0,0.0,0.0,0.0,0.0,0.0,
1439,edge,word,1095,1035,NOUN,0.002,0.003,0.994,0.0,0.005,0.0,0.002,0.0,0.0,0.0,0.0,0.0,0.0,0.0,0.0,0.0,0.0,edges edged
1424,piece,word,1078,1069,NOUN,0.0,0.0,0.981,0.019,0.0,0.0,0.0,0.0,0.0,0.0,0.0,0.0,0.0,0.0,0.0,0.0,0.0,pieced
1429,rush,word,1076,1059,NOUN,0.002,0.002,0.928,0.07,0.0,0.0,0.002,0.0,0.0,0.0,0.0,0.0,0.0,0.0,0.0,0.0,0.0,rushes
1412,letters,word,1059,1059,NOUN,0.001,0.001,0.999,0.0,0.0,0.0,0.001,0.0,0.0,0.0,0.0,0.0,0.0,0.0,0.0,0.0,0.0,
1450,wishes,word,1051,1051,NOUN,0.039,0.04,0.898,0.062,0.0,0.0,0.04,0.0,0.0,0.0,0.0,0.0,0.0,0.0,0.0,0.0,0.0,
1318,fire,word,1050,973,NOUN,0.007,0.007,0.948,0.011,0.001,0.0,0.04,0.0,0.0,0.0,0.0,0.0,0.0,0.0,0.0,0.0,0.0,fireplace fires fired
1470,birds,word,1033,1033,NOUN,0.002,0.002,0.998,0.0,0.0,0.0,0.002,0.0,0.0,0.0,0.0,0.0,0.0,0.0,0.0,0.0,0.0,
1339,window,word,1030,1030,NOUN,0.0,0.0,0.999,0.0,0.0,0.0,0.001,0.0,0.0,0.0,0.0,0.0,0.0,0.0,0.0,0.0,0.0,
1437,silence,word,1026,1021,NOUN,0.006,0.006,0.959,0.02,0.0,0.0,0.02,0.0,0.0,0.0,0.0,0.0,0.0,0.0,0.0,0.0,0.0,silenced
1492,shore,word,1022,991,NOUN,0.0,0.0,0.998,0.0,0.0,0.0,0.002,0.0,0.0,0.0,0.0,0.0,0.0,0.0,0.0,0.0,0.0,shores shoreline
1479,sounds,word,1019,1019,NOUN,0.0,0.0,0.858,0.142,0.0,0.0,0.0,0.0,0.0,0.0,0.0,0.0,0.0,0.0,0.0,0.0,0.0,
1526,candy,word,1015,1014,NOUN,0.012,0.012,0.976,0.0,0.007,0.0,0.017,0.0,0.0,0.0,0.0,0.0,0.0,0.0,0.0,0.0,0.0,candyland
1481,connection,word,1004,1004,NOUN,0.002,0.002,0.998,0.0,0.0,0.0,0.002,0.0,0.0,0.0,0.0,0.0,0.0,0.0,0.0,0.0,0.0,
1059,song,word,999,999,NOUN,0.002,0.002,0.998,0.0,0.0,0.0,0.002,0.0,0.0,0.0,0.0,0.0,0.0,0.0,0.0,0.0,0.0,
1485,act,word,999,629,NOUN,0.0,0.0,0.497,0.477,0.003,0.021,0.001,0.0,0.0,0.0,0.0,0.0,0.0,0.0,0.0,0.0,0.0,acts acting acted
1562,bear,word,999,896,NOUN,0.015,0.015,0.877,0.029,0.001,0.0,0.093,0.0,0.0,0.0,0.0,0.0,0.0,0.0,0.0,0.0,0.0,beard bears bearer
1482,faces,word,997,997,NOUN,0.001,0.002,0.977,0.022,0.0,0.0,0.001,0.0,0.0,0.0,0.0,0.0,0.0,0.0,0.0,0.0,0.0,
1453,curiosity,word,995,995,NOUN,0.07,0.072,0.731,0.0,0.0,0.0,0.269,0.0,0.0,0.0,0.0,0.0,0.0,0.0,0.0,0.0,0.0,
1206,sand,word,986,926,NOUN,0.0,0.0,0.995,0.0,0.0,0.0,0.005,0.0,0.0,0.0,0.0,0.0,0.0,0.0,0.0,0.0,0.0,sands sandbox sandstorm
1489,moments,word,985,985,NOUN,0.001,0.017,0.999,0.0,0.0,0.0,0.001,0.0,0.0,0.0,0.0,0.0,0.0,0.0,0.0,0.0,0.0,
1502,smiles,word,981,981,NOUN,0.011,0.011,0.797,0.192,0.0,0.0,0.011,0.0,0.0,0.0,0.0,0.0,0.0,0.0,0.0,0.0,0.0,
1517,earth,word,980,961,NOUN,0.372,0.373,0.63,0.0,0.006,0.0,0.364,0.0,0.0,0.0,0.0,0.0,0.0,0.0,0.0,0.0,0.0,earthquake earthy earthstone
1507,top,word,975,941,NOUN,0.0,0.0,0.965,0.006,0.029,0.0,0.0,0.0,0.0,0.0,0.0,0.0,0.0,0.0,0.0,0.0,0.0,toppings topic tops
1367,painting,word,972,972,NOUN,0.0,0.0,0.544,0.456,0.0,0.0,0.0,0.0,0.0,0.0,0.0,0.0,0.0,0.0,0.0,0.0,0.0,
1501,thoughts,word,957,957,NOUN,0.003,0.003,0.996,0.001,0.0,0.0,0.003,0.0,0.0,0.0,0.0,0.0,0.0,0.0,0.0,0.0,0.0,
1528,memory,word,951,951,NOUN,0.002,0.002,0.998,0.0,0.0,0.0,0.002,0.0,0.0,0.0,0.0,0.0,0.0,0.0,0.0,0.0,0.0,
596,pain,word,949,905,NOUN,0.0,0.0,0.947,0.007,0.041,0.001,0.003,0.0,0.0,0.0,0.0,0.0,0.0,0.0,0.0,0.0,0.0,painful pained pains
1518,tale,word,949,949,NOUN,0.0,0.0,1.0,0.0,0.0,0.0,0.0,0.0,0.0,0.0,0.0,0.0,0.0,0.0,0.0,0.0,0.0,
1484,pirate,word,941,941,NOUN,0.002,0.002,0.997,0.0,0.0,0.0,0.003,0.0,0.0,0.0,0.0,0.0,0.0,0.0,0.0,0.0,0.0,
1345,gift,word,940,867,NOUN,0.0,0.0,0.921,0.079,0.0,0.0,0.0,0.0,0.0,0.0,0.0,0.0,0.0,0.0,0.0,0.0,0.0,gifted
1556,year,word,936,860,NOUN,0.064,0.064,0.871,0.052,0.015,0.0,0.062,0.0,0.0,0.0,0.0,0.0,0.0,0.0,0.0,0.0,0.0,yearned yearning yearly
1555,tears,word,933,933,NOUN,0.004,0.024,0.97,0.026,0.0,0.0,0.004,0.0,0.0,0.0,0.0,0.0,0.0,0.0,0.0,0.0,0.0,
1471,jester,word,932,927,NOUN,0.002,0.002,0.99,0.0,0.001,0.0,0.009,0.0,0.0,0.0,0.0,0.0,0.0,0.0,0.0,0.0,0.0,jesterbot
1392,knight,word,929,928,NOUN,0.02,0.02,0.978,0.0,0.0,0.001,0.02,0.0,0.0,0.0,0.0,0.0,0.0,0.0,0.0,0.0,0.0,knightly
1544,beach,word,929,902,NOUN,0.0,0.0,0.996,0.0,0.0,0.0,0.004,0.0,0.0,0.0,0.0,0.0,0.0,0.0,0.0,0.0,0.0,beaches beachgoers beachcomber
1527,grandmother,word,928,928,NOUN,0.0,0.0,0.999,0.0,0.0,0.0,0.001,0.0,0.0,0.0,0.0,0.0,0.0,0.0,0.0,0.0,0.0,
1533,places,word,914,914,NOUN,0.0,0.0,0.991,0.009,0.0,0.0,0.0,0.0,0.0,0.0,0.0,0.0,0.0,0.0,0.0,0.0,0.0,
501,car,word,913,526,NOUN,0.002,0.002,0.903,0.084,0.0,0.0,0.013,0.0,0.0,0.0,0.0,0.0,0.0,0.0,0.0,0.0,0.0,cart carvings carries
1395,ghost,word,904,904,NOUN,0.006,0.006,0.993,0.0,0.0,0.0,0.007,0.0,0.0,0.0,0.0,0.0,0.0,0.0,0.0,0.0,0.0,
1290,shell,word,895,876,NOUN,0.016,0.016,0.952,0.0,0.01,0.003,0.035,0.0,0.0,0.0,0.0,0.0,0.0,0.0,0.0,0.0,0.0,shelly
1521,ideas,word,892,892,NOUN,0.005,0.005,0.996,0.0,0.0,0.0,0.004,0.0,0.0,0.0,0.0,0.0,0.0,0.0,0.0,0.0,0.0,
1122,mountain,word,891,890,NOUN,0.012,0.012,0.988,0.0,0.0,0.0,0.012,0.0,0.0,0.0,0.0,0.0,0.0,0.0,0.0,0.0,0.0,mountaintop
1568,hours,word,891,891,NOUN,0.0,0.134,1.0,0.0,0.0,0.0,0.0,0.0,0.0,0.0,0.0,0.0,0.0,0.0,0.0,0.0,0.0,
1573,riddle,word,890,890,NOUN,0.002,0.002,0.997,0.001,0.0,0.0,0.002,0.0,0.0,0.0,0.0,0.0,0.0,0.0,0.0,0.0,0.0,
1451,note,word,887,879,NOUN,0.0,0.0,0.989,0.011,0.0,0.0,0.0,0.0,0.0,0.0,0.0,0.0,0.0,0.0,0.0,0.0,0.0,noted notepad
1679,noise,word,886,799,NOUN,0.0,0.0,1.0,0.0,0.0,0.0,0.0,0.0,0.0,0.0,0.0,0.0,0.0,0.0,0.0,0.0,0.0,noises
1757,squirrel,word,884,808,NOUN,0.004,0.004,0.985,0.003,0.0,0.0,0.011,0.0,0.0,0.0,0.0,0.0,0.0,0.0,0.0,0.0,0.0,squirrels
1538,future,word,880,858,NOUN,0.006,0.007,0.919,0.0,0.07,0.0,0.01,0.0,0.0,0.0,0.0,0.0,0.0,0.0,0.0,0.0,0.0,futures
1647,name,word,880,773,NOUN,0.0,0.0,0.956,0.044,0.0,0.0,0.0,0.0,0.0,0.0,0.0,0.0,0.0,0.0,0.0,0.0,0.0,names nameless
1620,valley,word,874,801,NOUN,0.082,0.082,0.91,0.0,0.0,0.0,0.09,0.0,0.0,0.0,0.0,0.0,0.0,0.0,0.0,0.0,0.0,valleys
1563,planet,word,859,859,NOUN,0.038,0.038,0.962,0.0,0.0,0.0,0.038,0.0,0.0,0.0,0.0,0.0,0.0,0.0,0.0,0.0,0.0,
1577,songs,word,859,859,NOUN,0.0,0.0,1.0,0.0,0.0,0.0,0.0,0.0,0.0,0.0,0.0,0.0,0.0,0.0,0.0,0.0,0.0,
1595,years,word,859,859,NOUN,0.0,0.291,1.0,0.0,0.0,0.0,0.0,0.0,0.0,0.0,0.0,0.0,0.0,0.0,0.0,0.0,0.0,
1493,peace,word,849,848,NOUN,0.001,0.001,0.999,0.0,0.0,0.0,0.001,0.0,0.0,0.0,0.0,0.0,0.0,0.0,0.0,0.0,0.0,peacekeeper
1548,sister,word,847,770,NOUN,0.003,0.003,0.993,0.0,0.004,0.0,0.004,0.0,0.0,0.0,0.0,0.0,0.0,0.0,0.0,0.0,0.0,sisters sisterhood sisterly
1641,corner,word,846,840,NOUN,0.0,0.0,0.993,0.006,0.001,0.0,0.0,0.0,0.0,0.0,0.0,0.0,0.0,0.0,0.0,0.0,0.0,cornered
1596,clock,word,845,805,NOUN,0.0,0.0,0.993,0.0,0.0,0.0,0.007,0.0,0.0,0.0,0.0,0.0,0.0,0.0,0.0,0.0,0.0,clocks clocksmen clockmaker
1272,mix,word,838,825,NOUN,0.0,0.0,0.905,0.095,0.0,0.0,0.0,0.0,0.0,0.0,0.0,0.0,0.0,0.0,0.0,0.0,0.0,mixture mixes
1554,rocks,word,836,834,NOUN,0.001,0.001,0.999,0.0,0.0,0.0,0.001,0.0,0.0,0.0,0.0,0.0,0.0,0.0,0.0,0.0,0.0,rockslide
1666,chance,word,829,794,NOUN,0.0,0.0,1.0,0.0,0.0,0.0,0.0,0.0,0.0,0.0,0.0,0.0,0.0,0.0,0.0,0.0,0.0,chances
1622,kite,word,828,828,NOUN,0.0,0.0,0.994,0.0,0.0,0.0,0.006,0.0,0.0,0.0,0.0,0.0,0.0,0.0,0.0,0.0,0.0,
1629,weeks,word,827,827,NOUN,0.0,0.146,1.0,0.0,0.0,0.0,0.0,0.0,0.0,0.0,0.0,0.0,0.0,0.0,0.0,0.0,0.0,
1139,toy,word,826,826,NOUN,0.007,0.007,0.989,0.001,0.0,0.0,0.01,0.0,0.0,0.0,0.0,0.0,0.0,0.0,0.0,0.0,0.0,
1688,explorer,word,809,809,NOUN,0.01,0.01,0.99,0.0,0.0,0.0,0.01,0.0,0.0,0.0,0.0,0.0,0.0,0.0,0.0,0.0,0.0,
1682,distance,word,799,792,NOUN,0.0,0.0,1.0,0.0,0.0,0.0,0.0,0.0,0.0,0.0,0.0,0.0,0.0,0.0,0.0,0.0,0.0,distances
1699,lives,word,792,792,NOUN,0.0,0.0,0.87,0.13,0.0,0.0,0.0,0.0,0.0,0.0,0.0,0.0,0.0,0.0,0.0,0.0,0.0,
1701,bridge,word,792,750,NOUN,0.008,0.008,0.884,0.105,0.0,0.0,0.011,0.0,0.0,0.0,0.0,0.0,0.0,0.0,0.0,0.0,0.0,bridges bridged
1654,loss,word,789,770,NOUN,0.0,0.0,0.989,0.003,0.0,0.0,0.009,0.0,0.0,0.0,0.0,0.0,0.0,0.0,0.0,0.0,0.0,losses
1733,queen,word,783,747,NOUN,0.031,0.032,0.953,0.004,0.004,0.0,0.04,0.0,0.0,0.0,0.0,0.0,0.0,0.0,0.0,0.0,0.0,queens
1637,party,word,779,778,NOUN,0.006,0.006,0.985,0.005,0.0,0.0,0.01,0.0,0.0,0.0,0.0,0.0,0.0,0.0,0.0,0.0,0.0,partygoers
1707,mountains,word,778,778,NOUN,0.008,0.008,0.992,0.0,0.0,0.0,0.008,0.0,0.0,0.0,0.0,0.0,0.0,0.0,0.0,0.0,0.0,
969,spot,word,776,649,NOUN,0.011,0.011,0.933,0.057,0.0,0.0,0.01,0.0,0.0,0.0,0.0,0.0,0.0,0.0,0.0,0.0,0.0,spots spotlight spotting
1770,attic,word,776,775,NOUN,0.0,0.0,0.918,0.0,0.082,0.0,0.0,0.0,0.0,0.0,0.0,0.0,0.0,0.0,0.0,0.0,0.0,attics
1695,energy,word,774,774,NOUN,0.0,0.0,1.0,0.0,0.0,0.0,0.0,0.0,0.0,0.0,0.0,0.0,0.0,0.0,0.0,0.0,0.0,
1685,teamwork,word,765,765,NOUN,0.0,0.001,0.999,0.0,0.0,0.0,0.001,0.0,0.0,0.0,0.0,0.0,0.0,0.0,0.0,0.0,0.0,
1744,chill,word,755,708,NOUN,0.001,0.001,0.954,0.021,0.023,0.0,0.003,0.0,0.0,0.0,0.0,0.0,0.0,0.0,0.0,0.0,0.0,chilling chills chilled
1116,dust,word,754,720,NOUN,0.035,0.035,0.928,0.034,0.001,0.001,0.034,0.0,0.0,0.0,0.0,0.0,0.0,0.0,0.0,0.0,0.0,dusted dusting dusthaven
1648,toys,word,752,752,NOUN,0.0,0.0,0.999,0.001,0.0,0.0,0.0,0.0,0.0,0.0,0.0,0.0,0.0,0.0,0.0,0.0,0.0,
1680,thrill,word,748,701,NOUN,0.0,0.0,0.971,0.023,0.004,0.001,0.001,0.0,0.0,0.0,0.0,0.0,0.0,0.0,0.0,0.0,0.0,thrilling thrills thrillingly
1734,field,word,744,744,NOUN,0.0,0.0,1.0,0.0,0.0,0.0,0.0,0.0,0.0,0.0,0.0,0.0,0.0,0.0,0.0,0.0,0.0,
1747,seeds,word,743,743,NOUN,0.0,0.0,0.999,0.001,0.0,0.0,0.0,0.0,0.0,0.0,0.0,0.0,0.0,0.0,0.0,0.0,0.0,
1709,reminder,word,740,724,NOUN,0.0,0.0,1.0,0.0,0.0,0.0,0.0,0.0,0.0,0.0,0.0,0.0,0.0,0.0,0.0,0.0,0.0,reminders
1536,pond,word,738,691,NOUN,0.003,0.003,0.939,0.057,0.0,0.0,0.004,0.0,0.0,0.0,0.0,0.0,0.0,0.0,0.0,0.0,0.0,pondering ponder ponds
1745,choice,word,737,737,NOUN,0.0,0.0,1.0,0.0,0.0,0.0,0.0,0.0,0.0,0.0,0.0,0.0,0.0,0.0,0.0,0.0,0.0,
1763,goodbye,word,734,728,NOUN,0.0,0.0,0.966,0.0,0.001,0.0,0.011,0.0,0.0,0.0,0.0,0.0,0.0,0.0,0.0,0.022,0.0,goodbyes
1497,flash,word,730,606,NOUN,0.02,0.021,0.904,0.064,0.0,0.004,0.025,0.0,0.0,0.0,0.0,0.0,0.0,0.0,0.0,0.003,0.0,flashback flashing flashes
1841,rocket,word,730,655,NOUN,0.006,0.006,0.992,0.0,0.0,0.0,0.008,0.0,0.0,0.0,0.0,0.0,0.0,0.0,0.0,0.0,0.0,rockets
1549,rainbow,word,729,729,NOUN,0.05,0.05,0.89,0.021,0.001,0.0,0.088,0.0,0.0,0.0,0.0,0.0,0.0,0.0,0.0,0.0,0.0,
1845,paper,word,728,653,NOUN,0.0,0.0,0.999,0.0,0.0,0.0,0.001,0.0,0.0,0.0,0.0,0.0,0.0,0.0,0.0,0.0,0.0,papers
1842,table,word,725,633,NOUN,0.0,0.002,0.999,0.0,0.0,0.0,0.001,0.0,0.0,0.0,0.0,0.0,0.0,0.0,0.0,0.0,0.0,tables tablet tablets
1775,jewels,word,720,720,NOUN,0.0,0.0,1.0,0.0,0.0,0.0,0.0,0.0,0.0,0.0,0.0,0.0,0.0,0.0,0.0,0.0,0.0,
1750,wonders,word,714,714,NOUN,0.004,0.007,0.923,0.073,0.0,0.0,0.004,0.0,0.0,0.0,0.0,0.0,0.0,0.0,0.0,0.0,0.0,
997,wall,word,710,696,NOUN,0.0,0.0,0.997,0.001,0.0,0.0,0.001,0.0,0.0,0.0,0.0,0.0,0.0,0.0,0.0,0.0,0.0,wallet wallflowers wallflower
1848,answer,word,706,688,NOUN,0.0,0.0,0.693,0.307,0.0,0.0,0.0,0.0,0.0,0.0,0.0,0.0,0.0,0.0,0.0,0.0,0.0,answering
1881,captain,word,705,701,NOUN,0.044,0.044,0.932,0.001,0.0,0.0,0.067,0.0,0.0,0.0,0.0,0.0,0.0,0.0,0.0,0.0,0.0,captains captained
1741,wisdom,word,702,702,NOUN,0.016,0.016,0.98,0.0,0.0,0.0,0.02,0.0,0.0,0.0,0.0,0.0,0.0,0.0,0.0,0.0,0.0,
2104,eye,word,699,515,NOUN,0.014,0.014,0.837,0.046,0.107,0.0,0.01,0.0,0.0,0.0,0.0,0.0,0.0,0.0,0.0,0.0,0.0,eyed eyebrow eyeing
1735,streets,word,695,695,NOUN,0.0,0.0,1.0,0.0,0.0,0.0,0.0,0.0,0.0,0.0,0.0,0.0,0.0,0.0,0.0,0.0,0.0,
1724,times,word,683,683,NOUN,0.0,0.0,1.0,0.0,0.0,0.0,0.0,0.0,0.0,0.0,0.0,0.0,0.0,0.0,0.0,0.0,0.0,
1783,lesson,word,682,682,NOUN,0.0,0.0,1.0,0.0,0.0,0.0,0.0,0.0,0.0,0.0,0.0,0.0,0.0,0.0,0.0,0.0,0.0,
1785,promise,word,678,678,NOUN,0.0,0.0,0.847,0.153,0.0,0.0,0.0,0.0,0.0,0.0,0.0,0.0,0.0,0.0,0.0,0.0,0.0,
1627,hat,word,676,578,NOUN,0.009,0.009,0.885,0.108,0.0,0.0,0.007,0.0,0.0,0.0,0.0,0.0,0.0,0.0,0.0,0.0,0.0,hate hatched hated
1865,spaceship,word,676,659,NOUN,0.0,0.0,1.0,0.0,0.0,0.0,0.0,0.0,0.0,0.0,0.0,0.0,0.0,0.0,0.0,0.0,0.0,spaceships
1742,lake,word,674,652,NOUN,0.014,0.014,0.984,0.0,0.0,0.0,0.016,0.0,0.0,0.0,0.0,0.0,0.0,0.0,0.0,0.0,0.0,lakes lakeside
1813,bravery,word,674,674,NOUN,0.0,0.0,0.975,0.003,0.0,0.0,0.022,0.0,0.0,0.0,0.0,0.0,0.0,0.0,0.0,0.0,0.0,
1752,pirates,word,671,671,NOUN,0.002,0.002,0.997,0.001,0.0,0.0,0.001,0.0,0.0,0.0,0.0,0.0,0.0,0.0,0.0,0.0,0.0,
1730,butterfly,word,668,668,NOUN,0.0,0.001,0.999,0.0,0.0,0.001,0.0,0.0,0.0,0.0,0.0,0.0,0.0,0.0,0.0,0.0,0.0,
1804,feet,word,661,661,NOUN,0.0,0.0,1.0,0.0,0.0,0.0,0.0,0.0,0.0,0.0,0.0,0.0,0.0,0.0,0.0,0.0,0.0,
1706,frog,word,659,658,NOUN,0.011,0.02,0.986,0.0,0.002,0.0,0.012,0.0,0.0,0.0,0.0,0.0,0.0,0.0,0.0,0.0,0.0,froggy
1849,aliens,word,657,657,NOUN,0.0,0.005,0.997,0.0,0.0,0.0,0.003,0.0,0.0,0.0,0.0,0.0,0.0,0.0,0.0,0.0,0.0,
1834,doubt,word,656,617,NOUN,0.0,0.002,0.691,0.155,0.011,0.111,0.032,0.0,0.0,0.0,0.0,0.0,0.0,0.0,0.0,0.0,0.0,doubted doubting doubtful
1870,silver,word,656,630,NOUN,0.089,0.093,0.587,0.0,0.294,0.0,0.119,0.0,0.0,0.0,0.0,0.0,0.0,0.0,0.0,0.0,0.0,silvery silveria silvervale
1790,plants,word,655,655,NOUN,0.0,0.0,0.997,0.003,0.0,0.0,0.0,0.0,0.0,0.0,0.0,0.0,0.0,0.0,0.0,0.0,0.0,
1866,library,word,653,653,NOUN,0.002,0.002,0.997,0.0,0.0,0.0,0.003,0.0,0.0,0.0,0.0,0.0,0.0,0.0,0.0,0.0,0.0,
1798,sunlight,word,648,648,NOUN,0.01,0.01,0.974,0.0,0.002,0.0,0.025,0.0,0.0,0.0,0.0,0.0,0.0,0.0,0.0,0.0,0.0,
1177,plant,word,643,643,NOUN,0.002,0.002,0.524,0.474,0.0,0.0,0.002,0.0,0.0,0.0,0.0,0.0,0.0,0.0,0.0,0.0,0.0,
1934,books,word,639,586,NOUN,0.002,0.002,0.995,0.0,0.0,0.0,0.003,0.002,0.0,0.0,0.0,0.0,0.0,0.0,0.0,0.0,0.0,bookstore bookshop bookshelf
1885,worlds,word,630,630,NOUN,0.0,0.0,0.995,0.002,0.0,0.0,0.003,0.0,0.0,0.0,0.0,0.0,0.0,0.0,0.0,0.0,0.0,
1669,danger,word,620,620,NOUN,0.0,0.0,0.974,0.015,0.0,0.0,0.011,0.0,0.0,0.0,0.0,0.0,0.0,0.0,0.0,0.0,0.0,
1862,crown,word,619,534,NOUN,0.024,0.024,0.964,0.006,0.0,0.0,0.029,0.0,0.0,0.0,0.0,0.0,0.0,0.0,0.0,0.0,0.0,crowns crowned
1886,mission,word,619,597,NOUN,0.0,0.0,0.998,0.0,0.0,0.0,0.002,0.0,0.0,0.0,0.0,0.0,0.0,0.0,0.0,0.0,0.0,missions
1884,branches,word,617,617,NOUN,0.0,0.002,1.0,0.0,0.0,0.0,0.0,0.0,0.0,0.0,0.0,0.0,0.0,0.0,0.0,0.0,0.0,
1925,anger,word,617,614,NOUN,0.0,0.002,0.987,0.008,0.0,0.0,0.005,0.0,0.0,0.0,0.0,0.0,0.0,0.0,0.0,0.0,0.0,angered
1879,arms,word,613,613,NOUN,0.0,0.0,1.0,0.0,0.0,0.0,0.0,0.0,0.0,0.0,0.0,0.0,0.0,0.0,0.0,0.0,0.0,
1937,shape,word,610,610,NOUN,0.013,0.015,0.793,0.193,0.0,0.0,0.013,0.0,0.0,0.0,0.0,0.0,0.0,0.0,0.0,0.0,0.0,
1348,trick,word,600,556,NOUN,0.0,0.0,0.643,0.357,0.0,0.0,0.0,0.0,0.0,0.0,0.0,0.0,0.0,0.0,0.0,0.0,0.0,tricking trickery trickled
1898,coins,word,598,598,NOUN,0.0,0.0,1.0,0.0,0.0,0.0,0.0,0.0,0.0,0.0,0.0,0.0,0.0,0.0,0.0,0.0,0.0,
1977,rivers,word,593,589,NOUN,0.0,0.0,1.0,0.0,0.0,0.0,0.0,0.0,0.0,0.0,0.0,0.0,0.0,0.0,0.0,0.0,0.0,riverside
2025,fog,word,591,545,NOUN,0.0,0.0,0.904,0.01,0.069,0.0,0.017,0.0,0.0,0.0,0.0,0.0,0.0,0.0,0.0,0.0,0.0,foggy fogged
1815,person,word,588,580,NOUN,0.0,0.0,0.99,0.0,0.01,0.0,0.0,0.0,0.0,0.0,0.0,0.0,0.0,0.0,0.0,0.0,0.0,personal personality
1964,challenge,word,588,522,NOUN,0.002,0.002,0.818,0.18,0.0,0.0,0.002,0.0,0.0,0.0,0.0,0.0,0.0,0.0,0.0,0.0,0.0,challenged
1636,feather,word,586,579,NOUN,0.023,0.023,0.951,0.009,0.009,0.0,0.032,0.0,0.0,0.0,0.0,0.0,0.0,0.0,0.0,0.0,0.0,feathered feathery
1969,ice,word,582,581,NOUN,0.02,0.02,0.978,0.002,0.0,0.0,0.021,0.0,0.0,0.0,0.0,0.0,0.0,0.0,0.0,0.0,0.0,icebergs
438,color,word,577,525,NOUN,0.004,0.004,0.905,0.054,0.017,0.0,0.024,0.0,0.0,0.0,0.0,0.0,0.0,0.0,0.0,0.0,0.0,colored colorland coloring
2000,feelings,word,577,577,NOUN,0.0,0.0,1.0,0.0,0.0,0.0,0.0,0.0,0.0,0.0,0.0,0.0,0.0,0.0,0.0,0.0,0.0,
2038,monster,word,577,477,NOUN,0.023,0.023,0.979,0.0,0.0,0.0,0.021,0.0,0.0,0.0,0.0,0.0,0.0,0.0,0.0,0.0,0.0,monsters
1938,honesty,word,575,575,NOUN,0.01,0.01,0.847,0.0,0.026,0.0,0.127,0.0,0.0,0.0,0.0,0.0,0.0,0.0,0.0,0.0,0.0,
1643,bit,word,574,471,NOUN,0.0,0.0,0.913,0.077,0.01,0.0,0.0,0.0,0.0,0.0,0.0,0.0,0.0,0.0,0.0,0.0,0.0,bits biting bitten
1955,revenge,word,574,574,NOUN,0.0,0.0,0.976,0.017,0.005,0.0,0.002,0.0,0.0,0.0,0.0,0.0,0.0,0.0,0.0,0.0,0.0,
1974,prince,word,573,571,NOUN,0.011,0.011,0.99,0.0,0.0,0.0,0.01,0.0,0.0,0.0,0.0,0.0,0.0,0.0,0.0,0.0,0.0,princes
2006,voices,word,564,564,NOUN,0.002,0.002,0.998,0.0,0.0,0.0,0.002,0.0,0.0,0.0,0.0,0.0,0.0,0.0,0.0,0.0,0.0,
1587,symbol,word,561,527,NOUN,0.0,0.0,0.939,0.059,0.002,0.0,0.0,0.0,0.0,0.0,0.0,0.0,0.0,0.0,0.0,0.0,0.0,symbolized symbolizing symbolize
1949,dinosaurs,word,557,557,NOUN,0.0,0.0,0.998,0.002,0.0,0.0,0.0,0.0,0.0,0.0,0.0,0.0,0.0,0.0,0.0,0.0,0.0,
1748,sign,word,555,431,NOUN,0.0,0.0,0.888,0.106,0.005,0.0,0.0,0.0,0.0,0.0,0.0,0.0,0.0,0.0,0.0,0.0,0.0,signal signaling signed
1998,imagination,word,554,486,NOUN,0.017,0.017,0.984,0.0,0.0,0.0,0.016,0.0,0.0,0.0,0.0,0.0,0.0,0.0,0.0,0.0,0.0,imaginations
1868,winter,word,553,543,NOUN,0.065,0.075,0.937,0.0,0.0,0.0,0.063,0.0,0.0,0.0,0.0,0.0,0.0,0.0,0.0,0.0,0.0,winters winterhill
1975,shapes,word,551,545,NOUN,0.002,0.002,0.98,0.018,0.0,0.0,0.002,0.0,0.0,0.0,0.0,0.0,0.0,0.0,0.0,0.0,0.0,shapeshifter shapeshifting
2001,word,word,551,551,NOUN,0.002,0.002,0.996,0.0,0.0,0.0,0.004,0.0,0.0,0.0,0.0,0.0,0.0,0.0,0.0,0.0,0.0,
2082,surface,word,546,503,NOUN,0.0,0.0,0.923,0.077,0.0,0.0,0.0,0.0,0.0,0.0,0.0,0.0,0.0,0.0,0.0,0.0,0.0,surfaced surfaces
1943,whisper,word,545,538,NOUN,0.022,0.022,0.574,0.394,0.0,0.0,0.031,0.0,0.0,0.0,0.0,0.0,0.0,0.0,0.0,0.0,0.0,whisperer whisperwind whispery
1948,moonlight,word,545,545,NOUN,0.024,0.024,0.978,0.0,0.0,0.0,0.022,0.0,0.0,0.0,0.0,0.0,0.0,0.0,0.0,0.0,0.0,
1971,hills,word,542,541,NOUN,0.011,0.011,0.989,0.0,0.0,0.0,0.011,0.0,0.0,0.0,0.0,0.0,0.0,0.0,0.0,0.0,0.0,hillside
1990,sorrow,word,541,513,NOUN,0.0,0.0,0.98,0.0,0.017,0.002,0.002,0.0,0.0,0.0,0.0,0.0,0.0,0.0,0.0,0.0,0.0,sorrows sorrowful sorrowfully
2094,tower,word,539,456,NOUN,0.002,0.002,0.842,0.154,0.002,0.0,0.002,0.0,0.0,0.0,0.0,0.0,0.0,0.0,0.0,0.0,0.0,towered towering
2228,ride,word,539,446,NOUN,0.0,0.002,0.525,0.464,0.0,0.0,0.011,0.0,0.0,0.0,0.0,0.0,0.0,0.0,0.0,0.0,0.0,rides rider riders
2064,street,word,533,479,NOUN,0.002,0.002,0.998,0.0,0.0,0.0,0.002,0.0,0.0,0.0,0.0,0.0,0.0,0.0,0.0,0.0,0.0,streetlamp streetlights streetlight
2240,tricks,word,533,431,NOUN,0.005,0.005,0.981,0.006,0.0,0.0,0.013,0.0,0.0,0.0,0.0,0.0,0.0,0.0,0.0,0.0,0.0,trickster tricksters
2002,center,word,532,531,NOUN,0.0,0.0,0.998,0.0,0.002,0.0,0.0,0.0,0.0,0.0,0.0,0.0,0.0,0.0,0.0,0.0,0.0,centerpiece
1980,nature,word,530,530,NOUN,0.0,0.0,1.0,0.0,0.0,0.0,0.0,0.0,0.0,0.0,0.0,0.0,0.0,0.0,0.0,0.0,0.0,
2027,plans,word,530,530,NOUN,0.0,0.008,0.985,0.015,0.0,0.0,0.0,0.0,0.0,0.0,0.0,0.0,0.0,0.0,0.0,0.0,0.0,
2047,traveler,word,530,460,NOUN,0.02,0.02,0.983,0.0,0.0,0.0,0.017,0.0,0.0,0.0,0.0,0.0,0.0,0.0,0.0,0.0,0.0,travelers
1999,afternoon,word,528,518,NOUN,0.0,0.0,1.0,0.0,0.0,0.0,0.0,0.0,0.0,0.0,0.0,0.0,0.0,0.0,0.0,0.0,0.0,afternoons
2014,universe,word,528,528,NOUN,0.0,0.0,1.0,0.0,0.0,0.0,0.0,0.0,0.0,0.0,0.0,0.0,0.0,0.0,0.0,0.0,0.0,
2109,dawn,word,528,499,NOUN,0.016,0.016,0.905,0.055,0.0,0.0,0.04,0.0,0.0,0.0,0.0,0.0,0.0,0.0,0.0,0.0,0.0,dawned dawning
2140,wash,word,528,448,NOUN,0.0,0.0,0.64,0.36,0.0,0.0,0.0,0.0,0.0,0.0,0.0,0.0,0.0,0.0,0.0,0.0,0.0,washing washes
2247,brush,word,528,352,NOUN,0.011,0.011,0.873,0.116,0.002,0.0,0.009,0.0,0.0,0.0,0.0,0.0,0.0,0.0,0.0,0.0,0.0,brushes brushing brushstroke
2053,compass,word,525,462,NOUN,0.004,0.004,0.994,0.0,0.0,0.002,0.004,0.0,0.0,0.0,0.0,0.0,0.0,0.0,0.0,0.0,0.0,compassion compassionately
2108,blanket,word,524,421,NOUN,0.0,0.0,0.939,0.061,0.0,0.0,0.0,0.0,0.0,0.0,0.0,0.0,0.0,0.0,0.0,0.0,0.0,blankets blanketed blanketing
1973,teacher,word,523,496,NOUN,0.0,0.0,1.0,0.0,0.0,0.0,0.0,0.0,0.0,0.0,0.0,0.0,0.0,0.0,0.0,0.0,0.0,teachers
2139,front,word,514,514,NOUN,0.0,0.0,0.973,0.0,0.027,0.0,0.0,0.0,0.0,0.0,0.0,0.0,0.0,0.0,0.0,0.0,0.0,
2031,hopes,word,511,511,NOUN,0.0,0.0,0.961,0.039,0.0,0.0,0.0,0.0,0.0,0.0,0.0,0.0,0.0,0.0,0.0,0.0,0.0,
2092,snowman,word,510,510,NOUN,0.0,0.0,1.0,0.0,0.0,0.0,0.0,0.0,0.0,0.0,0.0,0.0,0.0,0.0,0.0,0.0,0.0,
1550,gem,word,508,508,NOUN,0.057,0.075,0.943,0.0,0.0,0.0,0.057,0.0,0.0,0.0,0.0,0.0,0.0,0.0,0.0,0.0,0.0,
1912,smell,word,504,482,NOUN,0.0,0.0,0.766,0.228,0.0,0.006,0.0,0.0,0.0,0.0,0.0,0.0,0.0,0.0,0.0,0.0,0.0,smelling smelly
2077,absence,word,504,504,NOUN,0.0,0.0,0.998,0.002,0.0,0.0,0.0,0.0,0.0,0.0,0.0,0.0,0.0,0.0,0.0,0.0,0.0,
2054,freedom,word,502,502,NOUN,0.004,0.004,0.994,0.0,0.0,0.0,0.006,0.0,0.0,0.0,0.0,0.0,0.0,0.0,0.0,0.0,0.0,
2030,twist,word,501,373,NOUN,0.0,0.0,0.768,0.22,0.012,0.0,0.0,0.0,0.0,0.0,0.0,0.0,0.0,0.0,0.0,0.0,0.0,twisting twists twisty
2044,winds,word,501,494,NOUN,0.002,0.002,0.984,0.0,0.0,0.0,0.016,0.0,0.0,0.0,0.0,0.0,0.0,0.0,0.0,0.0,0.0,windseeker windswept
2192,pearl,word,497,444,NOUN,0.065,0.065,0.936,0.0,0.006,0.0,0.058,0.0,0.0,0.0,0.0,0.0,0.0,0.0,0.0,0.0,0.0,pearls
2116,fingers,word,495,495,NOUN,0.0,0.0,1.0,0.0,0.0,0.0,0.0,0.0,0.0,0.0,0.0,0.0,0.0,0.0,0.0,0.0,0.0,
2099,line,word,491,490,NOUN,0.0,0.0,0.996,0.004,0.0,0.0,0.0,0.0,0.0,0.0,0.0,0.0,0.0,0.0,0.0,0.0,0.0,lineage
2159,pages,word,491,491,NOUN,0.01,0.01,0.99,0.0,0.0,0.0,0.01,0.0,0.0,0.0,0.0,0.0,0.0,0.0,0.0,0.0,0.0,
2036,cookies,word,489,489,NOUN,0.002,0.002,0.998,0.0,0.0,0.0,0.002,0.0,0.0,0.0,0.0,0.0,0.0,0.0,0.0,0.0,0.0,
2424,hunt,word,488,359,NOUN,0.022,0.022,0.914,0.057,0.002,0.0,0.027,0.0,0.0,0.0,0.0,0.0,0.0,0.0,0.0,0.0,0.0,hunters hunter hunts
2061,paths,word,487,487,NOUN,0.002,0.002,0.996,0.002,0.0,0.0,0.002,0.0,0.0,0.0,0.0,0.0,0.0,0.0,0.0,0.0,0.0,
2118,knowledge,word,484,484,NOUN,0.009,0.009,0.94,0.0,0.0,0.0,0.06,0.0,0.0,0.0,0.0,0.0,0.0,0.0,0.0,0.0,0.0,
2074,heroes,word,483,483,NOUN,0.008,0.008,0.99,0.0,0.0,0.0,0.01,0.0,0.0,0.0,0.0,0.0,0.0,0.0,0.0,0.0,0.0,
1953,ones,word,478,478,NOUN,0.023,0.023,0.977,0.0,0.0,0.0,0.023,0.0,0.0,0.0,0.0,0.0,0.0,0.0,0.0,0.0,0.0,
2058,balloon,word,476,476,NOUN,0.021,0.021,0.979,0.0,0.0,0.0,0.021,0.0,0.0,0.0,0.0,0.0,0.0,0.0,0.0,0.0,0.0,
2072,cake,word,475,414,NOUN,0.005,0.005,0.987,0.002,0.0,0.0,0.011,0.0,0.0,0.0,0.0,0.0,0.0,0.0,0.0,0.0,0.0,cakes
2210,challenges,word,475,475,NOUN,0.0,0.0,0.989,0.011,0.0,0.0,0.0,0.0,0.0,0.0,0.0,0.0,0.0,0.0,0.0,0.0,0.0,
2165,determination,word,472,472,NOUN,0.0,0.0,1.0,0.0,0.0,0.0,0.0,0.0,0.0,0.0,0.0,0.0,0.0,0.0,0.0,0.0,0.0,
2088,celebration,word,470,429,NOUN,0.028,0.028,0.974,0.0,0.0,0.0,0.026,0.0,0.0,0.0,0.0,0.0,0.0,0.0,0.0,0.0,0.0,celebrations
2339,panic,word,469,375,NOUN,0.038,0.038,0.599,0.224,0.006,0.0,0.171,0.0,0.0,0.0,0.0,0.0,0.0,0.0,0.0,0.0,0.0,panicked panicking
2110,machine,word,465,464,NOUN,0.026,0.026,0.974,0.0,0.0,0.0,0.026,0.0,0.0,0.0,0.0,0.0,0.0,0.0,0.0,0.0,0.0,machinery
2162,canvas,word,464,458,NOUN,0.0,0.0,0.996,0.0,0.0,0.0,0.004,0.0,0.0,0.0,0.0,0.0,0.0,0.0,0.0,0.0,0.0,canvases
2171,butterflies,word,461,461,NOUN,0.0,0.0,0.998,0.002,0.0,0.0,0.0,0.0,0.0,0.0,0.0,0.0,0.0,0.0,0.0,0.0,0.0,
2124,chaos,word,460,460,NOUN,0.004,0.004,0.974,0.015,0.0,0.0,0.011,0.0,0.0,0.0,0.0,0.0,0.0,0.0,0.0,0.0,0.0,
2122,ways,word,458,458,NOUN,0.0,0.0,1.0,0.0,0.0,0.0,0.0,0.0,0.0,0.0,0.0,0.0,0.0,0.0,0.0,0.0,0.0,
2212,betrayal,word,458,452,NOUN,0.003,0.003,0.869,0.0,0.009,0.0,0.122,0.0,0.0,0.0,0.0,0.0,0.0,0.0,0.0,0.0,0.0,betrayals
2138,bench,word,456,431,NOUN,0.0,0.0,0.998,0.002,0.0,0.0,0.0,0.0,0.0,0.0,0.0,0.0,0.0,0.0,0.0,0.0,0.0,benches
1532,quest,word,451,429,NOUN,0.016,0.016,0.982,0.0,0.0,0.0,0.018,0.0,0.0,0.0,0.0,0.0,0.0,0.0,0.0,0.0,0.0,quests
2134,robots,word,449,449,NOUN,0.0,0.0,1.0,0.0,0.0,0.0,0.0,0.0,0.0,0.0,0.0,0.0,0.0,0.0,0.0,0.0,0.0,
2190,feast,word,447,402,NOUN,0.012,0.012,0.924,0.063,0.002,0.0,0.011,0.0,0.0,0.0,0.0,0.0,0.0,0.0,0.0,0.0,0.0,feasted feasts feasting
2123,spring,word,443,434,NOUN,0.022,0.022,0.968,0.007,0.0,0.0,0.025,0.0,0.0,0.0,0.0,0.0,0.0,0.0,0.0,0.0,0.0,springtime springs springing
2217,sight,word,443,353,NOUN,0.0,0.0,1.0,0.0,0.0,0.0,0.0,0.0,0.0,0.0,0.0,0.0,0.0,0.0,0.0,0.0,0.0,sights sighting
2354,control,word,442,364,NOUN,0.0,0.0,0.64,0.357,0.0,0.0,0.002,0.0,0.0,0.0,0.0,0.0,0.0,0.0,0.0,0.0,0.0,controls controlled controller
2243,presence,word,441,441,NOUN,0.0,0.0,1.0,0.0,0.0,0.0,0.0,0.0,0.0,0.0,0.0,0.0,0.0,0.0,0.0,0.0,0.0,
457,mom,word,440,427,NOUN,0.165,0.178,0.777,0.0,0.0,0.0,0.223,0.0,0.0,0.0,0.0,0.0,0.0,0.0,0.0,0.0,0.0,mommy momo
2276,picture,word,440,399,NOUN,0.0,0.0,0.877,0.123,0.0,0.0,0.0,0.0,0.0,0.0,0.0,0.0,0.0,0.0,0.0,0.0,0.0,pictured
2150,snacks,word,439,439,NOUN,0.0,0.0,0.998,0.0,0.0,0.0,0.002,0.0,0.0,0.0,0.0,0.0,0.0,0.0,0.0,0.0,0.0,
1985,mouse,word,434,434,NOUN,0.009,0.009,0.986,0.0,0.0,0.0,0.014,0.0,0.0,0.0,0.0,0.0,0.0,0.0,0.0,0.0,0.0,
2410,beginning,word,432,343,NOUN,0.0,0.0,0.72,0.28,0.0,0.0,0.0,0.0,0.0,0.0,0.0,0.0,0.0,0.0,0.0,0.0,0.0,beginnings
2221,self,word,430,380,NOUN,0.0,0.0,0.912,0.0,0.084,0.005,0.0,0.0,0.0,0.0,0.0,0.0,0.0,0.0,0.0,0.0,0.0,selfish selfishness selfless
1514,grin,word,429,406,NOUN,0.0,0.0,0.974,0.026,0.0,0.0,0.0,0.0,0.0,0.0,0.0,0.0,0.0,0.0,0.0,0.0,0.0,grins grinding grind
2259,oak,word,429,427,NOUN,0.0,0.0,0.998,0.0,0.0,0.0,0.002,0.0,0.0,0.0,0.0,0.0,0.0,0.0,0.0,0.0,0.0,oaks oakville
2311,beast,word,429,408,NOUN,0.037,0.037,0.965,0.0,0.0,0.0,0.035,0.0,0.0,0.0,0.0,0.0,0.0,0.0,0.0,0.0,0.0,beasts
2293,circle,word,427,392,NOUN,0.204,0.204,0.728,0.084,0.0,0.0,0.187,0.0,0.0,0.0,0.0,0.0,0.0,0.0,0.0,0.0,0.0,circled
2327,floor,word,427,387,NOUN,0.0,0.0,0.998,0.0,0.0,0.0,0.002,0.0,0.0,0.0,0.0,0.0,0.0,0.0,0.0,0.0,0.0,floorboards floors floorboard
2336,clues,word,427,427,NOUN,0.0,0.0,0.998,0.002,0.0,0.0,0.0,0.0,0.0,0.0,0.0,0.0,0.0,0.0,0.0,0.0,0.0,
2278,hair,word,426,398,NOUN,0.0,0.0,0.953,0.0,0.047,0.0,0.0,0.0,0.0,0.0,0.0,0.0,0.0,0.0,0.0,0.0,0.0,haired hairs haircut
2360,bike,word,421,373,NOUN,0.011,0.011,0.988,0.0,0.0,0.0,0.012,0.0,0.0,0.0,0.0,0.0,0.0,0.0,0.0,0.0,0.0,bikes
2188,fields,word,419,419,NOUN,0.012,0.012,0.988,0.0,0.0,0.0,0.012,0.0,0.0,0.0,0.0,0.0,0.0,0.0,0.0,0.0,0.0,
2220,creativity,word,419,419,NOUN,0.0,0.002,1.0,0.0,0.0,0.0,0.0,0.0,0.0,0.0,0.0,0.0,0.0,0.0,0.0,0.0,0.0,
2208,vines,word,416,416,NOUN,0.0,0.0,1.0,0.0,0.0,0.0,0.0,0.0,0.0,0.0,0.0,0.0,0.0,0.0,0.0,0.0,0.0,
2320,fort,word,416,317,NOUN,0.0,0.0,0.986,0.005,0.005,0.002,0.0,0.0,0.0,0.0,0.0,0.0,0.0,0.0,0.002,0.0,0.0,fortune forts fortress
2509,pile,word,414,327,NOUN,0.0,0.0,0.896,0.104,0.0,0.0,0.0,0.0,0.0,0.0,0.0,0.0,0.0,0.0,0.0,0.0,0.0,piles piled
2328,spell,word,412,311,NOUN,0.0,0.0,0.966,0.029,0.005,0.0,0.0,0.0,0.0,0.0,0.0,0.0,0.0,0.0,0.0,0.0,0.0,spells spelling spelled
2132,dirt,word,411,371,NOUN,0.0,0.0,0.891,0.0,0.097,0.0,0.012,0.0,0.0,0.0,0.0,0.0,0.0,0.0,0.0,0.0,0.0,dirty dirtier
2363,thief,word,410,410,NOUN,0.029,0.032,0.971,0.0,0.0,0.0,0.029,0.0,0.0,0.0,0.0,0.0,0.0,0.0,0.0,0.0,0.0,
2186,spirits,word,408,408,NOUN,0.002,0.002,0.998,0.0,0.0,0.0,0.002,0.0,0.0,0.0,0.0,0.0,0.0,0.0,0.0,0.0,0.0,
2232,thing,word,403,403,NOUN,0.0,0.0,1.0,0.0,0.0,0.0,0.0,0.0,0.0,0.0,0.0,0.0,0.0,0.0,0.0,0.0,0.0,
2242,branch,word,400,400,NOUN,0.013,0.013,0.963,0.025,0.0,0.0,0.013,0.0,0.0,0.0,0.0,0.0,0.0,0.0,0.0,0.0,0.0,
2471,tug,word,400,334,NOUN,0.0,0.0,0.84,0.158,0.003,0.0,0.0,0.0,0.0,0.0,0.0,0.0,0.0,0.0,0.0,0.0,0.0,tugged tugging tugs
2275,choices,word,398,398,NOUN,0.008,0.008,0.99,0.003,0.0,0.0,0.008,0.0,0.0,0.0,0.0,0.0,0.0,0.0,0.0,0.0,0.0,
2196,pictures,word,397,397,NOUN,0.0,0.0,1.0,0.0,0.0,0.0,0.0,0.0,0.0,0.0,0.0,0.0,0.0,0.0,0.0,0.0,0.0,
2257,summer,word,396,387,NOUN,0.024,0.026,0.975,0.0,0.0,0.0,0.025,0.0,0.0,0.0,0.0,0.0,0.0,0.0,0.0,0.0,0.0,summers
2416,hole,word,396,338,NOUN,0.0,0.0,1.0,0.0,0.0,0.0,0.0,0.0,0.0,0.0,0.0,0.0,0.0,0.0,0.0,0.0,0.0,holes
2277,pride,word,395,392,NOUN,0.0,0.0,0.982,0.01,0.0,0.0,0.008,0.0,0.0,0.0,0.0,0.0,0.0,0.0,0.0,0.0,0.0,prided
1932,bag,word,394,394,NOUN,0.0,0.0,1.0,0.0,0.0,0.0,0.0,0.0,0.0,0.0,0.0,0.0,0.0,0.0,0.0,0.0,0.0,
2420,difference,word,388,346,NOUN,0.0,0.0,1.0,0.0,0.0,0.0,0.0,0.0,0.0,0.0,0.0,0.0,0.0,0.0,0.0,0.0,0.0,differences
2433,trouble,word,388,333,NOUN,0.0,0.0,0.881,0.028,0.088,0.0,0.003,0.0,0.0,0.0,0.0,0.0,0.0,0.0,0.0,0.0,0.0,troubled troublemaker
2565,crash,word,388,300,NOUN,0.0,0.0,0.606,0.394,0.0,0.0,0.0,0.0,0.0,0.0,0.0,0.0,0.0,0.0,0.0,0.0,0.0,crashing crashes
2592,lands,word,388,293,NOUN,0.0,0.0,0.936,0.062,0.0,0.0,0.003,0.0,0.0,0.0,0.0,0.0,0.0,0.0,0.0,0.0,0.0,landscape landscapes landslide
2309,bed,word,387,355,NOUN,0.0,0.0,1.0,0.0,0.0,0.0,0.0,0.0,0.0,0.0,0.0,0.0,0.0,0.0,0.0,0.0,0.0,bedroom bedtime beds
2386,artist,word,386,293,NOUN,0.0,0.0,1.0,0.0,0.0,0.0,0.0,0.0,0.0,0.0,0.0,0.0,0.0,0.0,0.0,0.0,0.0,artists
2253,society,word,385,385,NOUN,0.099,0.099,0.901,0.0,0.0,0.0,0.099,0.0,0.0,0.0,0.0,0.0,0.0,0.0,0.0,0.0,0.0,
2298,ruins,word,385,385,NOUN,0.0,0.0,0.982,0.016,0.0,0.0,0.003,0.0,0.0,0.0,0.0,0.0,0.0,0.0,0.0,0.0,0.0,
2284,clearing,word,384,384,NOUN,0.0,0.0,0.982,0.018,0.0,0.0,0.0,0.0,0.0,0.0,0.0,0.0,0.0,0.0,0.0,0.0,0.0,
2497,test,word,384,230,NOUN,0.0,0.0,0.609,0.391,0.0,0.0,0.0,0.0,0.0,0.0,0.0,0.0,0.0,0.0,0.0,0.0,0.0,tested testament testing
2325,greed,word,383,312,NOUN,0.0,0.0,0.794,0.0,0.18,0.003,0.023,0.0,0.0,0.0,0.0,0.0,0.0,0.0,0.0,0.0,0.0,greedy greedily
1909,lantern,word,381,381,NOUN,0.005,0.005,0.929,0.003,0.055,0.0,0.013,0.0,0.0,0.0,0.0,0.0,0.0,0.0,0.0,0.0,0.0,
2029,stream,word,381,282,NOUN,0.0,0.0,0.761,0.239,0.0,0.0,0.0,0.0,0.0,0.0,0.0,0.0,0.0,0.0,0.0,0.0,0.0,streamed streaming streamers
2407,drawings,word,381,381,NOUN,0.0,0.0,1.0,0.0,0.0,0.0,0.0,0.0,0.0,0.0,0.0,0.0,0.0,0.0,0.0,0.0,0.0,
2504,sword,word,379,326,NOUN,0.006,0.006,0.995,0.0,0.0,0.0,0.005,0.0,0.0,0.0,0.0,0.0,0.0,0.0,0.0,0.0,0.0,swords
2294,tail,word,378,347,NOUN,0.0,0.0,1.0,0.0,0.0,0.0,0.0,0.0,0.0,0.0,0.0,0.0,0.0,0.0,0.0,0.0,0.0,tails tailor
2349,diamonds,word,377,377,NOUN,0.0,0.0,1.0,0.0,0.0,0.0,0.0,0.0,0.0,0.0,0.0,0.0,0.0,0.0,0.0,0.0,0.0,
2369,roots,word,376,376,NOUN,0.0,0.0,1.0,0.0,0.0,0.0,0.0,0.0,0.0,0.0,0.0,0.0,0.0,0.0,0.0,0.0,0.0,
2478,week,word,375,318,NOUN,0.003,0.003,0.997,0.0,0.0,0.0,0.003,0.0,0.0,0.0,0.0,0.0,0.0,0.0,0.0,0.0,0.0,weekend weekends
1911,class,word,374,337,NOUN,0.0,0.0,0.997,0.0,0.003,0.0,0.0,0.0,0.0,0.0,0.0,0.0,0.0,0.0,0.0,0.0,0.0,classmate classes classic
2268,shells,word,374,374,NOUN,0.003,0.003,0.995,0.003,0.0,0.0,0.003,0.0,0.0,0.0,0.0,0.0,0.0,0.0,0.0,0.0,0.0,
2405,meeting,word,373,348,NOUN,0.0,0.0,0.694,0.306,0.0,0.0,0.0,0.0,0.0,0.0,0.0,0.0,0.0,0.0,0.0,0.0,0.0,meetings
2279,tradition,word,372,368,NOUN,0.006,0.012,0.984,0.0,0.008,0.003,0.005,0.0,0.0,0.0,0.0,0.0,0.0,0.0,0.0,0.0,0.0,traditional traditionally
2448,shop,word,372,296,NOUN,0.003,0.003,0.981,0.016,0.0,0.0,0.003,0.0,0.0,0.0,0.0,0.0,0.0,0.0,0.0,0.0,0.0,shopkeeper shops shopping
2516,twinkle,word,372,369,NOUN,0.149,0.149,0.497,0.296,0.0,0.0,0.207,0.0,0.0,0.0,0.0,0.0,0.0,0.0,0.0,0.0,0.0,twinkles
1704,fruit,word,371,366,NOUN,0.003,0.003,0.995,0.0,0.0,0.0,0.005,0.0,0.0,0.0,0.0,0.0,0.0,0.0,0.0,0.0,0.0,fruity
2430,push,word,371,348,NOUN,0.0,0.0,0.598,0.402,0.0,0.0,0.0,0.0,0.0,0.0,0.0,0.0,0.0,0.0,0.0,0.0,0.0,pushes
2457,failure,word,371,318,NOUN,0.0,0.0,1.0,0.0,0.0,0.0,0.0,0.0,0.0,0.0,0.0,0.0,0.0,0.0,0.0,0.0,0.0,failures
2302,backyard,word,369,368,NOUN,0.0,0.0,1.0,0.0,0.0,0.0,0.0,0.0,0.0,0.0,0.0,0.0,0.0,0.0,0.0,0.0,0.0,backyards
2607,shift,word,369,205,NOUN,0.0,0.0,0.612,0.382,0.005,0.0,0.0,0.0,0.0,0.0,0.0,0.0,0.0,0.0,0.0,0.0,0.0,shifting shifter shifts
2335,superhero,word,367,303,NOUN,0.003,0.003,0.997,0.0,0.0,0.0,0.003,0.0,0.0,0.0,0.0,0.0,0.0,0.0,0.0,0.0,0.0,superheroes
2389,flicker,word,366,348,NOUN,0.0,0.0,0.861,0.052,0.085,0.0,0.003,0.0,0.0,0.0,0.0,0.0,0.0,0.0,0.0,0.0,0.0,flickers
2455,fairies,word,364,364,NOUN,0.0,0.0,1.0,0.0,0.0,0.0,0.0,0.0,0.0,0.0,0.0,0.0,0.0,0.0,0.0,0.0,0.0,
2331,bushes,word,363,363,NOUN,0.0,0.0,1.0,0.0,0.0,0.0,0.0,0.0,0.0,0.0,0.0,0.0,0.0,0.0,0.0,0.0,0.0,
2919,surge,word,363,258,NOUN,0.0,0.0,0.691,0.309,0.0,0.0,0.0,0.0,0.0,0.0,0.0,0.0,0.0,0.0,0.0,0.0,0.0,surged surgery
2341,answers,word,362,362,NOUN,0.0,0.0,0.992,0.008,0.0,0.0,0.0,0.0,0.0,0.0,0.0,0.0,0.0,0.0,0.0,0.0,0.0,
2057,stick,word,360,249,NOUN,0.0,0.0,0.622,0.233,0.139,0.0,0.006,0.0,0.0,0.0,0.0,0.0,0.0,0.0,0.0,0.0,0.0,sticky stickers sticking
2473,sunset,word,360,345,NOUN,0.0,0.0,1.0,0.0,0.0,0.0,0.0,0.0,0.0,0.0,0.0,0.0,0.0,0.0,0.0,0.0,0.0,sunsets
2493,meadow,word,360,340,NOUN,0.015,0.015,0.956,0.0,0.0,0.0,0.044,0.0,0.0,0.0,0.0,0.0,0.0,0.0,0.0,0.0,0.0,meadows meadowbrook
2531,page,word,360,360,NOUN,0.0,0.0,1.0,0.0,0.0,0.0,0.0,0.0,0.0,0.0,0.0,0.0,0.0,0.0,0.0,0.0,0.0,
1534,mist,word,359,349,NOUN,0.048,0.048,0.903,0.0,0.0,0.0,0.097,0.0,0.0,0.0,0.0,0.0,0.0,0.0,0.0,0.0,0.0,mists mistwood mistral
2130,hall,word,359,233,NOUN,0.013,0.013,0.844,0.0,0.003,0.0,0.153,0.0,0.0,0.0,0.0,0.0,0.0,0.0,0.0,0.0,0.0,halloween hallway hallways
1946,sail,word,358,286,NOUN,0.004,0.004,0.522,0.472,0.0,0.0,0.006,0.0,0.0,0.0,0.0,0.0,0.0,0.0,0.0,0.0,0.0,sails sailboat
2373,son,word,357,354,NOUN,0.0,0.0,1.0,0.0,0.0,0.0,0.0,0.0,0.0,0.0,0.0,0.0,0.0,0.0,0.0,0.0,0.0,sons
2393,lessons,word,357,357,NOUN,0.003,0.003,0.997,0.0,0.0,0.0,0.003,0.0,0.0,0.0,0.0,0.0,0.0,0.0,0.0,0.0,0.0,
2468,turns,word,354,354,NOUN,0.0,0.0,0.811,0.189,0.0,0.0,0.0,0.0,0.0,0.0,0.0,0.0,0.0,0.0,0.0,0.0,0.0,
2356,symbols,word,352,352,NOUN,0.0,0.0,1.0,0.0,0.0,0.0,0.0,0.0,0.0,0.0,0.0,0.0,0.0,0.0,0.0,0.0,0.0,
2623,wolf,word,348,348,NOUN,0.003,0.003,0.983,0.0,0.0,0.0,0.017,0.0,0.0,0.0,0.0,0.0,0.0,0.0,0.0,0.0,0.0,
2660,trap,word,348,263,NOUN,0.0,0.0,0.828,0.172,0.0,0.0,0.0,0.0,0.0,0.0,0.0,0.0,0.0,0.0,0.0,0.0,0.0,traps trapping trapdoor
2746,support,word,348,296,NOUN,0.0,0.0,0.52,0.466,0.014,0.0,0.0,0.0,0.0,0.0,0.0,0.0,0.0,0.0,0.0,0.0,0.0,supporting supported supportive
2442,kitchen,word,346,346,NOUN,0.003,0.003,0.997,0.0,0.0,0.0,0.003,0.0,0.0,0.0,0.0,0.0,0.0,0.0,0.0,0.0,0.0,
2443,bottle,word,346,303,NOUN,0.0,0.0,0.994,0.0,0.006,0.0,0.0,0.0,0.0,0.0,0.0,0.0,0.0,0.0,0.0,0.0,0.0,bottles bottled
2958,tunnel,word,344,235,NOUN,0.0,0.0,0.997,0.0,0.0,0.0,0.003,0.0,0.0,0.0,0.0,0.0,0.0,0.0,0.0,0.0,0.0,tunnels
2444,fruits,word,343,343,NOUN,0.0,0.0,1.0,0.0,0.0,0.0,0.0,0.0,0.0,0.0,0.0,0.0,0.0,0.0,0.0,0.0,0.0,
2616,net,word,343,297,NOUN,0.0,0.0,0.953,0.0,0.038,0.0,0.009,0.0,0.0,0.0,0.0,0.0,0.0,0.0,0.0,0.0,0.0,nets network netting
2472,coin,word,341,338,NOUN,0.0,0.0,1.0,0.0,0.0,0.0,0.0,0.0,0.0,0.0,0.0,0.0,0.0,0.0,0.0,0.0,0.0,coincidence
2494,train,word,341,187,NOUN,0.0,0.0,0.666,0.334,0.0,0.0,0.0,0.0,0.0,0.0,0.0,0.0,0.0,0.0,0.0,0.0,0.0,trained training trains
2555,problem,word,339,339,NOUN,0.0,0.0,1.0,0.0,0.0,0.0,0.0,0.0,0.0,0.0,0.0,0.0,0.0,0.0,0.0,0.0,0.0,
2606,bush,word,336,331,NOUN,0.0,0.0,0.86,0.0,0.015,0.0,0.125,0.0,0.0,0.0,0.0,0.0,0.0,0.0,0.0,0.0,0.0,bushy
2708,hug,word,336,193,NOUN,0.0,0.0,0.649,0.289,0.0,0.0,0.062,0.0,0.0,0.0,0.0,0.0,0.0,0.0,0.0,0.0,0.0,hugs hugging
2020,lock,word,335,229,NOUN,0.0,0.0,0.967,0.03,0.0,0.0,0.003,0.0,0.0,0.0,0.0,0.0,0.0,0.0,0.0,0.0,0.0,locks locker lockers
2357,puppy,word,335,335,NOUN,0.0,0.0,0.958,0.0,0.039,0.0,0.003,0.0,0.0,0.0,0.0,0.0,0.0,0.0,0.0,0.0,0.0,
2563,comet,word,334,279,NOUN,0.0,0.0,0.991,0.003,0.003,0.0,0.003,0.0,0.0,0.0,0.0,0.0,0.0,0.0,0.0,0.0,0.0,comets
2385,button,word,333,333,NOUN,0.003,0.003,0.997,0.0,0.0,0.0,0.003,0.0,0.0,0.0,0.0,0.0,0.0,0.0,0.0,0.0,0.0,
2488,clothes,word,333,333,NOUN,0.003,0.003,0.997,0.0,0.0,0.0,0.003,0.0,0.0,0.0,0.0,0.0,0.0,0.0,0.0,0.0,0.0,
2544,reflection,word,333,293,NOUN,0.0,0.0,1.0,0.0,0.0,0.0,0.0,0.0,0.0,0.0,0.0,0.0,0.0,0.0,0.0,0.0,0.0,reflections
2641,pocket,word,333,296,NOUN,0.0,0.0,0.991,0.009,0.0,0.0,0.0,0.0,0.0,0.0,0.0,0.0,0.0,0.0,0.0,0.0,0.0,pockets pocketed
1410,seed,word,332,326,NOUN,0.0,0.0,1.0,0.0,0.0,0.0,0.0,0.0,0.0,0.0,0.0,0.0,0.0,0.0,0.0,0.0,0.0,seedling
2753,base,word,330,242,NOUN,0.0,0.0,0.948,0.052,0.0,0.0,0.0,0.0,0.0,0.0,0.0,0.0,0.0,0.0,0.0,0.0,0.0,baseball basement based
2756,warning,word,330,275,NOUN,0.0,0.0,0.736,0.252,0.0,0.0,0.012,0.0,0.0,0.0,0.0,0.0,0.0,0.0,0.0,0.0,0.0,warnings
2514,octopus,word,329,328,NOUN,0.045,0.045,0.894,0.0,0.0,0.0,0.106,0.0,0.0,0.0,0.0,0.0,0.0,0.0,0.0,0.0,0.0,octopuses
2611,guardian,word,329,329,NOUN,0.247,0.247,0.72,0.0,0.018,0.0,0.261,0.0,0.0,0.0,0.0,0.0,0.0,0.0,0.0,0.0,0.0,
2620,middle,word,329,329,NOUN,0.0,0.0,0.985,0.0,0.015,0.0,0.0,0.0,0.0,0.0,0.0,0.0,0.0,0.0,0.0,0.0,0.0,
2585,mermaid,word,328,287,NOUN,0.052,0.052,0.905,0.009,0.037,0.0,0.049,0.0,0.0,0.0,0.0,0.0,0.0,0.0,0.0,0.0,0.0,mermaids
2486,leaf,word,326,314,NOUN,0.045,0.045,0.914,0.006,0.006,0.0,0.074,0.0,0.0,0.0,0.0,0.0,0.0,0.0,0.0,0.0,0.0,leafy leafhaven leafs
2491,roar,word,326,264,NOUN,0.0,0.0,0.801,0.19,0.0,0.0,0.009,0.0,0.0,0.0,0.0,0.0,0.0,0.0,0.0,0.0,0.0,roaring roars
2573,skin,word,325,318,NOUN,0.0,0.0,0.991,0.006,0.003,0.0,0.0,0.0,0.0,0.0,0.0,0.0,0.0,0.0,0.0,0.0,0.0,skins skinned skinning
3145,pie,word,325,193,NOUN,0.016,0.016,0.825,0.163,0.0,0.0,0.012,0.0,0.0,0.0,0.0,0.0,0.0,0.0,0.0,0.0,0.0,pies pierced piercing
2501,daughter,word,324,318,NOUN,0.0,0.0,1.0,0.0,0.0,0.0,0.0,0.0,0.0,0.0,0.0,0.0,0.0,0.0,0.0,0.0,0.0,daughters
2688,goal,word,324,256,NOUN,0.0,0.0,1.0,0.0,0.0,0.0,0.0,0.0,0.0,0.0,0.0,0.0,0.0,0.0,0.0,0.0,0.0,goals goalie goalkeeper
2560,stroke,word,323,298,NOUN,0.0,0.0,0.963,0.037,0.0,0.0,0.0,0.0,0.0,0.0,0.0,0.0,0.0,0.0,0.0,0.0,0.0,strokes stroked
2479,nights,word,320,314,NOUN,0.003,0.007,0.994,0.0,0.0,0.0,0.006,0.0,0.0,0.0,0.0,0.0,0.0,0.0,0.0,0.0,0.0,nightstand nightshade
2427,purpose,word,318,317,NOUN,0.0,0.0,1.0,0.0,0.0,0.0,0.0,0.0,0.0,0.0,0.0,0.0,0.0,0.0,0.0,0.0,0.0,purposes
2683,stage,word,318,317,NOUN,0.0,0.0,1.0,0.0,0.0,0.0,0.0,0.0,0.0,0.0,0.0,0.0,0.0,0.0,0.0,0.0,0.0,stages
2154,glass,word,317,317,NOUN,0.032,0.032,0.968,0.0,0.0,0.0,0.032,0.0,0.0,0.0,0.0,0.0,0.0,0.0,0.0,0.0,0.0,
2419,market,word,317,295,NOUN,0.0,0.0,1.0,0.0,0.0,0.0,0.0,0.0,0.0,0.0,0.0,0.0,0.0,0.0,0.0,0.0,0.0,marketplace markets
2557,battle,word,315,264,NOUN,0.004,0.004,0.867,0.13,0.0,0.0,0.003,0.0,0.0,0.0,0.0,0.0,0.0,0.0,0.0,0.0,0.0,battled battlefield battleground
2435,dad,word,314,300,NOUN,0.335,0.335,0.564,0.0,0.0,0.0,0.436,0.0,0.0,0.0,0.0,0.0,0.0,0.0,0.0,0.0,0.0,daddy
2835,comfort,word,314,230,NOUN,0.0,0.0,0.618,0.354,0.029,0.0,0.0,0.0,0.0,0.0,0.0,0.0,0.0,0.0,0.0,0.0,0.0,comforted comforting comforts
2467,storms,word,313,313,NOUN,0.0,0.0,0.997,0.003,0.0,0.0,0.0,0.0,0.0,0.0,0.0,0.0,0.0,0.0,0.0,0.0,0.0,
2541,planets,word,313,313,NOUN,0.0,0.0,1.0,0.0,0.0,0.0,0.0,0.0,0.0,0.0,0.0,0.0,0.0,0.0,0.0,0.0,0.0,
2553,pieces,word,313,313,NOUN,0.0,0.0,1.0,0.0,0.0,0.0,0.0,0.0,0.0,0.0,0.0,0.0,0.0,0.0,0.0,0.0,0.0,
2503,splash,word,312,276,NOUN,0.011,0.011,0.795,0.176,0.003,0.0,0.026,0.0,0.0,0.0,0.0,0.0,0.0,0.0,0.0,0.0,0.0,splashes splashy
2725,riddles,word,312,312,NOUN,0.0,0.0,0.978,0.0,0.0,0.0,0.022,0.0,0.0,0.0,0.0,0.0,0.0,0.0,0.0,0.0,0.0,
2851,bell,word,312,205,NOUN,0.0,0.0,0.946,0.051,0.0,0.0,0.003,0.0,0.0,0.0,0.0,0.0,0.0,0.0,0.0,0.0,0.0,bells bellies belly
2421,view,word,311,297,NOUN,0.0,0.0,0.994,0.006,0.0,0.0,0.0,0.0,0.0,0.0,0.0,0.0,0.0,0.0,0.0,0.0,0.0,views viewed
2475,crab,word,310,281,NOUN,0.011,0.011,0.987,0.0,0.0,0.0,0.013,0.0,0.0,0.0,0.0,0.0,0.0,0.0,0.0,0.0,0.0,crabs
2550,surprises,word,310,310,NOUN,0.003,0.003,0.987,0.01,0.0,0.0,0.003,0.0,0.0,0.0,0.0,0.0,0.0,0.0,0.0,0.0,0.0,
1731,mess,word,309,282,NOUN,0.004,0.004,0.809,0.175,0.01,0.0,0.006,0.0,0.0,0.0,0.0,0.0,0.0,0.0,0.0,0.0,0.0,messed messenger messing
2598,flashlight,word,309,249,NOUN,0.0,0.0,0.994,0.006,0.0,0.0,0.0,0.0,0.0,0.0,0.0,0.0,0.0,0.0,0.0,0.0,0.0,flashlights
2724,mud,word,308,211,NOUN,0.0,0.0,0.685,0.0,0.312,0.0,0.003,0.0,0.0,0.0,0.0,0.0,0.0,0.0,0.0,0.0,0.0,muddy muddiest
2511,longing,word,307,304,NOUN,0.0,0.0,0.752,0.238,0.0,0.007,0.003,0.0,0.0,0.0,0.0,0.0,0.0,0.0,0.0,0.0,0.0,longingly
2696,coral,word,307,259,NOUN,0.06,0.06,0.586,0.0,0.332,0.0,0.081,0.0,0.0,0.0,0.0,0.0,0.0,0.0,0.0,0.0,0.0,corals
2307,pot,word,306,160,NOUN,0.0,0.0,0.974,0.0,0.007,0.0,0.02,0.0,0.0,0.0,0.0,0.0,0.0,0.0,0.0,0.0,0.0,pots potato pottery
2551,steps,word,306,306,NOUN,0.0,0.0,0.859,0.141,0.0,0.0,0.0,0.0,0.0,0.0,0.0,0.0,0.0,0.0,0.0,0.0,0.0,
2841,parrot,word,306,303,NOUN,0.007,0.007,0.912,0.0,0.003,0.016,0.069,0.0,0.0,0.0,0.0,0.0,0.0,0.0,0.0,0.0,0.0,parrotfish parrots
2459,tools,word,303,303,NOUN,0.0,0.0,1.0,0.0,0.0,0.0,0.0,0.0,0.0,0.0,0.0,0.0,0.0,0.0,0.0,0.0,0.0,
2540,project,word,302,253,NOUN,0.0,0.0,0.983,0.017,0.0,0.0,0.0,0.0,0.0,0.0,0.0,0.0,0.0,0.0,0.0,0.0,0.0,projects projector projected
2589,gems,word,302,301,NOUN,0.0,0.0,1.0,0.0,0.0,0.0,0.0,0.0,0.0,0.0,0.0,0.0,0.0,0.0,0.0,0.0,0.0,gemstone
2685,poet,word,302,288,NOUN,0.0,0.0,0.997,0.003,0.0,0.0,0.0,0.0,0.0,0.0,0.0,0.0,0.0,0.0,0.0,0.0,0.0,poetry poets
2590,witch,word,301,296,NOUN,0.007,0.007,0.99,0.003,0.0,0.0,0.007,0.0,0.0,0.0,0.0,0.0,0.0,0.0,0.0,0.0,0.0,witches
2909,stranger,word,301,248,NOUN,0.0,0.0,0.983,0.0,0.017,0.0,0.0,0.0,0.0,0.0,0.0,0.0,0.0,0.0,0.0,0.0,0.0,strangers
2535,princess,word,300,281,NOUN,0.025,0.025,0.943,0.0,0.013,0.0,0.043,0.0,0.0,0.0,0.0,0.0,0.0,0.0,0.0,0.0,0.0,princesses
2575,independence,word,300,300,NOUN,0.02,0.02,0.967,0.0,0.0,0.0,0.033,0.0,0.0,0.0,0.0,0.0,0.0,0.0,0.0,0.0,0.0,
2554,mystery,word,299,299,NOUN,0.0,0.0,0.997,0.0,0.0,0.0,0.003,0.0,0.0,0.0,0.0,0.0,0.0,0.0,0.0,0.0,0.0,
2690,dolphin,word,298,298,NOUN,0.0,0.0,0.977,0.0,0.007,0.017,0.0,0.0,0.0,0.0,0.0,0.0,0.0,0.0,0.0,0.0,0.0,
2813,lady,word,298,206,NOUN,0.005,0.005,0.896,0.0,0.0,0.0,0.104,0.0,0.0,0.0,0.0,0.0,0.0,0.0,0.0,0.0,0.0,ladybug ladybugs
2859,order,word,297,214,NOUN,0.075,0.12,0.754,0.155,0.034,0.0,0.057,0.0,0.0,0.0,0.0,0.0,0.0,0.0,0.0,0.0,0.0,ordered orders orderly
2536,responsibility,word,296,296,NOUN,0.0,0.0,1.0,0.0,0.0,0.0,0.0,0.0,0.0,0.0,0.0,0.0,0.0,0.0,0.0,0.0,0.0,
2742,orb,word,296,275,NOUN,0.022,0.022,0.953,0.01,0.003,0.0,0.034,0.0,0.0,0.0,0.0,0.0,0.0,0.0,0.0,0.0,0.0,orbs orbit orbiting
2462,yard,word,293,285,NOUN,0.0,0.0,1.0,0.0,0.0,0.0,0.0,0.0,0.0,0.0,0.0,0.0,0.0,0.0,0.0,0.0,0.0,yards yardstick
2561,tomorrow,word,293,292,NOUN,0.004,0.021,0.99,0.0,0.0,0.0,0.01,0.0,0.0,0.0,0.0,0.0,0.0,0.0,0.0,0.0,0.0,tomorrows
2566,skies,word,292,292,NOUN,0.0,0.0,1.0,0.0,0.0,0.0,0.0,0.0,0.0,0.0,0.0,0.0,0.0,0.0,0.0,0.0,0.0,
2730,apple,word,292,292,NOUN,0.018,0.018,0.979,0.0,0.0,0.0,0.021,0.0,0.0,0.0,0.0,0.0,0.0,0.0,0.0,0.0,0.0,
2610,tonight,word,291,291,NOUN,0.0,0.056,1.0,0.0,0.0,0.0,0.0,0.0,0.0,0.0,0.0,0.0,0.0,0.0,0.0,0.0,0.0,
2705,jokes,word,291,287,NOUN,0.0,0.0,1.0,0.0,0.0,0.0,0.0,0.0,0.0,0.0,0.0,0.0,0.0,0.0,0.0,0.0,0.0,jokester
2682,message,word,289,257,NOUN,0.0,0.0,0.997,0.003,0.0,0.0,0.0,0.0,0.0,0.0,0.0,0.0,0.0,0.0,0.0,0.0,0.0,messages messaged
2530,delight,word,288,222,NOUN,0.0,0.0,0.771,0.035,0.149,0.035,0.01,0.0,0.0,0.0,0.0,0.0,0.0,0.0,0.0,0.0,0.0,delightful delighted delightfully
2667,fountain,word,288,278,NOUN,0.011,0.011,0.99,0.0,0.0,0.0,0.01,0.0,0.0,0.0,0.0,0.0,0.0,0.0,0.0,0.0,0.0,fountains
2706,alley,word,288,236,NOUN,0.0,0.0,0.997,0.0,0.0,0.0,0.003,0.0,0.0,0.0,0.0,0.0,0.0,0.0,0.0,0.0,0.0,alleys alleyways alleyway
2871,cream,word,288,284,NOUN,0.011,0.011,0.969,0.0,0.014,0.0,0.017,0.0,0.0,0.0,0.0,0.0,0.0,0.0,0.0,0.0,0.0,creamy creamiest
2737,riches,word,285,274,NOUN,0.0,0.0,0.961,0.0,0.039,0.0,0.0,0.0,0.0,0.0,0.0,0.0,0.0,0.0,0.0,0.0,0.0,richest
3264,sock,word,285,148,NOUN,0.041,0.041,0.93,0.0,0.0,0.0,0.07,0.0,0.0,0.0,0.0,0.0,0.0,0.0,0.0,0.0,0.0,socks sockland socktopia
3183,pen,word,284,155,NOUN,0.0,0.0,0.708,0.099,0.151,0.042,0.0,0.0,0.0,0.0,0.0,0.0,0.0,0.0,0.0,0.0,0.0,pendant penned penguins
2621,object,word,283,245,NOUN,0.0,0.0,1.0,0.0,0.0,0.0,0.0,0.0,0.0,0.0,0.0,0.0,0.0,0.0,0.0,0.0,0.0,objects
2526,gifts,word,282,282,NOUN,0.0,0.0,1.0,0.0,0.0,0.0,0.0,0.0,0.0,0.0,0.0,0.0,0.0,0.0,0.0,0.0,0.0,
3108,desire,word,282,202,NOUN,0.0,0.0,0.883,0.11,0.0,0.0,0.007,0.0,0.0,0.0,0.0,0.0,0.0,0.0,0.0,0.0,0.0,desires desired
2559,worries,word,281,281,NOUN,0.0,0.0,0.95,0.05,0.0,0.0,0.0,0.0,0.0,0.0,0.0,0.0,0.0,0.0,0.0,0.0,0.0,
2728,clue,word,281,281,NOUN,0.0,0.0,1.0,0.0,0.0,0.0,0.0,0.0,0.0,0.0,0.0,0.0,0.0,0.0,0.0,0.0,0.0,
2818,cafe,word,280,268,NOUN,0.0,0.0,1.0,0.0,0.0,0.0,0.0,0.0,0.0,0.0,0.0,0.0,0.0,0.0,0.0,0.0,0.0,cafeteria cafes
2880,fate,word,280,224,NOUN,0.005,0.005,0.779,0.007,0.196,0.0,0.018,0.0,0.0,0.0,0.0,0.0,0.0,0.0,0.0,0.0,0.0,fateful fates
2678,horizon,word,279,272,NOUN,0.011,0.011,0.953,0.0,0.0,0.0,0.047,0.0,0.0,0.0,0.0,0.0,0.0,0.0,0.0,0.0,0.0,horizons
2840,spine,word,279,261,NOUN,0.0,0.0,1.0,0.0,0.0,0.0,0.0,0.0,0.0,0.0,0.0,0.0,0.0,0.0,0.0,0.0,0.0,spines
2618,notes,word,278,278,NOUN,0.0,0.0,1.0,0.0,0.0,0.0,0.0,0.0,0.0,0.0,0.0,0.0,0.0,0.0,0.0,0.0,0.0,
2663,cover,word,278,185,NOUN,0.0,0.0,0.507,0.493,0.0,0.0,0.0,0.0,0.0,0.0,0.0,0.0,0.0,0.0,0.0,0.0,0.0,covering covers
2799,player,word,277,277,NOUN,0.0,0.0,1.0,0.0,0.0,0.0,0.0,0.0,0.0,0.0,0.0,0.0,0.0,0.0,0.0,0.0,0.0,
3362,men,word,277,143,NOUN,0.0,0.0,0.567,0.372,0.047,0.014,0.0,0.0,0.0,0.0,0.0,0.0,0.0,0.0,0.0,0.0,0.0,mend mentioned menacing
2519,swing,word,276,238,NOUN,0.0,0.0,0.739,0.257,0.004,0.0,0.0,0.0,0.0,0.0,0.0,0.0,0.0,0.0,0.0,0.0,0.0,swinging
2699,sailor,word,274,195,NOUN,0.0,0.0,1.0,0.0,0.0,0.0,0.0,0.0,0.0,0.0,0.0,0.0,0.0,0.0,0.0,0.0,0.0,sailors
2292,neighbor,word,273,264,NOUN,0.0,0.0,0.996,0.004,0.0,0.0,0.0,0.0,0.0,0.0,0.0,0.0,0.0,0.0,0.0,0.0,0.0,neighboring
2543,cost,word,273,190,NOUN,0.0,0.0,0.85,0.15,0.0,0.0,0.0,0.0,0.0,0.0,0.0,0.0,0.0,0.0,0.0,0.0,0.0,costumes costume costs
1095,wood,word,272,269,NOUN,0.007,0.007,0.989,0.0,0.0,0.0,0.011,0.0,0.0,0.0,0.0,0.0,0.0,0.0,0.0,0.0,0.0,woodcarver woodland woodvale
2622,basket,word,272,165,NOUN,0.0,0.0,1.0,0.0,0.0,0.0,0.0,0.0,0.0,0.0,0.0,0.0,0.0,0.0,0.0,0.0,0.0,basketball baskets basketballs
2632,bread,word,272,270,NOUN,0.004,0.004,0.989,0.0,0.0,0.0,0.011,0.0,0.0,0.0,0.0,0.0,0.0,0.0,0.0,0.0,0.0,breads breadcrumbs
2674,entrance,word,272,252,NOUN,0.0,0.0,0.926,0.074,0.0,0.0,0.0,0.0,0.0,0.0,0.0,0.0,0.0,0.0,0.0,0.0,0.0,entranced
2687,chocolate,word,267,265,NOUN,0.011,0.011,0.974,0.011,0.0,0.0,0.015,0.0,0.0,0.0,0.0,0.0,0.0,0.0,0.0,0.0,0.0,chocolates
2735,homes,word,267,266,NOUN,0.0,0.0,1.0,0.0,0.0,0.0,0.0,0.0,0.0,0.0,0.0,0.0,0.0,0.0,0.0,0.0,0.0,homesickness
2795,necklace,word,267,255,NOUN,0.0,0.0,0.996,0.0,0.0,0.0,0.004,0.0,0.0,0.0,0.0,0.0,0.0,0.0,0.0,0.0,0.0,necklaces
2788,prize,word,266,243,NOUN,0.008,0.008,0.97,0.008,0.015,0.0,0.008,0.0,0.0,0.0,0.0,0.0,0.0,0.0,0.0,0.0,0.0,prizes prized
2581,picnic,word,264,243,NOUN,0.0,0.0,1.0,0.0,0.0,0.0,0.0,0.0,0.0,0.0,0.0,0.0,0.0,0.0,0.0,0.0,0.0,picnics
2721,unicorn,word,263,243,NOUN,0.004,0.004,0.939,0.0,0.046,0.0,0.015,0.0,0.0,0.0,0.0,0.0,0.0,0.0,0.0,0.0,0.0,unicorns
2648,petals,word,262,262,NOUN,0.0,0.0,1.0,0.0,0.0,0.0,0.0,0.0,0.0,0.0,0.0,0.0,0.0,0.0,0.0,0.0,0.0,
2668,wizard,word,262,245,NOUN,0.049,0.049,0.931,0.0,0.0,0.0,0.069,0.0,0.0,0.0,0.0,0.0,0.0,0.0,0.0,0.0,0.0,wizards
2698,questions,word,262,262,NOUN,0.0,0.0,0.992,0.008,0.0,0.0,0.0,0.0,0.0,0.0,0.0,0.0,0.0,0.0,0.0,0.0,0.0,
2767,leap,word,262,214,NOUN,0.0,0.0,0.721,0.279,0.0,0.0,0.0,0.0,0.0,0.0,0.0,0.0,0.0,0.0,0.0,0.0,0.0,leaping leapt leaps
2714,holiday,word,261,223,NOUN,0.0,0.0,0.996,0.0,0.0,0.0,0.004,0.0,0.0,0.0,0.0,0.0,0.0,0.0,0.0,0.0,0.0,holidays
2895,porch,word,261,257,NOUN,0.0,0.0,1.0,0.0,0.0,0.0,0.0,0.0,0.0,0.0,0.0,0.0,0.0,0.0,0.0,0.0,0.0,porches
2938,trip,word,261,230,NOUN,0.0,0.0,0.862,0.138,0.0,0.0,0.0,0.0,0.0,0.0,0.0,0.0,0.0,0.0,0.0,0.0,0.0,trips tripping
2748,form,word,260,217,NOUN,0.0,0.0,0.677,0.215,0.108,0.0,0.0,0.0,0.0,0.0,0.0,0.0,0.0,0.0,0.0,0.0,0.0,former formation formations
2816,history,word,260,260,NOUN,0.0,0.0,1.0,0.0,0.0,0.0,0.0,0.0,0.0,0.0,0.0,0.0,0.0,0.0,0.0,0.0,0.0,
2846,mural,word,260,237,NOUN,0.0,0.0,0.985,0.0,0.015,0.0,0.0,0.0,0.0,0.0,0.0,0.0,0.0,0.0,0.0,0.0,0.0,murals
2786,nest,word,259,205,NOUN,0.0,0.0,0.819,0.178,0.0,0.0,0.004,0.0,0.0,0.0,0.0,0.0,0.0,0.0,0.0,0.0,0.0,nestled nests
2792,victory,word,258,258,NOUN,0.0,0.004,1.0,0.0,0.0,0.0,0.0,0.0,0.0,0.0,0.0,0.0,0.0,0.0,0.0,0.0,0.0,
3343,drop,word,258,131,NOUN,0.0,0.0,0.702,0.298,0.0,0.0,0.0,0.0,0.0,0.0,0.0,0.0,0.0,0.0,0.0,0.0,0.0,drops dropping droplets
3625,curse,word,258,156,NOUN,0.0,0.0,0.605,0.333,0.062,0.0,0.0,0.0,0.0,0.0,0.0,0.0,0.0,0.0,0.0,0.0,0.0,cursed curses
2761,thunder,word,256,220,NOUN,0.054,0.059,0.859,0.043,0.023,0.0,0.074,0.0,0.0,0.0,0.0,0.0,0.0,0.0,0.0,0.0,0.0,thundered thunderbolt thunderous
2625,ears,word,255,255,NOUN,0.0,0.0,1.0,0.0,0.0,0.0,0.0,0.0,0.0,0.0,0.0,0.0,0.0,0.0,0.0,0.0,0.0,
2829,knights,word,255,255,NOUN,0.032,0.032,0.969,0.0,0.0,0.0,0.031,0.0,0.0,0.0,0.0,0.0,0.0,0.0,0.0,0.0,0.0,
2830,locket,word,254,254,NOUN,0.008,0.008,0.992,0.0,0.0,0.0,0.008,0.0,0.0,0.0,0.0,0.0,0.0,0.0,0.0,0.0,0.0,
2713,soul,word,253,248,NOUN,0.0,0.0,0.996,0.0,0.004,0.0,0.0,0.0,0.0,0.0,0.0,0.0,0.0,0.0,0.0,0.0,0.0,soulmate soulful
2790,crystals,word,251,251,NOUN,0.0,0.0,1.0,0.0,0.0,0.0,0.0,0.0,0.0,0.0,0.0,0.0,0.0,0.0,0.0,0.0,0.0,
2844,road,word,251,210,NOUN,0.0,0.0,1.0,0.0,0.0,0.0,0.0,0.0,0.0,0.0,0.0,0.0,0.0,0.0,0.0,0.0,0.0,roads roadside
2751,instant,word,249,193,NOUN,0.0,0.0,0.715,0.0,0.06,0.225,0.0,0.0,0.0,0.0,0.0,0.0,0.0,0.0,0.0,0.0,0.0,instantly
2791,screen,word,249,191,NOUN,0.0,0.0,1.0,0.0,0.0,0.0,0.0,0.0,0.0,0.0,0.0,0.0,0.0,0.0,0.0,0.0,0.0,screens
2736,echoes,word,248,248,NOUN,0.038,0.038,0.923,0.04,0.0,0.0,0.036,0.0,0.0,0.0,0.0,0.0,0.0,0.0,0.0,0.0,0.0,
2723,cheers,word,247,247,NOUN,0.0,0.027,0.968,0.032,0.0,0.0,0.0,0.0,0.0,0.0,0.0,0.0,0.0,0.0,0.0,0.0,0.0,
2822,present,word,246,185,NOUN,0.0,0.0,0.447,0.236,0.317,0.0,0.0,0.0,0.0,0.0,0.0,0.0,0.0,0.0,0.0,0.0,0.0,presented presentation presents
3458,mask,word,246,154,NOUN,0.0,0.0,0.89,0.093,0.016,0.0,0.0,0.0,0.0,0.0,0.0,0.0,0.0,0.0,0.0,0.0,0.0,masks masked masking
2817,job,word,245,225,NOUN,0.0,0.0,1.0,0.0,0.0,0.0,0.0,0.0,0.0,0.0,0.0,0.0,0.0,0.0,0.0,0.0,0.0,jobs
2908,question,word,244,187,NOUN,0.0,0.0,0.684,0.316,0.0,0.0,0.0,0.0,0.0,0.0,0.0,0.0,0.0,0.0,0.0,0.0,0.0,questioned questioning questioners
2867,tension,word,243,240,NOUN,0.0,0.004,1.0,0.0,0.0,0.0,0.0,0.0,0.0,0.0,0.0,0.0,0.0,0.0,0.0,0.0,0.0,tensions
1178,wand,word,242,233,NOUN,0.0,0.0,0.996,0.0,0.0,0.0,0.004,0.0,0.0,0.0,0.0,0.0,0.0,0.0,0.0,0.0,0.0,wands
2802,relief,word,242,242,NOUN,0.0,0.0,1.0,0.0,0.0,0.0,0.0,0.0,0.0,0.0,0.0,0.0,0.0,0.0,0.0,0.0,0.0,
2832,community,word,241,241,NOUN,0.0,0.0,1.0,0.0,0.0,0.0,0.0,0.0,0.0,0.0,0.0,0.0,0.0,0.0,0.0,0.0,0.0,
3025,creation,word,241,189,NOUN,0.0,0.0,1.0,0.0,0.0,0.0,0.0,0.0,0.0,0.0,0.0,0.0,0.0,0.0,0.0,0.0,0.0,creations
2793,flickering,word,240,240,NOUN,0.0,0.005,0.608,0.367,0.025,0.0,0.0,0.0,0.0,0.0,0.0,0.0,0.0,0.0,0.0,0.0,0.0,
2945,sticks,word,240,240,NOUN,0.0,0.0,1.0,0.0,0.0,0.0,0.0,0.0,0.0,0.0,0.0,0.0,0.0,0.0,0.0,0.0,0.0,
3043,desk,word,240,226,NOUN,0.004,0.004,0.992,0.0,0.0,0.0,0.008,0.0,0.0,0.0,0.0,0.0,0.0,0.0,0.0,0.0,0.0,desks
2804,contest,word,239,230,NOUN,0.009,0.009,0.992,0.0,0.0,0.0,0.008,0.0,0.0,0.0,0.0,0.0,0.0,0.0,0.0,0.0,0.0,contests
2913,mistakes,word,237,237,NOUN,0.0,0.0,0.987,0.013,0.0,0.0,0.0,0.0,0.0,0.0,0.0,0.0,0.0,0.0,0.0,0.0,0.0,
2940,friendships,word,237,237,NOUN,0.0,0.0,1.0,0.0,0.0,0.0,0.0,0.0,0.0,0.0,0.0,0.0,0.0,0.0,0.0,0.0,0.0,
2745,lines,word,236,236,NOUN,0.0,0.0,1.0,0.0,0.0,0.0,0.0,0.0,0.0,0.0,0.0,0.0,0.0,0.0,0.0,0.0,0.0,
2747,depths,word,235,235,NOUN,0.0,0.0,1.0,0.0,0.0,0.0,0.0,0.0,0.0,0.0,0.0,0.0,0.0,0.0,0.0,0.0,0.0,
2975,doors,word,235,214,NOUN,0.0,0.0,1.0,0.0,0.0,0.0,0.0,0.0,0.0,0.0,0.0,0.0,0.0,0.0,0.0,0.0,0.0,doorstep doorsteps
3011,shelf,word,235,235,NOUN,0.0,0.0,1.0,0.0,0.0,0.0,0.0,0.0,0.0,0.0,0.0,0.0,0.0,0.0,0.0,0.0,0.0,
3100,logic,word,235,224,NOUN,0.145,0.157,0.647,0.0,0.009,0.009,0.336,0.0,0.0,0.0,0.0,0.0,0.0,0.0,0.0,0.0,0.0,logicfox logically logical
2789,discovery,word,234,234,NOUN,0.004,0.004,0.97,0.004,0.0,0.0,0.026,0.0,0.0,0.0,0.0,0.0,0.0,0.0,0.0,0.0,0.0,
2755,deer,word,233,233,NOUN,0.004,0.004,0.991,0.0,0.0,0.0,0.009,0.0,0.0,0.0,0.0,0.0,0.0,0.0,0.0,0.0,0.0,
2899,feathers,word,233,233,NOUN,0.0,0.0,1.0,0.0,0.0,0.0,0.0,0.0,0.0,0.0,0.0,0.0,0.0,0.0,0.0,0.0,0.0,
2926,growth,word,233,233,NOUN,0.009,0.009,0.991,0.0,0.0,0.0,0.009,0.0,0.0,0.0,0.0,0.0,0.0,0.0,0.0,0.0,0.0,
2848,explorers,word,231,231,NOUN,0.026,0.026,0.974,0.0,0.0,0.0,0.026,0.0,0.0,0.0,0.0,0.0,0.0,0.0,0.0,0.0,0.0,
3040,souls,word,231,231,NOUN,0.0,0.004,1.0,0.0,0.0,0.0,0.0,0.0,0.0,0.0,0.0,0.0,0.0,0.0,0.0,0.0,0.0,
3463,cloak,word,231,130,NOUN,0.0,0.0,0.658,0.32,0.022,0.0,0.0,0.0,0.0,0.0,0.0,0.0,0.0,0.0,0.0,0.0,0.0,cloaked cloaks cloaking
3002,practice,word,230,222,NOUN,0.0,0.0,0.6,0.4,0.0,0.0,0.0,0.0,0.0,0.0,0.0,0.0,0.0,0.0,0.0,0.0,0.0,practices
3350,roof,word,230,149,NOUN,0.0,0.0,1.0,0.0,0.0,0.0,0.0,0.0,0.0,0.0,0.0,0.0,0.0,0.0,0.0,0.0,0.0,rooftop rooftops roofs
2873,notebook,word,228,224,NOUN,0.0,0.0,0.996,0.0,0.0,0.0,0.004,0.0,0.0,0.0,0.0,0.0,0.0,0.0,0.0,0.0,0.0,notebooks
3795,force,word,227,152,NOUN,0.0,0.0,0.907,0.079,0.013,0.0,0.0,0.0,0.0,0.0,0.0,0.0,0.0,0.0,0.0,0.0,0.0,forces forced
2821,treats,word,226,226,NOUN,0.009,0.009,0.991,0.0,0.0,0.0,0.009,0.0,0.0,0.0,0.0,0.0,0.0,0.0,0.0,0.0,0.0,
3437,gate,word,226,170,NOUN,0.018,0.018,0.978,0.0,0.004,0.0,0.018,0.0,0.0,0.0,0.0,0.0,0.0,0.0,0.0,0.0,0.0,gates gateway gateways
2819,villain,word,225,181,NOUN,0.0,0.0,0.982,0.0,0.018,0.0,0.0,0.0,0.0,0.0,0.0,0.0,0.0,0.0,0.0,0.0,0.0,villains villainous
2923,metal,word,225,223,NOUN,0.0,0.0,0.991,0.0,0.009,0.0,0.0,0.0,0.0,0.0,0.0,0.0,0.0,0.0,0.0,0.0,0.0,metallic
2780,charm,word,224,145,NOUN,0.0,0.0,0.616,0.054,0.281,0.0,0.049,0.0,0.0,0.0,0.0,0.0,0.0,0.0,0.0,0.0,0.0,charming charms charmer
2927,unity,word,224,224,NOUN,0.023,0.023,0.978,0.0,0.0,0.0,0.022,0.0,0.0,0.0,0.0,0.0,0.0,0.0,0.0,0.0,0.0,
3014,skills,word,224,224,NOUN,0.0,0.0,1.0,0.0,0.0,0.0,0.0,0.0,0.0,0.0,0.0,0.0,0.0,0.0,0.0,0.0,0.0,
3042,portal,word,224,224,NOUN,0.009,0.009,0.58,0.0,0.411,0.0,0.009,0.0,0.0,0.0,0.0,0.0,0.0,0.0,0.0,0.0,0.0,
2947,autumn,word,223,223,NOUN,0.02,0.02,0.874,0.0,0.0,0.0,0.126,0.0,0.0,0.0,0.0,0.0,0.0,0.0,0.0,0.0,0.0,
2998,safety,word,223,223,NOUN,0.0,0.0,1.0,0.0,0.0,0.0,0.0,0.0,0.0,0.0,0.0,0.0,0.0,0.0,0.0,0.0,0.0,
2994,square,word,222,220,NOUN,0.0,0.0,0.923,0.005,0.054,0.0,0.018,0.0,0.0,0.0,0.0,0.0,0.0,0.0,0.0,0.0,0.0,squared squares
3194,civilization,word,222,196,NOUN,0.0,0.0,1.0,0.0,0.0,0.0,0.0,0.0,0.0,0.0,0.0,0.0,0.0,0.0,0.0,0.0,0.0,civilizations
3003,bite,word,220,205,NOUN,0.0,0.0,0.877,0.123,0.0,0.0,0.0,0.0,0.0,0.0,0.0,0.0,0.0,0.0,0.0,0.0,0.0,bites
2330,ring,word,219,187,NOUN,0.016,0.016,0.913,0.064,0.005,0.0,0.018,0.0,0.0,0.0,0.0,0.0,0.0,0.0,0.0,0.0,0.0,rings ringmaster ringed
2976,apples,word,219,219,NOUN,0.0,0.0,1.0,0.0,0.0,0.0,0.0,0.0,0.0,0.0,0.0,0.0,0.0,0.0,0.0,0.0,0.0,
3032,guilt,word,219,145,NOUN,0.0,0.0,0.648,0.0,0.338,0.0,0.014,0.0,0.0,0.0,0.0,0.0,0.0,0.0,0.0,0.0,0.0,guilty
3081,shoes,word,219,219,NOUN,0.0,0.0,1.0,0.0,0.0,0.0,0.0,0.0,0.0,0.0,0.0,0.0,0.0,0.0,0.0,0.0,0.0,
2849,scent,word,217,216,NOUN,0.0,0.0,0.986,0.0,0.014,0.0,0.0,0.0,0.0,0.0,0.0,0.0,0.0,0.0,0.0,0.0,0.0,scented
2915,images,word,217,217,NOUN,0.0,0.005,1.0,0.0,0.0,0.0,0.0,0.0,0.0,0.0,0.0,0.0,0.0,0.0,0.0,0.0,0.0,
2776,regret,word,216,177,NOUN,0.0,0.0,0.856,0.111,0.009,0.009,0.014,0.0,0.0,0.0,0.0,0.0,0.0,0.0,0.0,0.0,0.0,regrets regretting regretfully
2939,trail,word,216,166,NOUN,0.0,0.0,0.954,0.046,0.0,0.0,0.0,0.0,0.0,0.0,0.0,0.0,0.0,0.0,0.0,0.0,0.0,trails trailing trailed
859,echo,word,215,215,NOUN,0.258,0.258,0.465,0.205,0.0,0.0,0.33,0.0,0.0,0.0,0.0,0.0,0.0,0.0,0.0,0.0,0.0,
3109,joke,word,214,213,NOUN,0.0,0.0,0.972,0.028,0.0,0.0,0.0,0.0,0.0,0.0,0.0,0.0,0.0,0.0,0.0,0.0,0.0,joker
2856,drink,word,213,138,NOUN,0.0,0.0,0.718,0.282,0.0,0.0,0.0,0.0,0.0,0.0,0.0,0.0,0.0,0.0,0.0,0.0,0.0,drinks drinking
2869,egg,word,213,129,NOUN,0.016,0.016,0.986,0.0,0.0,0.0,0.014,0.0,0.0,0.0,0.0,0.0,0.0,0.0,0.0,0.0,0.0,eggs
3010,mistake,word,213,210,NOUN,0.0,0.0,0.986,0.005,0.009,0.0,0.0,0.0,0.0,0.0,0.0,0.0,0.0,0.0,0.0,0.0,0.0,mistaken
3016,seasons,word,213,213,NOUN,0.005,0.045,0.995,0.0,0.0,0.0,0.005,0.0,0.0,0.0,0.0,0.0,0.0,0.0,0.0,0.0,0.0,
3034,parents,word,213,213,NOUN,0.0,0.005,1.0,0.0,0.0,0.0,0.0,0.0,0.0,0.0,0.0,0.0,0.0,0.0,0.0,0.0,0.0,
3048,childhood,word,213,209,NOUN,0.0,0.0,1.0,0.0,0.0,0.0,0.0,0.0,0.0,0.0,0.0,0.0,0.0,0.0,0.0,0.0,0.0,childhoods
3093,club,word,213,211,NOUN,0.066,0.066,0.934,0.0,0.0,0.0,0.066,0.0,0.0,0.0,0.0,0.0,0.0,0.0,0.0,0.0,0.0,clubhouse clubs
3144,trunk,word,212,199,NOUN,0.0,0.0,1.0,0.0,0.0,0.0,0.0,0.0,0.0,0.0,0.0,0.0,0.0,0.0,0.0,0.0,0.0,trunks
2903,buildings,word,211,211,NOUN,0.0,0.005,1.0,0.0,0.0,0.0,0.0,0.0,0.0,0.0,0.0,0.0,0.0,0.0,0.0,0.0,0.0,
2946,soil,word,211,211,NOUN,0.009,0.009,0.991,0.0,0.0,0.0,0.009,0.0,0.0,0.0,0.0,0.0,0.0,0.0,0.0,0.0,0.0,
2948,students,word,211,211,NOUN,0.0,0.0,1.0,0.0,0.0,0.0,0.0,0.0,0.0,0.0,0.0,0.0,0.0,0.0,0.0,0.0,0.0,
3082,ghosts,word,211,211,NOUN,0.0,0.0,1.0,0.0,0.0,0.0,0.0,0.0,0.0,0.0,0.0,0.0,0.0,0.0,0.0,0.0,0.0,
2907,grandfather,word,210,210,NOUN,0.0,0.0,1.0,0.0,0.0,0.0,0.0,0.0,0.0,0.0,0.0,0.0,0.0,0.0,0.0,0.0,0.0,
2992,loneliness,word,210,210,NOUN,0.005,0.005,0.986,0.0,0.0,0.0,0.014,0.0,0.0,0.0,0.0,0.0,0.0,0.0,0.0,0.0,0.0,
3050,effort,word,210,158,NOUN,0.0,0.006,0.995,0.0,0.0,0.005,0.0,0.0,0.0,0.0,0.0,0.0,0.0,0.0,0.0,0.0,0.0,efforts effortlessly
3471,string,word,210,151,NOUN,0.0,0.0,1.0,0.0,0.0,0.0,0.0,0.0,0.0,0.0,0.0,0.0,0.0,0.0,0.0,0.0,0.0,strings
3072,coat,word,209,192,NOUN,0.0,0.0,0.99,0.01,0.0,0.0,0.0,0.0,0.0,0.0,0.0,0.0,0.0,0.0,0.0,0.0,0.0,coats coated coating
3593,match,word,209,141,NOUN,0.0,0.0,0.67,0.33,0.0,0.0,0.0,0.0,0.0,0.0,0.0,0.0,0.0,0.0,0.0,0.0,0.0,matched matching matches
55,x,word,208,128,NOUN,0.013,1.0,0.969,0.0,0.0,0.0,0.031,0.0,0.0,0.0,0.0,0.0,0.0,0.0,0.0,0.0,0.0,xandar xylon
2988,families,word,208,208,NOUN,0.0,0.006,1.0,0.0,0.0,0.0,0.0,0.0,0.0,0.0,0.0,0.0,0.0,0.0,0.0,0.0,0.0,
3044,sigh,word,207,194,NOUN,0.0,0.0,0.889,0.106,0.0,0.0,0.005,0.0,0.0,0.0,0.0,0.0,0.0,0.0,0.0,0.0,0.0,sighs sighing
3675,dreamer,word,206,166,NOUN,0.264,0.264,0.699,0.0,0.0,0.0,0.301,0.0,0.0,0.0,0.0,0.0,0.0,0.0,0.0,0.0,0.0,dreamers
3411,elder,word,205,105,NOUN,0.01,0.038,0.761,0.0,0.234,0.0,0.005,0.0,0.0,0.0,0.0,0.0,0.0,0.0,0.0,0.0,0.0,elders elderly
2969,townsfolk,word,204,204,NOUN,0.0,0.0,0.995,0.0,0.0,0.0,0.005,0.0,0.0,0.0,0.0,0.0,0.0,0.0,0.0,0.0,0.0,
2981,siblings,word,204,204,NOUN,0.0,0.0,1.0,0.0,0.0,0.0,0.0,0.0,0.0,0.0,0.0,0.0,0.0,0.0,0.0,0.0,0.0,
2993,bark,word,204,144,NOUN,0.0,0.0,0.691,0.279,0.0,0.0,0.029,0.0,0.0,0.0,0.0,0.0,0.0,0.0,0.0,0.0,0.0,barking barks barky
3389,scene,word,204,157,NOUN,0.0,0.0,1.0,0.0,0.0,0.0,0.0,0.0,0.0,0.0,0.0,0.0,0.0,0.0,0.0,0.0,0.0,scenes scenery
3529,lot,word,204,153,NOUN,0.0,0.0,1.0,0.0,0.0,0.0,0.0,0.0,0.0,0.0,0.0,0.0,0.0,0.0,0.0,0.0,0.0,lots
3742,carrot,word,204,118,NOUN,0.008,0.008,0.99,0.0,0.0,0.0,0.01,0.0,0.0,0.0,0.0,0.0,0.0,0.0,0.0,0.0,0.0,carrots
3251,kites,word,203,203,NOUN,0.0,0.0,0.911,0.054,0.0,0.0,0.034,0.0,0.0,0.0,0.0,0.0,0.0,0.0,0.0,0.0,0.0,
3442,urge,word,203,152,NOUN,0.0,0.0,0.921,0.005,0.03,0.039,0.005,0.0,0.0,0.0,0.0,0.0,0.0,0.0,0.0,0.0,0.0,urgency urgently urgent
3568,task,word,203,141,NOUN,0.0,0.0,0.995,0.005,0.0,0.0,0.0,0.0,0.0,0.0,0.0,0.0,0.0,0.0,0.0,0.0,0.0,tasks tasked
3890,flutter,word,203,117,NOUN,0.0,0.0,0.542,0.458,0.0,0.0,0.0,0.0,0.0,0.0,0.0,0.0,0.0,0.0,0.0,0.0,0.0,fluttering flutters
2962,shooting,word,202,202,NOUN,0.0,0.0,0.861,0.139,0.0,0.0,0.0,0.0,0.0,0.0,0.0,0.0,0.0,0.0,0.0,0.0,0.0,
2785,cliff,word,201,168,NOUN,0.0,0.0,1.0,0.0,0.0,0.0,0.0,0.0,0.0,0.0,0.0,0.0,0.0,0.0,0.0,0.0,0.0,cliffs cliffside
2959,smoke,word,201,201,NOUN,0.0,0.0,0.965,0.035,0.0,0.0,0.0,0.0,0.0,0.0,0.0,0.0,0.0,0.0,0.0,0.0,0.0,
3259,whale,word,201,189,NOUN,0.005,0.005,0.975,0.0,0.02,0.0,0.005,0.0,0.0,0.0,0.0,0.0,0.0,0.0,0.0,0.0,0.0,whales
3055,doubts,word,200,200,NOUN,0.0,0.0,1.0,0.0,0.0,0.0,0.0,0.0,0.0,0.0,0.0,0.0,0.0,0.0,0.0,0.0,0.0,
3154,attention,word,200,200,NOUN,0.0,0.0,1.0,0.0,0.0,0.0,0.0,0.0,0.0,0.0,0.0,0.0,0.0,0.0,0.0,0.0,0.0,
3179,bubble,word,200,197,NOUN,0.031,0.031,0.895,0.06,0.0,0.0,0.045,0.0,0.0,0.0,0.0,0.0,0.0,0.0,0.0,0.0,0.0,bubblegum
3349,talent,word,200,144,NOUN,0.0,0.0,0.925,0.01,0.065,0.0,0.0,0.0,0.0,0.0,0.0,0.0,0.0,0.0,0.0,0.0,0.0,talents talented
3239,troll,word,199,184,NOUN,0.011,0.011,0.965,0.005,0.0,0.0,0.03,0.0,0.0,0.0,0.0,0.0,0.0,0.0,0.0,0.0,0.0,trolls trolley
3326,audience,word,199,199,NOUN,0.0,0.0,1.0,0.0,0.0,0.0,0.0,0.0,0.0,0.0,0.0,0.0,0.0,0.0,0.0,0.0,0.0,
697,tea,word,198,109,NOUN,0.009,0.009,0.695,0.289,0.0,0.0,0.015,0.0,0.0,0.0,0.0,0.0,0.0,0.0,0.0,0.0,0.0,teasing tease teapot
2957,scales,word,198,198,NOUN,0.0,0.0,0.985,0.015,0.0,0.0,0.0,0.0,0.0,0.0,0.0,0.0,0.0,0.0,0.0,0.0,0.0,
3125,playground,word,198,198,NOUN,0.0,0.0,1.0,0.0,0.0,0.0,0.0,0.0,0.0,0.0,0.0,0.0,0.0,0.0,0.0,0.0,0.0,
3507,meal,word,198,137,NOUN,0.0,0.0,1.0,0.0,0.0,0.0,0.0,0.0,0.0,0.0,0.0,0.0,0.0,0.0,0.0,0.0,0.0,meals
2955,maps,word,197,197,NOUN,0.0,0.0,1.0,0.0,0.0,0.0,0.0,0.0,0.0,0.0,0.0,0.0,0.0,0.0,0.0,0.0,0.0,
3170,jar,word,197,149,NOUN,0.0,0.0,0.995,0.0,0.0,0.0,0.005,0.0,0.0,0.0,0.0,0.0,0.0,0.0,0.0,0.0,0.0,jars
3381,monkey,word,197,141,NOUN,0.029,0.029,0.959,0.0,0.0,0.0,0.041,0.0,0.0,0.0,0.0,0.0,0.0,0.0,0.0,0.0,0.0,monkeys
3142,neighbors,word,196,196,NOUN,0.0,0.0,1.0,0.0,0.0,0.0,0.0,0.0,0.0,0.0,0.0,0.0,0.0,0.0,0.0,0.0,0.0,
3895,human,word,196,107,NOUN,0.0,0.0,0.724,0.0,0.276,0.0,0.0,0.0,0.0,0.0,0.0,0.0,0.0,0.0,0.0,0.0,0.0,humans humanity
3041,jungle,word,195,191,NOUN,0.0,0.0,0.99,0.0,0.0,0.0,0.01,0.0,0.0,0.0,0.0,0.0,0.0,0.0,0.0,0.0,0.0,jungles
3128,sparkle,word,195,186,NOUN,0.045,0.045,0.544,0.287,0.087,0.0,0.082,0.0,0.0,0.0,0.0,0.0,0.0,0.0,0.0,0.0,0.0,sparkler sparklers
2870,chair,word,194,137,NOUN,0.0,0.0,1.0,0.0,0.0,0.0,0.0,0.0,0.0,0.0,0.0,0.0,0.0,0.0,0.0,0.0,0.0,chairs
2984,despair,word,194,193,NOUN,0.005,0.016,0.985,0.005,0.005,0.0,0.005,0.0,0.0,0.0,0.0,0.0,0.0,0.0,0.0,0.0,0.0,despairing
3098,minutes,word,194,194,NOUN,0.011,0.021,0.959,0.0,0.0,0.0,0.041,0.0,0.0,0.0,0.0,0.0,0.0,0.0,0.0,0.0,0.0,
3184,glimmer,word,194,169,NOUN,0.079,0.079,0.881,0.005,0.005,0.0,0.108,0.0,0.0,0.0,0.0,0.0,0.0,0.0,0.0,0.0,0.0,glimmers glimmerland
3254,tune,word,194,155,NOUN,0.0,0.0,0.995,0.005,0.0,0.0,0.0,0.0,0.0,0.0,0.0,0.0,0.0,0.0,0.0,0.0,0.0,tunes tuned
3388,point,word,194,157,NOUN,0.0,0.0,0.825,0.17,0.005,0.0,0.0,0.0,0.0,0.0,0.0,0.0,0.0,0.0,0.0,0.0,0.0,points pointer pointless
3499,desert,word,192,177,NOUN,0.011,0.011,0.911,0.01,0.057,0.0,0.021,0.0,0.0,0.0,0.0,0.0,0.0,0.0,0.0,0.0,0.0,deserted deserts
3310,passion,word,191,176,NOUN,0.0,0.0,0.969,0.005,0.016,0.01,0.0,0.0,0.0,0.0,0.0,0.0,0.0,0.0,0.0,0.0,0.0,passions passionate passionately
3062,irony,word,190,190,NOUN,0.013,0.013,0.805,0.0,0.0,0.0,0.195,0.0,0.0,0.0,0.0,0.0,0.0,0.0,0.0,0.0,0.0,
3185,success,word,190,180,NOUN,0.0,0.0,0.953,0.0,0.047,0.0,0.0,0.0,0.0,0.0,0.0,0.0,0.0,0.0,0.0,0.0,0.0,successful successes
3173,puzzle,word,188,188,NOUN,0.0,0.0,0.995,0.0,0.0,0.0,0.005,0.0,0.0,0.0,0.0,0.0,0.0,0.0,0.0,0.0,0.0,
3652,sandcastle,word,188,144,NOUN,0.021,0.021,0.952,0.0,0.032,0.0,0.016,0.0,0.0,0.0,0.0,0.0,0.0,0.0,0.0,0.0,0.0,sandcastles
3830,pebble,word,188,148,NOUN,0.0,0.007,0.835,0.0,0.165,0.0,0.0,0.0,0.0,0.0,0.0,0.0,0.0,0.0,0.0,0.0,0.0,pebbles
3080,circles,word,187,187,NOUN,0.0,0.0,0.989,0.011,0.0,0.0,0.0,0.0,0.0,0.0,0.0,0.0,0.0,0.0,0.0,0.0,0.0,
3195,reality,word,186,186,NOUN,0.0,0.0,1.0,0.0,0.0,0.0,0.0,0.0,0.0,0.0,0.0,0.0,0.0,0.0,0.0,0.0,0.0,
3429,respect,word,186,146,NOUN,0.0,0.0,0.527,0.441,0.032,0.0,0.0,0.0,0.0,0.0,0.0,0.0,0.0,0.0,0.0,0.0,0.0,respected respecting respectful
3200,lunch,word,185,161,NOUN,0.0,0.0,0.989,0.0,0.011,0.0,0.0,0.0,0.0,0.0,0.0,0.0,0.0,0.0,0.0,0.0,0.0,lunchbox lunches lunchroom
3682,boys,word,185,185,NOUN,0.0,0.0,1.0,0.0,0.0,0.0,0.0,0.0,0.0,0.0,0.0,0.0,0.0,0.0,0.0,0.0,0.0,
3208,boxes,word,184,184,NOUN,0.0,0.005,1.0,0.0,0.0,0.0,0.0,0.0,0.0,0.0,0.0,0.0,0.0,0.0,0.0,0.0,0.0,
2858,balloons,word,183,183,NOUN,0.0,0.0,1.0,0.0,0.0,0.0,0.0,0.0,0.0,0.0,0.0,0.0,0.0,0.0,0.0,0.0,0.0,
3527,reader,word,183,154,NOUN,0.026,0.026,0.978,0.0,0.0,0.0,0.022,0.0,0.0,0.0,0.0,0.0,0.0,0.0,0.0,0.0,0.0,readers
3613,baker,word,183,99,NOUN,0.0,0.0,0.896,0.0,0.0,0.0,0.104,0.0,0.0,0.0,0.0,0.0,0.0,0.0,0.0,0.0,0.0,bakery bakerbot bakers
3123,signs,word,182,182,NOUN,0.0,0.0,1.0,0.0,0.0,0.0,0.0,0.0,0.0,0.0,0.0,0.0,0.0,0.0,0.0,0.0,0.0,
3661,pizza,word,182,178,NOUN,0.012,0.012,0.967,0.0,0.0,0.0,0.033,0.0,0.0,0.0,0.0,0.0,0.0,0.0,0.0,0.0,0.0,pizzas
2978,players,word,181,181,NOUN,0.0,0.0,1.0,0.0,0.0,0.0,0.0,0.0,0.0,0.0,0.0,0.0,0.0,0.0,0.0,0.0,0.0,
3030,emptiness,word,181,181,NOUN,0.0,0.0,0.823,0.0,0.177,0.0,0.0,0.0,0.0,0.0,0.0,0.0,0.0,0.0,0.0,0.0,0.0,
3199,dress,word,180,162,NOUN,0.0,0.0,0.872,0.128,0.0,0.0,0.0,0.0,0.0,0.0,0.0,0.0,0.0,0.0,0.0,0.0,0.0,dresses dressing dresser
3218,waters,word,180,180,NOUN,0.017,0.017,0.972,0.011,0.0,0.0,0.017,0.0,0.0,0.0,0.0,0.0,0.0,0.0,0.0,0.0,0.0,
3365,cabin,word,180,178,NOUN,0.0,0.0,1.0,0.0,0.0,0.0,0.0,0.0,0.0,0.0,0.0,0.0,0.0,0.0,0.0,0.0,0.0,cabinet cabins
3379,importance,word,180,180,NOUN,0.0,0.0,1.0,0.0,0.0,0.0,0.0,0.0,0.0,0.0,0.0,0.0,0.0,0.0,0.0,0.0,0.0,
3192,balance,word,179,168,NOUN,0.006,0.006,0.804,0.184,0.006,0.0,0.006,0.0,0.0,0.0,0.0,0.0,0.0,0.0,0.0,0.0,0.0,balanced
3156,rhythm,word,178,173,NOUN,0.0,0.0,0.994,0.0,0.006,0.0,0.0,0.0,0.0,0.0,0.0,0.0,0.0,0.0,0.0,0.0,0.0,rhythms rhythmic
3182,rivalry,word,178,178,NOUN,0.0,0.0,0.983,0.0,0.0,0.0,0.017,0.0,0.0,0.0,0.0,0.0,0.0,0.0,0.0,0.0,0.0,
3228,legs,word,177,177,NOUN,0.0,0.0,1.0,0.0,0.0,0.0,0.0,0.0,0.0,0.0,0.0,0.0,0.0,0.0,0.0,0.0,0.0,
3163,shelter,word,176,165,NOUN,0.0,0.0,0.943,0.057,0.0,0.0,0.0,0.0,0.0,0.0,0.0,0.0,0.0,0.0,0.0,0.0,0.0,shelters sheltered sheltering
3201,money,word,176,176,NOUN,0.0,0.0,1.0,0.0,0.0,0.0,0.0,0.0,0.0,0.0,0.0,0.0,0.0,0.0,0.0,0.0,0.0,
3371,cheese,word,176,174,NOUN,0.0,0.0,0.983,0.006,0.006,0.0,0.006,0.0,0.0,0.0,0.0,0.0,0.0,0.0,0.0,0.0,0.0,cheeses
3172,melody,word,175,175,NOUN,0.035,0.035,0.949,0.0,0.006,0.0,0.046,0.0,0.0,0.0,0.0,0.0,0.0,0.0,0.0,0.0,0.0,
3255,gardens,word,175,175,NOUN,0.0,0.0,0.989,0.0,0.0,0.0,0.011,0.0,0.0,0.0,0.0,0.0,0.0,0.0,0.0,0.0,0.0,
3273,rules,word,175,175,NOUN,0.0,0.0,1.0,0.0,0.0,0.0,0.0,0.0,0.0,0.0,0.0,0.0,0.0,0.0,0.0,0.0,0.0,
3090,machines,word,174,174,NOUN,0.0,0.0,1.0,0.0,0.0,0.0,0.0,0.0,0.0,0.0,0.0,0.0,0.0,0.0,0.0,0.0,0.0,
3205,ache,word,174,172,NOUN,0.0,0.0,0.644,0.011,0.0,0.31,0.034,0.0,0.0,0.0,0.0,0.0,0.0,0.0,0.0,0.0,0.0,aches
3278,soccer,word,174,174,NOUN,0.0,0.0,1.0,0.0,0.0,0.0,0.0,0.0,0.0,0.0,0.0,0.0,0.0,0.0,0.0,0.0,0.0,
3283,dragons,word,174,174,NOUN,0.0,0.0,0.994,0.0,0.0,0.0,0.006,0.0,0.0,0.0,0.0,0.0,0.0,0.0,0.0,0.0,0.0,
3445,price,word,173,165,NOUN,0.0,0.0,0.965,0.0,0.035,0.0,0.0,0.0,0.0,0.0,0.0,0.0,0.0,0.0,0.0,0.0,0.0,priceless prices
3461,shock,word,173,166,NOUN,0.0,0.006,0.96,0.006,0.035,0.0,0.0,0.0,0.0,0.0,0.0,0.0,0.0,0.0,0.0,0.0,0.0,shocking
3651,size,word,172,134,NOUN,0.0,0.0,0.988,0.0,0.012,0.0,0.0,0.0,0.0,0.0,0.0,0.0,0.0,0.0,0.0,0.0,0.0,sizes sized
3812,astronaut,word,172,111,NOUN,0.009,0.009,0.988,0.006,0.0,0.0,0.006,0.0,0.0,0.0,0.0,0.0,0.0,0.0,0.0,0.0,0.0,astronauts
3122,thanks,word,171,149,NOUN,0.0,0.009,0.836,0.035,0.0,0.0,0.129,0.0,0.0,0.0,0.0,0.0,0.0,0.0,0.0,0.0,0.0,thanksgiving
3428,dinner,word,171,165,NOUN,0.0,0.0,0.977,0.0,0.0,0.0,0.023,0.0,0.0,0.0,0.0,0.0,0.0,0.0,0.0,0.0,0.0,dinners
3005,snowflakes,word,170,170,NOUN,0.0,0.007,1.0,0.0,0.0,0.0,0.0,0.0,0.0,0.0,0.0,0.0,0.0,0.0,0.0,0.0,0.0,
3344,bee,word,170,146,NOUN,0.007,0.007,0.947,0.006,0.0,0.0,0.047,0.0,0.0,0.0,0.0,0.0,0.0,0.0,0.0,0.0,0.0,beetle beef
3372,glade,word,170,167,NOUN,0.012,0.012,0.959,0.0,0.024,0.0,0.012,0.0,0.0,0.0,0.0,0.0,0.0,0.0,0.0,0.0,0.006,glades
1115,ear,word,169,102,NOUN,0.0,0.0,0.592,0.396,0.0,0.0,0.0,0.0,0.0,0.0,0.0,0.0,0.0,0.0,0.0,0.0,0.012,earn earned earning
3227,pang,word,169,169,NOUN,0.0,0.0,1.0,0.0,0.0,0.0,0.0,0.0,0.0,0.0,0.0,0.0,0.0,0.0,0.0,0.0,0.0,
3502,snail,word,169,163,NOUN,0.0,0.006,1.0,0.0,0.0,0.0,0.0,0.0,0.0,0.0,0.0,0.0,0.0,0.0,0.0,0.0,0.0,snails
3479,blink,word,168,125,NOUN,0.0,0.0,0.696,0.304,0.0,0.0,0.0,0.0,0.0,0.0,0.0,0.0,0.0,0.0,0.0,0.0,0.0,blinking blinks
3148,bubbles,word,167,167,NOUN,0.014,0.028,0.94,0.048,0.0,0.0,0.012,0.0,0.0,0.0,0.0,0.0,0.0,0.0,0.0,0.0,0.0,
3157,parts,word,167,167,NOUN,0.0,0.0,1.0,0.0,0.0,0.0,0.0,0.0,0.0,0.0,0.0,0.0,0.0,0.0,0.0,0.0,0.0,
3302,forms,word,167,166,NOUN,0.0,0.0,1.0,0.0,0.0,0.0,0.0,0.0,0.0,0.0,0.0,0.0,0.0,0.0,0.0,0.0,0.0,
3118,traditions,word,166,166,NOUN,0.0,0.0,0.988,0.006,0.0,0.0,0.006,0.0,0.0,0.0,0.0,0.0,0.0,0.0,0.0,0.0,0.0,
3304,struggle,word,166,166,NOUN,0.0,0.0,0.825,0.175,0.0,0.0,0.0,0.0,0.0,0.0,0.0,0.0,0.0,0.0,0.0,0.0,0.0,
3235,paintings,word,165,165,NOUN,0.0,0.0,1.0,0.0,0.0,0.0,0.0,0.0,0.0,0.0,0.0,0.0,0.0,0.0,0.0,0.0,0.0,
3270,flight,word,165,160,NOUN,0.0,0.0,1.0,0.0,0.0,0.0,0.0,0.0,0.0,0.0,0.0,0.0,0.0,0.0,0.0,0.0,0.0,flights
3299,speed,word,165,137,NOUN,0.053,0.053,0.782,0.067,0.109,0.0,0.042,0.0,0.0,0.0,0.0,0.0,0.0,0.0,0.0,0.0,0.0,speedy speeding speeds
3323,nose,word,165,155,NOUN,0.007,0.007,0.994,0.0,0.0,0.0,0.006,0.0,0.0,0.0,0.0,0.0,0.0,0.0,0.0,0.0,0.0,noses
3367,patience,word,165,165,NOUN,0.0,0.0,0.976,0.0,0.0,0.0,0.024,0.0,0.0,0.0,0.0,0.0,0.0,0.0,0.0,0.0,0.0,
3396,generosity,word,165,165,NOUN,0.008,0.008,0.994,0.0,0.0,0.0,0.006,0.0,0.0,0.0,0.0,0.0,0.0,0.0,0.0,0.0,0.0,
3249,powers,word,164,164,NOUN,0.0,0.006,0.994,0.006,0.0,0.0,0.0,0.0,0.0,0.0,0.0,0.0,0.0,0.0,0.0,0.0,0.0,
3279,cookie,word,164,164,NOUN,0.043,0.043,0.939,0.0,0.0,0.0,0.061,0.0,0.0,0.0,0.0,0.0,0.0,0.0,0.0,0.0,0.0,
3333,vision,word,164,164,NOUN,0.018,0.018,0.982,0.0,0.0,0.0,0.018,0.0,0.0,0.0,0.0,0.0,0.0,0.0,0.0,0.0,0.0,
3459,backpack,word,164,147,NOUN,0.0,0.0,1.0,0.0,0.0,0.0,0.0,0.0,0.0,0.0,0.0,0.0,0.0,0.0,0.0,0.0,0.0,backpacks
3663,warrior,word,164,138,NOUN,0.0,0.0,1.0,0.0,0.0,0.0,0.0,0.0,0.0,0.0,0.0,0.0,0.0,0.0,0.0,0.0,0.0,warriors
3078,weeds,word,163,163,NOUN,0.006,0.006,0.994,0.0,0.0,0.0,0.006,0.0,0.0,0.0,0.0,0.0,0.0,0.0,0.0,0.0,0.0,
3297,bonds,word,163,163,NOUN,0.0,0.0,1.0,0.0,0.0,0.0,0.0,0.0,0.0,0.0,0.0,0.0,0.0,0.0,0.0,0.0,0.0,
3095,lion,word,162,134,NOUN,0.023,0.023,0.957,0.0,0.0,0.0,0.043,0.0,0.0,0.0,0.0,0.0,0.0,0.0,0.0,0.0,0.0,lions lioness
3331,waterfall,word,162,149,NOUN,0.007,0.007,0.994,0.0,0.0,0.0,0.006,0.0,0.0,0.0,0.0,0.0,0.0,0.0,0.0,0.0,0.0,waterfalls
3516,footsteps,word,162,162,NOUN,0.0,0.007,0.975,0.0,0.0,0.0,0.025,0.0,0.0,0.0,0.0,0.0,0.0,0.0,0.0,0.0,0.0,
3778,value,word,162,135,NOUN,0.0,0.0,0.84,0.16,0.0,0.0,0.0,0.0,0.0,0.0,0.0,0.0,0.0,0.0,0.0,0.0,0.0,valued values
1237,flick,word,161,149,NOUN,0.028,0.028,0.882,0.056,0.0,0.0,0.062,0.0,0.0,0.0,0.0,0.0,0.0,0.0,0.0,0.0,0.0,flicking flicked
3690,glasses,word,161,161,NOUN,0.0,0.0,1.0,0.0,0.0,0.0,0.0,0.0,0.0,0.0,0.0,0.0,0.0,0.0,0.0,0.0,0.0,
3918,shield,word,161,141,NOUN,0.057,0.057,0.77,0.174,0.0,0.0,0.056,0.0,0.0,0.0,0.0,0.0,0.0,0.0,0.0,0.0,0.0,shielded shielding shields
3306,member,word,160,160,NOUN,0.0,0.0,1.0,0.0,0.0,0.0,0.0,0.0,0.0,0.0,0.0,0.0,0.0,0.0,0.0,0.0,0.0,
3399,sunshine,word,160,160,NOUN,0.0,0.0,0.931,0.025,0.0,0.0,0.044,0.0,0.0,0.0,0.0,0.0,0.0,0.0,0.0,0.0,0.0,
3435,sled,word,160,107,NOUN,0.0,0.0,0.688,0.306,0.006,0.0,0.0,0.0,0.0,0.0,0.0,0.0,0.0,0.0,0.0,0.0,0.0,sledding sleds sledded
3318,stomach,word,159,157,NOUN,0.0,0.0,1.0,0.0,0.0,0.0,0.0,0.0,0.0,0.0,0.0,0.0,0.0,0.0,0.0,0.0,0.0,stomachs
3353,fireflies,word,159,159,NOUN,0.0,0.0,1.0,0.0,0.0,0.0,0.0,0.0,0.0,0.0,0.0,0.0,0.0,0.0,0.0,0.0,0.0,
3363,shoulders,word,159,159,NOUN,0.0,0.0,1.0,0.0,0.0,0.0,0.0,0.0,0.0,0.0,0.0,0.0,0.0,0.0,0.0,0.0,0.0,
3446,mouth,word,159,148,NOUN,0.0,0.0,0.975,0.025,0.0,0.0,0.0,0.0,0.0,0.0,0.0,0.0,0.0,0.0,0.0,0.0,0.0,mouths mouthed
3566,realm,word,159,153,NOUN,0.151,0.151,0.849,0.0,0.0,0.0,0.151,0.0,0.0,0.0,0.0,0.0,0.0,0.0,0.0,0.0,0.0,realms
3233,device,word,158,147,NOUN,0.0,0.0,1.0,0.0,0.0,0.0,0.0,0.0,0.0,0.0,0.0,0.0,0.0,0.0,0.0,0.0,0.0,devices
3309,lanterns,word,158,158,NOUN,0.0,0.0,0.994,0.0,0.0,0.0,0.006,0.0,0.0,0.0,0.0,0.0,0.0,0.0,0.0,0.0,0.0,
3410,visions,word,158,158,NOUN,0.0,0.0,1.0,0.0,0.0,0.0,0.0,0.0,0.0,0.0,0.0,0.0,0.0,0.0,0.0,0.0,0.0,
3316,body,word,157,157,NOUN,0.0,0.0,1.0,0.0,0.0,0.0,0.0,0.0,0.0,0.0,0.0,0.0,0.0,0.0,0.0,0.0,0.0,
3397,bottom,word,157,157,NOUN,0.013,0.013,0.968,0.0,0.019,0.0,0.013,0.0,0.0,0.0,0.0,0.0,0.0,0.0,0.0,0.0,0.0,
2552,rival,word,156,114,NOUN,0.0,0.0,0.538,0.006,0.455,0.0,0.0,0.0,0.0,0.0,0.0,0.0,0.0,0.0,0.0,0.0,0.0,rivals
3433,struggles,word,156,156,NOUN,0.0,0.0,0.955,0.045,0.0,0.0,0.0,0.0,0.0,0.0,0.0,0.0,0.0,0.0,0.0,0.0,0.0,
3176,minds,word,155,153,NOUN,0.033,0.033,0.968,0.0,0.0,0.0,0.032,0.0,0.0,0.0,0.0,0.0,0.0,0.0,0.0,0.0,0.0,mindset
3369,rabbits,word,155,155,NOUN,0.0,0.0,1.0,0.0,0.0,0.0,0.0,0.0,0.0,0.0,0.0,0.0,0.0,0.0,0.0,0.0,0.0,
3298,giants,word,154,154,NOUN,0.0,0.0,0.994,0.0,0.0,0.0,0.006,0.0,0.0,0.0,0.0,0.0,0.0,0.0,0.0,0.0,0.0,
3964,track,word,154,103,NOUN,0.0,0.0,0.961,0.039,0.0,0.0,0.0,0.0,0.0,0.0,0.0,0.0,0.0,0.0,0.0,0.0,0.0,tracks tracked tracking
3009,cup,word,152,105,NOUN,0.019,0.019,0.974,0.007,0.0,0.0,0.02,0.0,0.0,0.0,0.0,0.0,0.0,0.0,0.0,0.0,0.0,cups cupboard cupped
3684,elephant,word,152,144,NOUN,0.0,0.0,0.987,0.0,0.0,0.0,0.013,0.0,0.0,0.0,0.0,0.0,0.0,0.0,0.0,0.0,0.0,elephants
3058,kitten,word,151,124,NOUN,0.0,0.0,0.821,0.0,0.106,0.0,0.073,0.0,0.0,0.0,0.0,0.0,0.0,0.0,0.0,0.0,0.0,kittens
3258,statue,word,151,131,NOUN,0.0,0.0,1.0,0.0,0.0,0.0,0.0,0.0,0.0,0.0,0.0,0.0,0.0,0.0,0.0,0.0,0.0,statues
3307,birthday,word,151,144,NOUN,0.0,0.014,1.0,0.0,0.0,0.0,0.0,0.0,0.0,0.0,0.0,0.0,0.0,0.0,0.0,0.0,0.0,birthdays
3451,towers,word,150,150,NOUN,0.007,0.007,0.993,0.0,0.0,0.0,0.007,0.0,0.0,0.0,0.0,0.0,0.0,0.0,0.0,0.0,0.0,
3465,glimmering,word,149,149,NOUN,0.0,0.0,0.503,0.49,0.0,0.0,0.007,0.0,0.0,0.0,0.0,0.0,0.0,0.0,0.0,0.0,0.0,
3503,halls,word,149,149,NOUN,0.0,0.0,1.0,0.0,0.0,0.0,0.0,0.0,0.0,0.0,0.0,0.0,0.0,0.0,0.0,0.0,0.0,
3289,caves,word,148,148,NOUN,0.008,0.008,0.993,0.0,0.0,0.0,0.007,0.0,0.0,0.0,0.0,0.0,0.0,0.0,0.0,0.0,0.0,
1435,hour,word,147,123,NOUN,0.0,0.0,1.0,0.0,0.0,0.0,0.0,0.0,0.0,0.0,0.0,0.0,0.0,0.0,0.0,0.0,0.0,hourglass
3374,meaning,word,147,127,NOUN,0.0,0.0,0.912,0.014,0.075,0.0,0.0,0.0,0.0,0.0,0.0,0.0,0.0,0.0,0.0,0.0,0.0,meaningful meanings meaningless
3518,blooms,word,147,147,NOUN,0.0,0.0,0.925,0.075,0.0,0.0,0.0,0.0,0.0,0.0,0.0,0.0,0.0,0.0,0.0,0.0,0.0,
3315,moves,word,146,146,NOUN,0.0,0.0,0.856,0.144,0.0,0.0,0.0,0.0,0.0,0.0,0.0,0.0,0.0,0.0,0.0,0.0,0.0,
3460,harmony,word,146,146,NOUN,0.072,0.072,0.884,0.0,0.0,0.0,0.116,0.0,0.0,0.0,0.0,0.0,0.0,0.0,0.0,0.0,0.0,
3431,owner,word,145,137,NOUN,0.0,0.0,1.0,0.0,0.0,0.0,0.0,0.0,0.0,0.0,0.0,0.0,0.0,0.0,0.0,0.0,0.0,owners
3443,problems,word,145,145,NOUN,0.0,0.0,1.0,0.0,0.0,0.0,0.0,0.0,0.0,0.0,0.0,0.0,0.0,0.0,0.0,0.0,0.0,
3577,reef,word,145,94,NOUN,0.032,0.032,0.979,0.0,0.0,0.0,0.021,0.0,0.0,0.0,0.0,0.0,0.0,0.0,0.0,0.0,0.0,reefs
3564,lightning,word,144,144,NOUN,0.008,0.024,0.986,0.007,0.0,0.0,0.007,0.0,0.0,0.0,0.0,0.0,0.0,0.0,0.0,0.0,0.0,
3576,townspeople,word,144,144,NOUN,0.0,0.0,1.0,0.0,0.0,0.0,0.0,0.0,0.0,0.0,0.0,0.0,0.0,0.0,0.0,0.0,0.0,
3342,season,word,143,142,NOUN,0.0,0.0,0.993,0.0,0.007,0.0,0.0,0.0,0.0,0.0,0.0,0.0,0.0,0.0,0.0,0.0,0.0,seasoned
3592,gaze,word,143,123,NOUN,0.0,0.0,0.713,0.287,0.0,0.0,0.0,0.0,0.0,0.0,0.0,0.0,0.0,0.0,0.0,0.0,0.0,gazes
3608,midnight,word,143,143,NOUN,0.021,0.021,0.979,0.0,0.0,0.0,0.021,0.0,0.0,0.0,0.0,0.0,0.0,0.0,0.0,0.0,0.0,
3619,action,word,143,143,NOUN,0.0,0.0,1.0,0.0,0.0,0.0,0.0,0.0,0.0,0.0,0.0,0.0,0.0,0.0,0.0,0.0,0.0,
3057,hats,word,142,142,NOUN,0.0,0.0,1.0,0.0,0.0,0.0,0.0,0.0,0.0,0.0,0.0,0.0,0.0,0.0,0.0,0.0,0.0,
3373,figures,word,142,142,NOUN,0.0,0.0,0.993,0.007,0.0,0.0,0.0,0.0,0.0,0.0,0.0,0.0,0.0,0.0,0.0,0.0,0.0,
3483,laughs,word,142,142,NOUN,0.0,0.0,0.634,0.359,0.0,0.0,0.007,0.0,0.0,0.0,0.0,0.0,0.0,0.0,0.0,0.0,0.0,
3498,resilience,word,142,142,NOUN,0.015,0.015,0.986,0.0,0.0,0.0,0.014,0.0,0.0,0.0,0.0,0.0,0.0,0.0,0.0,0.0,0.0,
3712,wrap,word,142,125,NOUN,0.008,0.008,0.542,0.415,0.007,0.0,0.035,0.0,0.0,0.0,0.0,0.0,0.0,0.0,0.0,0.0,0.0,wrappers wraps wrapper
3750,candle,word,142,113,NOUN,0.0,0.0,0.944,0.0,0.0,0.0,0.056,0.0,0.0,0.0,0.0,0.0,0.0,0.0,0.0,0.0,0.0,candlelight
3321,gust,word,141,137,NOUN,0.0,0.0,1.0,0.0,0.0,0.0,0.0,0.0,0.0,0.0,0.0,0.0,0.0,0.0,0.0,0.0,0.0,gusts gusty
3729,corners,word,141,141,NOUN,0.0,0.0,1.0,0.0,0.0,0.0,0.0,0.0,0.0,0.0,0.0,0.0,0.0,0.0,0.0,0.0,0.0,
2464,skill,word,140,107,NOUN,0.0,0.0,0.764,0.0,0.221,0.014,0.0,0.0,0.0,0.0,0.0,0.0,0.0,0.0,0.0,0.0,0.0,skilled skillful skillfully
3293,pencil,word,140,118,NOUN,0.0,0.0,1.0,0.0,0.0,0.0,0.0,0.0,0.0,0.0,0.0,0.0,0.0,0.0,0.0,0.0,0.0,pencils
3311,sparkles,word,140,140,NOUN,0.0,0.0,0.821,0.171,0.0,0.0,0.007,0.0,0.0,0.0,0.0,0.0,0.0,0.0,0.0,0.0,0.0,
3416,confusion,word,140,140,NOUN,0.0,0.009,1.0,0.0,0.0,0.0,0.0,0.0,0.0,0.0,0.0,0.0,0.0,0.0,0.0,0.0,0.0,
3597,confidence,word,140,140,NOUN,0.0,0.0,1.0,0.0,0.0,0.0,0.0,0.0,0.0,0.0,0.0,0.0,0.0,0.0,0.0,0.0,0.0,
3600,forests,word,140,140,NOUN,0.0,0.0,1.0,0.0,0.0,0.0,0.0,0.0,0.0,0.0,0.0,0.0,0.0,0.0,0.0,0.0,0.0,
3603,actions,word,140,140,NOUN,0.0,0.0,1.0,0.0,0.0,0.0,0.0,0.0,0.0,0.0,0.0,0.0,0.0,0.0,0.0,0.0,0.0,
3647,houses,word,140,140,NOUN,0.0,0.0,1.0,0.0,0.0,0.0,0.0,0.0,0.0,0.0,0.0,0.0,0.0,0.0,0.0,0.0,0.0,
3674,hardship,word,140,98,NOUN,0.0,0.0,1.0,0.0,0.0,0.0,0.0,0.0,0.0,0.0,0.0,0.0,0.0,0.0,0.0,0.0,0.0,hardships
3681,peak,word,140,114,NOUN,0.0,0.0,0.993,0.0,0.0,0.0,0.007,0.0,0.0,0.0,0.0,0.0,0.0,0.0,0.0,0.0,0.0,peaks
3816,poem,word,140,73,NOUN,0.0,0.0,1.0,0.0,0.0,0.0,0.0,0.0,0.0,0.0,0.0,0.0,0.0,0.0,0.0,0.0,0.0,poems
3533,rainbows,word,139,139,NOUN,0.015,0.015,0.964,0.022,0.0,0.0,0.014,0.0,0.0,0.0,0.0,0.0,0.0,0.0,0.0,0.0,0.0,
3548,buttons,word,139,139,NOUN,0.0,0.0,1.0,0.0,0.0,0.0,0.0,0.0,0.0,0.0,0.0,0.0,0.0,0.0,0.0,0.0,0.0,
2702,luck,word,138,123,NOUN,0.0,0.0,0.884,0.007,0.094,0.014,0.0,0.0,0.0,0.0,0.0,0.0,0.0,0.0,0.0,0.0,0.0,luckiest luckily
3585,windows,word,137,121,NOUN,0.0,0.0,0.891,0.0,0.0,0.0,0.109,0.0,0.0,0.0,0.0,0.0,0.0,0.0,0.0,0.0,0.0,windowsill
3618,harvest,word,137,127,NOUN,0.205,0.205,0.796,0.015,0.0,0.0,0.19,0.0,0.0,0.0,0.0,0.0,0.0,0.0,0.0,0.0,0.0,harvests harvesting
3676,fishing,word,137,137,NOUN,0.0,0.0,0.73,0.27,0.0,0.0,0.0,0.0,0.0,0.0,0.0,0.0,0.0,0.0,0.0,0.0,0.0,
3903,puddle,word,137,135,NOUN,0.0,0.0,0.985,0.0,0.0,0.0,0.015,0.0,0.0,0.0,0.0,0.0,0.0,0.0,0.0,0.0,0.0,puddletown
3340,eagle,word,136,129,NOUN,0.041,0.041,0.941,0.0,0.0,0.0,0.059,0.0,0.0,0.0,0.0,0.0,0.0,0.0,0.0,0.0,0.0,eagles
3470,frogs,word,136,136,NOUN,0.0,0.0,0.985,0.0,0.0,0.0,0.015,0.0,0.0,0.0,0.0,0.0,0.0,0.0,0.0,0.0,0.0,
3598,burden,word,136,108,NOUN,0.0,0.0,0.926,0.066,0.007,0.0,0.0,0.0,0.0,0.0,0.0,0.0,0.0,0.0,0.0,0.0,0.0,burdens burdened burdensome
3604,gratitude,word,136,136,NOUN,0.0,0.0,0.985,0.015,0.0,0.0,0.0,0.0,0.0,0.0,0.0,0.0,0.0,0.0,0.0,0.0,0.0,
3721,supplies,word,136,136,NOUN,0.0,0.0,1.0,0.0,0.0,0.0,0.0,0.0,0.0,0.0,0.0,0.0,0.0,0.0,0.0,0.0,0.0,
3740,none,word,136,135,NOUN,0.0,0.0,0.993,0.0,0.0,0.007,0.0,0.0,0.0,0.0,0.0,0.0,0.0,0.0,0.0,0.0,0.0,nonetheless
3434,keys,word,135,133,NOUN,0.015,0.015,0.963,0.0,0.0,0.0,0.037,0.0,0.0,0.0,0.0,0.0,0.0,0.0,0.0,0.0,0.0,keystrokes keystroke
3478,berries,word,135,135,NOUN,0.0,0.0,1.0,0.0,0.0,0.0,0.0,0.0,0.0,0.0,0.0,0.0,0.0,0.0,0.0,0.0,0.0,
3482,tortoise,word,135,135,NOUN,0.007,0.007,0.978,0.0,0.0,0.0,0.022,0.0,0.0,0.0,0.0,0.0,0.0,0.0,0.0,0.0,0.0,
3645,drum,word,135,81,NOUN,0.0,0.0,0.919,0.081,0.0,0.0,0.0,0.0,0.0,0.0,0.0,0.0,0.0,0.0,0.0,0.0,0.0,drums drummed drumming
3702,legends,word,135,135,NOUN,0.019,0.038,0.993,0.0,0.0,0.0,0.007,0.0,0.0,0.0,0.0,0.0,0.0,0.0,0.0,0.0,0.0,
3360,bags,word,134,134,NOUN,0.0,0.0,1.0,0.0,0.0,0.0,0.0,0.0,0.0,0.0,0.0,0.0,0.0,0.0,0.0,0.0,0.0,
3556,telescope,word,134,131,NOUN,0.0,0.0,0.993,0.0,0.0,0.0,0.007,0.0,0.0,0.0,0.0,0.0,0.0,0.0,0.0,0.0,0.0,telescopes
3611,ants,word,134,134,NOUN,0.0,0.0,1.0,0.0,0.0,0.0,0.0,0.0,0.0,0.0,0.0,0.0,0.0,0.0,0.0,0.0,0.0,
3826,puzzles,word,134,134,NOUN,0.0,0.0,0.933,0.0,0.0,0.0,0.067,0.0,0.0,0.0,0.0,0.0,0.0,0.0,0.0,0.0,0.0,
2750,event,word,133,98,NOUN,0.0,0.0,1.0,0.0,0.0,0.0,0.0,0.0,0.0,0.0,0.0,0.0,0.0,0.0,0.0,0.0,0.0,events
3542,frown,word,133,81,NOUN,0.0,0.0,0.602,0.353,0.03,0.0,0.015,0.0,0.0,0.0,0.0,0.0,0.0,0.0,0.0,0.0,0.0,frowning frowns
3563,acceptance,word,133,133,NOUN,0.0,0.0,0.962,0.023,0.0,0.0,0.015,0.0,0.0,0.0,0.0,0.0,0.0,0.0,0.0,0.0,0.0,
3685,guards,word,132,132,NOUN,0.0,0.0,0.894,0.106,0.0,0.0,0.0,0.0,0.0,0.0,0.0,0.0,0.0,0.0,0.0,0.0,0.0,
3748,tag,word,132,129,NOUN,0.016,0.016,0.932,0.038,0.0,0.0,0.03,0.0,0.0,0.0,0.0,0.0,0.0,0.0,0.0,0.0,0.0,tagged tags
2707,flour,word,131,77,NOUN,0.0,0.0,0.679,0.275,0.038,0.0,0.008,0.0,0.0,0.0,0.0,0.0,0.0,0.0,0.0,0.0,0.0,flourish flourishes flourishing
3540,tear,word,131,114,NOUN,0.0,0.0,0.573,0.275,0.145,0.008,0.0,0.0,0.0,0.0,0.0,0.0,0.0,0.0,0.0,0.0,0.0,tearing tearful teardrops
3806,whistle,word,131,110,NOUN,0.0,0.0,0.656,0.115,0.229,0.0,0.0,0.0,0.0,0.0,0.0,0.0,0.0,0.0,0.0,0.0,0.0,whistled whistles
3439,flames,word,130,130,NOUN,0.0,0.0,1.0,0.0,0.0,0.0,0.0,0.0,0.0,0.0,0.0,0.0,0.0,0.0,0.0,0.0,0.0,
3492,jewel,word,130,111,NOUN,0.027,0.027,0.915,0.008,0.0,0.0,0.077,0.0,0.0,0.0,0.0,0.0,0.0,0.0,0.0,0.0,0.0,jewelry jeweled
3631,cheeks,word,130,130,NOUN,0.0,0.0,0.962,0.038,0.0,0.0,0.0,0.0,0.0,0.0,0.0,0.0,0.0,0.0,0.0,0.0,0.0,
3764,rustle,word,130,126,NOUN,0.0,0.0,0.946,0.046,0.008,0.0,0.0,0.0,0.0,0.0,0.0,0.0,0.0,0.0,0.0,0.0,0.0,rustles
3825,members,word,130,130,NOUN,0.0,0.0,1.0,0.0,0.0,0.0,0.0,0.0,0.0,0.0,0.0,0.0,0.0,0.0,0.0,0.0,0.0,
3510,beings,word,129,129,NOUN,0.0,0.0,1.0,0.0,0.0,0.0,0.0,0.0,0.0,0.0,0.0,0.0,0.0,0.0,0.0,0.0,0.0,
3650,seaweed,word,129,129,NOUN,0.0,0.0,0.915,0.054,0.031,0.0,0.0,0.0,0.0,0.0,0.0,0.0,0.0,0.0,0.0,0.0,0.0,
3678,riverbank,word,129,128,NOUN,0.0,0.0,1.0,0.0,0.0,0.0,0.0,0.0,0.0,0.0,0.0,0.0,0.0,0.0,0.0,0.0,0.0,riverbanks
3562,heads,word,128,103,NOUN,0.0,0.0,0.969,0.031,0.0,0.0,0.0,0.0,0.0,0.0,0.0,0.0,0.0,0.0,0.0,0.0,0.0,headset headsets
3590,possibilities,word,128,128,NOUN,0.016,0.016,0.984,0.0,0.0,0.0,0.016,0.0,0.0,0.0,0.0,0.0,0.0,0.0,0.0,0.0,0.0,
3691,source,word,128,128,NOUN,0.008,0.008,0.992,0.0,0.0,0.0,0.008,0.0,0.0,0.0,0.0,0.0,0.0,0.0,0.0,0.0,0.0,
3963,flute,word,128,127,NOUN,0.0,0.0,1.0,0.0,0.0,0.0,0.0,0.0,0.0,0.0,0.0,0.0,0.0,0.0,0.0,0.0,0.0,flutes
3642,giggles,word,127,127,NOUN,0.05,0.058,0.898,0.024,0.0,0.0,0.079,0.0,0.0,0.0,0.0,0.0,0.0,0.0,0.0,0.0,0.0,
3732,sprite,word,127,107,NOUN,0.047,0.047,0.685,0.0,0.024,0.0,0.291,0.0,0.0,0.0,0.0,0.0,0.0,0.0,0.0,0.0,0.0,sprites
3827,belief,word,127,117,NOUN,0.0,0.0,0.984,0.0,0.0,0.0,0.016,0.0,0.0,0.0,0.0,0.0,0.0,0.0,0.0,0.0,0.0,beliefs
2796,snowball,word,126,126,NOUN,0.024,0.024,0.929,0.0,0.048,0.0,0.024,0.0,0.0,0.0,0.0,0.0,0.0,0.0,0.0,0.0,0.0,
3447,raccoon,word,126,121,NOUN,0.008,0.008,0.984,0.0,0.0,0.0,0.016,0.0,0.0,0.0,0.0,0.0,0.0,0.0,0.0,0.0,0.0,raccoons
3620,lamp,word,126,110,NOUN,0.0,0.0,0.96,0.0,0.0,0.0,0.04,0.0,0.0,0.0,0.0,0.0,0.0,0.0,0.0,0.0,0.0,lamps
3835,healing,word,126,126,NOUN,0.0,0.0,0.802,0.19,0.008,0.0,0.0,0.0,0.0,0.0,0.0,0.0,0.0,0.0,0.0,0.0,0.0,
3853,dangers,word,126,126,NOUN,0.0,0.0,1.0,0.0,0.0,0.0,0.0,0.0,0.0,0.0,0.0,0.0,0.0,0.0,0.0,0.0,0.0,
3738,shovel,word,125,87,NOUN,0.0,0.0,0.936,0.024,0.04,0.0,0.0,0.0,0.0,0.0,0.0,0.0,0.0,0.0,0.0,0.0,0.0,shovels shoveling shovelful
1075,kid,word,124,122,NOUN,0.0,0.0,0.984,0.016,0.0,0.0,0.0,0.0,0.0,0.0,0.0,0.0,0.0,0.0,0.0,0.0,0.0,kidding
3557,inspiration,word,124,124,NOUN,0.017,0.017,0.935,0.0,0.0,0.0,0.065,0.0,0.0,0.0,0.0,0.0,0.0,0.0,0.0,0.0,0.0,
3697,hers,word,124,124,NOUN,0.0,0.0,0.815,0.008,0.0,0.0,0.0,0.177,0.0,0.0,0.0,0.0,0.0,0.0,0.0,0.0,0.0,
3722,castles,word,124,124,NOUN,0.0,0.0,1.0,0.0,0.0,0.0,0.0,0.0,0.0,0.0,0.0,0.0,0.0,0.0,0.0,0.0,0.0,
3798,soup,word,124,122,NOUN,0.0,0.0,0.976,0.0,0.008,0.0,0.016,0.0,0.0,0.0,0.0,0.0,0.0,0.0,0.0,0.0,0.0,soups
3817,fence,word,124,116,NOUN,0.0,0.0,0.992,0.0,0.0,0.0,0.008,0.0,0.0,0.0,0.0,0.0,0.0,0.0,0.0,0.0,0.0,fences
3789,streams,word,123,123,NOUN,0.0,0.0,1.0,0.0,0.0,0.0,0.0,0.0,0.0,0.0,0.0,0.0,0.0,0.0,0.0,0.0,0.0,
3801,classmates,word,123,123,NOUN,0.0,0.0,1.0,0.0,0.0,0.0,0.0,0.0,0.0,0.0,0.0,0.0,0.0,0.0,0.0,0.0,0.0,
3965,palace,word,123,122,NOUN,0.0,0.0,1.0,0.0,0.0,0.0,0.0,0.0,0.0,0.0,0.0,0.0,0.0,0.0,0.0,0.0,0.0,palaces
3711,girls,word,122,122,NOUN,0.0,0.0,1.0,0.0,0.0,0.0,0.0,0.0,0.0,0.0,0.0,0.0,0.0,0.0,0.0,0.0,0.0,
3856,potion,word,122,97,NOUN,0.0,0.0,1.0,0.0,0.0,0.0,0.0,0.0,0.0,0.0,0.0,0.0,0.0,0.0,0.0,0.0,0.0,potions
3926,puddles,word,122,122,NOUN,0.0,0.009,1.0,0.0,0.0,0.0,0.0,0.0,0.0,0.0,0.0,0.0,0.0,0.0,0.0,0.0,0.0,
2820,legend,word,121,81,NOUN,0.0,0.0,0.521,0.0,0.322,0.0,0.157,0.0,0.0,0.0,0.0,0.0,0.0,0.0,0.0,0.0,0.0,legendary
2901,fool,word,121,77,NOUN,0.013,0.013,0.62,0.347,0.008,0.0,0.025,0.0,0.0,0.0,0.0,0.0,0.0,0.0,0.0,0.0,0.0,fooled fools fooling
3747,ancestors,word,121,121,NOUN,0.017,0.017,0.983,0.0,0.0,0.0,0.017,0.0,0.0,0.0,0.0,0.0,0.0,0.0,0.0,0.0,0.0,
3762,shade,word,121,119,NOUN,0.008,0.008,0.975,0.017,0.0,0.0,0.008,0.0,0.0,0.0,0.0,0.0,0.0,0.0,0.0,0.0,0.0,shaded
3888,cars,word,121,121,NOUN,0.0,0.0,1.0,0.0,0.0,0.0,0.0,0.0,0.0,0.0,0.0,0.0,0.0,0.0,0.0,0.0,0.0,
2718,harm,word,120,100,NOUN,0.0,0.0,0.567,0.367,0.042,0.025,0.0,0.0,0.0,0.0,0.0,0.0,0.0,0.0,0.0,0.0,0.0,harmed harmonized harmless
3511,scarf,word,120,120,NOUN,0.0,0.0,0.967,0.0,0.025,0.0,0.008,0.0,0.0,0.0,0.0,0.0,0.0,0.0,0.0,0.0,0.0,
3709,void,word,120,120,NOUN,0.0,0.0,1.0,0.0,0.0,0.0,0.0,0.0,0.0,0.0,0.0,0.0,0.0,0.0,0.0,0.0,0.0,
3820,company,word,120,120,NOUN,0.0,0.0,1.0,0.0,0.0,0.0,0.0,0.0,0.0,0.0,0.0,0.0,0.0,0.0,0.0,0.0,0.0,
3904,glory,word,120,120,NOUN,0.0,0.0,1.0,0.0,0.0,0.0,0.0,0.0,0.0,0.0,0.0,0.0,0.0,0.0,0.0,0.0,0.0,
3957,court,word,120,105,NOUN,0.0,0.0,1.0,0.0,0.0,0.0,0.0,0.0,0.0,0.0,0.0,0.0,0.0,0.0,0.0,0.0,0.0,courtyard courts
3693,reply,word,119,119,NOUN,0.0,0.0,0.765,0.235,0.0,0.0,0.0,0.0,0.0,0.0,0.0,0.0,0.0,0.0,0.0,0.0,0.0,
3705,animal,word,119,119,NOUN,0.042,0.042,0.958,0.0,0.0,0.0,0.042,0.0,0.0,0.0,0.0,0.0,0.0,0.0,0.0,0.0,0.0,
3714,pool,word,119,92,NOUN,0.0,0.0,0.966,0.034,0.0,0.0,0.0,0.0,0.0,0.0,0.0,0.0,0.0,0.0,0.0,0.0,0.0,pools pooling pooled
3610,neighborhood,word,118,118,NOUN,0.0,0.0,1.0,0.0,0.0,0.0,0.0,0.0,0.0,0.0,0.0,0.0,0.0,0.0,0.0,0.0,0.0,
3770,wealth,word,118,117,NOUN,0.0,0.0,0.992,0.0,0.008,0.0,0.0,0.0,0.0,0.0,0.0,0.0,0.0,0.0,0.0,0.0,0.0,wealthy
3772,shades,word,118,118,NOUN,0.0,0.0,0.975,0.025,0.0,0.0,0.0,0.0,0.0,0.0,0.0,0.0,0.0,0.0,0.0,0.0,0.0,
3873,term,word,118,115,NOUN,0.0,0.0,1.0,0.0,0.0,0.0,0.0,0.0,0.0,0.0,0.0,0.0,0.0,0.0,0.0,0.0,0.0,terms
3659,fireworks,word,117,117,NOUN,0.0,0.0,0.949,0.0,0.0,0.0,0.051,0.0,0.0,0.0,0.0,0.0,0.0,0.0,0.0,0.0,0.0,
3951,phone,word,117,109,NOUN,0.0,0.0,1.0,0.0,0.0,0.0,0.0,0.0,0.0,0.0,0.0,0.0,0.0,0.0,0.0,0.0,0.0,phones
3671,enemy,word,116,116,NOUN,0.0,0.0,1.0,0.0,0.0,0.0,0.0,0.0,0.0,0.0,0.0,0.0,0.0,0.0,0.0,0.0,0.0,
3687,galaxy,word,116,116,NOUN,0.017,0.017,0.983,0.0,0.0,0.0,0.017,0.0,0.0,0.0,0.0,0.0,0.0,0.0,0.0,0.0,0.0,
3699,months,word,115,115,NOUN,0.0,0.345,1.0,0.0,0.0,0.0,0.0,0.0,0.0,0.0,0.0,0.0,0.0,0.0,0.0,0.0,0.0,
3834,trash,word,115,115,NOUN,0.0,0.0,0.983,0.009,0.0,0.0,0.009,0.0,0.0,0.0,0.0,0.0,0.0,0.0,0.0,0.0,0.0,
3871,cooperation,word,115,115,NOUN,0.0,0.0,1.0,0.0,0.0,0.0,0.0,0.0,0.0,0.0,0.0,0.0,0.0,0.0,0.0,0.0,0.0,
3893,moss,word,114,102,NOUN,0.0,0.0,0.816,0.0,0.123,0.0,0.061,0.0,0.0,0.0,0.0,0.0,0.0,0.0,0.0,0.0,0.0,mossy
3990,bees,word,114,114,NOUN,0.0,0.0,1.0,0.0,0.0,0.0,0.0,0.0,0.0,0.0,0.0,0.0,0.0,0.0,0.0,0.0,0.0,
3845,snowballs,word,113,113,NOUN,0.0,0.0,0.991,0.0,0.0,0.0,0.009,0.0,0.0,0.0,0.0,0.0,0.0,0.0,0.0,0.0,0.0,
3933,yours,word,113,107,NOUN,0.0,0.01,0.805,0.0,0.0,0.0,0.0,0.177,0.0,0.0,0.0,0.0,0.0,0.0,0.0,0.0,0.018,yourselves
3950,blossom,word,113,65,NOUN,0.169,0.169,0.469,0.398,0.0,0.0,0.133,0.0,0.0,0.0,0.0,0.0,0.0,0.0,0.0,0.0,0.0,blossoms blossoming
3978,battles,word,113,113,NOUN,0.0,0.0,1.0,0.0,0.0,0.0,0.0,0.0,0.0,0.0,0.0,0.0,0.0,0.0,0.0,0.0,0.0,
1289,crow,word,112,104,NOUN,0.0,0.0,0.991,0.009,0.0,0.0,0.0,0.0,0.0,0.0,0.0,0.0,0.0,0.0,0.0,0.0,0.0,crows crowed
3736,piano,word,112,110,NOUN,0.0,0.0,0.991,0.0,0.0,0.0,0.009,0.0,0.0,0.0,0.0,0.0,0.0,0.0,0.0,0.0,0.0,pianos
3757,promises,word,112,112,NOUN,0.0,0.0,0.884,0.116,0.0,0.0,0.0,0.0,0.0,0.0,0.0,0.0,0.0,0.0,0.0,0.0,0.0,
3791,guitar,word,112,110,NOUN,0.0,0.0,0.991,0.0,0.0,0.0,0.009,0.0,0.0,0.0,0.0,0.0,0.0,0.0,0.0,0.0,0.0,guitars
3607,chicken,word,111,90,NOUN,0.0,0.0,0.973,0.0,0.0,0.0,0.027,0.0,0.0,0.0,0.0,0.0,0.0,0.0,0.0,0.0,0.0,chickens
3869,lab,word,111,80,NOUN,0.0,0.0,0.91,0.072,0.009,0.0,0.009,0.0,0.0,0.0,0.0,0.0,0.0,0.0,0.0,0.0,0.0,labor labyrinth labeled
3995,connections,word,111,111,NOUN,0.0,0.0,1.0,0.0,0.0,0.0,0.0,0.0,0.0,0.0,0.0,0.0,0.0,0.0,0.0,0.0,0.0,
3923,doll,word,110,72,NOUN,0.0,0.0,1.0,0.0,0.0,0.0,0.0,0.0,0.0,0.0,0.0,0.0,0.0,0.0,0.0,0.0,0.0,dolls dollhouse dollar
3968,dolphins,word,109,109,NOUN,0.0,0.0,1.0,0.0,0.0,0.0,0.0,0.0,0.0,0.0,0.0,0.0,0.0,0.0,0.0,0.0,0.0,
3818,weather,word,108,79,NOUN,0.0,0.0,0.583,0.417,0.0,0.0,0.0,0.0,0.0,0.0,0.0,0.0,0.0,0.0,0.0,0.0,0.0,weathered
3956,candles,word,108,108,NOUN,0.0,0.0,1.0,0.0,0.0,0.0,0.0,0.0,0.0,0.0,0.0,0.0,0.0,0.0,0.0,0.0,0.0,
3718,classroom,word,107,102,NOUN,0.0,0.0,1.0,0.0,0.0,0.0,0.0,0.0,0.0,0.0,0.0,0.0,0.0,0.0,0.0,0.0,0.0,classrooms
3727,advice,word,107,107,NOUN,0.0,0.0,1.0,0.0,0.0,0.0,0.0,0.0,0.0,0.0,0.0,0.0,0.0,0.0,0.0,0.0,0.0,
3858,invisibility,word,107,107,NOUN,0.011,0.011,0.953,0.0,0.0,0.0,0.047,0.0,0.0,0.0,0.0,0.0,0.0,0.0,0.0,0.0,0.0,
3911,wheels,word,107,107,NOUN,0.0,0.0,1.0,0.0,0.0,0.0,0.0,0.0,0.0,0.0,0.0,0.0,0.0,0.0,0.0,0.0,0.0,
3924,coffee,word,107,107,NOUN,0.009,0.009,0.991,0.0,0.0,0.0,0.009,0.0,0.0,0.0,0.0,0.0,0.0,0.0,0.0,0.0,0.0,
3999,tapestry,word,107,107,NOUN,0.0,0.0,1.0,0.0,0.0,0.0,0.0,0.0,0.0,0.0,0.0,0.0,0.0,0.0,0.0,0.0,0.0,
3828,swings,word,106,106,NOUN,0.0,0.0,0.972,0.028,0.0,0.0,0.0,0.0,0.0,0.0,0.0,0.0,0.0,0.0,0.0,0.0,0.0,
3836,bicycle,word,106,96,NOUN,0.0,0.0,0.991,0.009,0.0,0.0,0.0,0.0,0.0,0.0,0.0,0.0,0.0,0.0,0.0,0.0,0.0,bicycles
4014,coach,word,106,104,NOUN,0.01,0.01,0.972,0.019,0.0,0.0,0.009,0.0,0.0,0.0,0.0,0.0,0.0,0.0,0.0,0.0,0.0,coaches coaching
2456,sibling,word,105,105,NOUN,0.0,0.0,0.838,0.114,0.0,0.0,0.048,0.0,0.0,0.0,0.0,0.0,0.0,0.0,0.0,0.0,0.0,
3932,slide,word,105,77,NOUN,0.0,0.0,0.714,0.286,0.0,0.0,0.0,0.0,0.0,0.0,0.0,0.0,0.0,0.0,0.0,0.0,0.0,slides
3785,bug,word,104,61,NOUN,0.0,0.033,1.0,0.0,0.0,0.0,0.0,0.0,0.0,0.0,0.0,0.0,0.0,0.0,0.0,0.0,0.0,bugs
3897,ships,word,104,104,NOUN,0.0,0.0,1.0,0.0,0.0,0.0,0.0,0.0,0.0,0.0,0.0,0.0,0.0,0.0,0.0,0.0,0.0,
3980,troubles,word,104,104,NOUN,0.0,0.0,0.615,0.385,0.0,0.0,0.0,0.0,0.0,0.0,0.0,0.0,0.0,0.0,0.0,0.0,0.0,
3994,flame,word,104,104,NOUN,0.058,0.058,0.923,0.0,0.019,0.0,0.058,0.0,0.0,0.0,0.0,0.0,0.0,0.0,0.0,0.0,0.0,
2942,grace,word,103,59,NOUN,0.034,0.034,0.553,0.01,0.417,0.0,0.019,0.0,0.0,0.0,0.0,0.0,0.0,0.0,0.0,0.0,0.0,graceful graced
3988,stairs,word,102,102,NOUN,0.0,0.0,1.0,0.0,0.0,0.0,0.0,0.0,0.0,0.0,0.0,0.0,0.0,0.0,0.0,0.0,0.0,
1370,bus,word,101,88,NOUN,0.0,0.0,0.98,0.0,0.0,0.02,0.0,0.0,0.0,0.0,0.0,0.0,0.0,0.0,0.0,0.0,0.0,business busily businesses
3793,lighthouse,word,101,100,NOUN,0.0,0.0,0.97,0.0,0.0,0.0,0.03,0.0,0.0,0.0,0.0,0.0,0.0,0.0,0.0,0.0,0.0,lighthouses
4005,items,word,101,101,NOUN,0.01,0.01,0.99,0.0,0.0,0.0,0.01,0.0,0.0,0.0,0.0,0.0,0.0,0.0,0.0,0.0,0.0,
3683,board,word,100,69,NOUN,0.0,0.0,0.77,0.23,0.0,0.0,0.0,0.0,0.0,0.0,0.0,0.0,0.0,0.0,0.0,0.0,0.0,boarded boards boardhead
3491,grandma,word,99,99,NOUN,0.25,0.25,0.636,0.0,0.0,0.0,0.364,0.0,0.0,0.0,0.0,0.0,0.0,0.0,0.0,0.0,0.0,
3886,journeys,word,99,99,NOUN,0.0,0.0,1.0,0.0,0.0,0.0,0.0,0.0,0.0,0.0,0.0,0.0,0.0,0.0,0.0,0.0,0.0,
3889,tool,word,98,90,NOUN,0.0,0.0,1.0,0.0,0.0,0.0,0.0,0.0,0.0,0.0,0.0,0.0,0.0,0.0,0.0,0.0,0.0,toolbox toolkit
3993,smells,word,96,96,NOUN,0.0,0.0,0.667,0.333,0.0,0.0,0.0,0.0,0.0,0.0,0.0,0.0,0.0,0.0,0.0,0.0,0.0,
2487,treat,word,95,70,NOUN,0.0,0.0,0.737,0.263,0.0,0.0,0.0,0.0,0.0,0.0,0.0,0.0,0.0,0.0,0.0,0.0,0.0,treated treating treaty
3894,spoon,word,95,79,NOUN,0.013,0.013,0.968,0.011,0.0,0.0,0.021,0.0,0.0,0.0,0.0,0.0,0.0,0.0,0.0,0.0,0.0,spoons spoonful
3810,painter,word,94,92,NOUN,0.0,0.0,1.0,0.0,0.0,0.0,0.0,0.0,0.0,0.0,0.0,0.0,0.0,0.0,0.0,0.0,0.0,painters
2460,neck,word,91,85,NOUN,0.0,0.0,0.978,0.022,0.0,0.0,0.0,0.0,0.0,0.0,0.0,0.0,0.0,0.0,0.0,0.0,0.0,necks necked
3945,scents,word,91,91,NOUN,0.0,0.0,1.0,0.0,0.0,0.0,0.0,0.0,0.0,0.0,0.0,0.0,0.0,0.0,0.0,0.0,0.0,
3989,patch,word,89,71,NOUN,0.0,0.0,0.966,0.022,0.011,0.0,0.0,0.0,0.0,0.0,0.0,0.0,0.0,0.0,0.0,0.0,0.0,patches patchwork patchy
2961,twirl,word,85,77,NOUN,0.122,0.122,0.729,0.141,0.0,0.0,0.129,0.0,0.0,0.0,0.0,0.0,0.0,0.0,0.0,0.0,0.0,twirls twirly
3767,treehouse,word,84,83,NOUN,0.0,0.0,1.0,0.0,0.0,0.0,0.0,0.0,0.0,0.0,0.0,0.0,0.0,0.0,0.0,0.0,0.0,treehouses
1923,seas,word,80,77,NOUN,0.0,0.0,0.988,0.0,0.013,0.0,0.0,0.0,0.0,0.0,0.0,0.0,0.0,0.0,0.0,0.0,0.0,seaside seashore
2863,pad,word,77,63,NOUN,0.0,0.0,1.0,0.0,0.0,0.0,0.0,0.0,0.0,0.0,0.0,0.0,0.0,0.0,0.0,0.0,0.0,pads
3159,item,word,74,74,NOUN,0.0,0.0,1.0,0.0,0.0,0.0,0.0,0.0,0.0,0.0,0.0,0.0,0.0,0.0,0.0,0.0,0.0,
2194,super,word,61,31,NOUN,0.074,0.074,0.475,0.0,0.328,0.131,0.066,0.0,0.0,0.0,0.0,0.0,0.0,0.0,0.0,0.0,0.0,superpowers superpower superstar
672,list,word,57,44,NOUN,0.0,0.0,0.912,0.088,0.0,0.0,0.0,0.0,0.0,0.0,0.0,0.0,0.0,0.0,0.0,0.0,0.0,lists listing listed
2205,diamond,word,53,53,NOUN,0.057,0.057,0.943,0.0,0.0,0.0,0.057,0.0,0.0,0.0,0.0,0.0,0.0,0.0,0.0,0.0,0.0,
2769,shoot,word,48,33,NOUN,0.0,0.031,0.5,0.5,0.0,0.0,0.0,0.0,0.0,0.0,0.0,0.0,0.0,0.0,0.0,0.0,0.0,shoots
1796,spaces,word,44,44,NOUN,0.0,0.0,1.0,0.0,0.0,0.0,0.0,0.0,0.0,0.0,0.0,0.0,0.0,0.0,0.0,0.0,0.0,
2827,towns,word,30,30,NOUN,0.0,0.0,1.0,0.0,0.0,0.0,0.0,0.0,0.0,0.0,0.0,0.0,0.0,0.0,0.0,0.0,0.0,
1739,favor,word,11,10,NOUN,0.0,0.0,1.0,0.0,0.0,0.0,0.0,0.0,0.0,0.0,0.0,0.0,0.0,0.0,0.0,0.0,0.0,favors
1347,butter,word,9,9,NOUN,0.0,0.0,1.0,0.0,0.0,0.0,0.0,0.0,0.0,0.0,0.0,0.0,0.0,0.0,0.0,0.0,0.0,
1508,corn,word,6,5,NOUN,0.0,0.0,1.0,0.0,0.0,0.0,0.0,0.0,0.0,0.0,0.0,0.0,0.0,0.0,0.0,0.0,0.0,cornfield
3494,footstep,word,3,3,NOUN,0.0,0.0,1.0,0.0,0.0,0.0,0.0,0.0,0.0,0.0,0.0,0.0,0.0,0.0,0.0,0.0,0.0,
3288,birth,word,2,2,NOUN,,,1.0,0.0,0.0,0.0,0.0,0.0,0.0,0.0,0.0,0.0,0.0,0.0,0.0,0.0,0.0,
3358,cab,word,2,2,NOUN,,,1.0,0.0,0.0,0.0,0.0,0.0,0.0,0.0,0.0,0.0,0.0,0.0,0.0,0.0,0.0,
208,one,word,18333,18333,NUM,0.001,0.292,0.107,0.0,0.0,0.0,0.0,0.021,0.0,0.0,0.0,0.0,0.0,0.0,0.872,0.0,0.0,
1350,two,word,1220,1220,NUM,0.0,0.004,0.0,0.0,0.0,0.0,0.0,0.0,0.0,0.0,0.0,0.0,0.0,0.0,1.0,0.0,0.0,
2436,three,word,346,345,NUM,0.0,0.006,0.0,0.0,0.0,0.0,0.0,0.0,0.0,0.0,0.0,0.0,0.0,0.0,1.0,0.0,0.0,
93,to,word,102483,102131,PART,0.0,0.002,0.003,0.001,0.0,0.0,0.0,0.0,0.0,0.274,0.0,0.723,0.0,0.0,0.0,0.0,0.0,tossing tongue tomatoes
190,not,word,15970,16501,PART,0.0,0.001,0.0,0.004,0.0,0.0,0.0,0.0,0.0,0.0,0.0,0.996,0.0,0.0,0.0,0.0,0.0,noticing noting notorious
103,he,word,92245,92088,PRON,0.0,0.034,0.001,0.0,0.0,0.0,0.0,0.998,0.0,0.0,0.0,0.0,0.0,0.0,0.0,0.0,0.0,heights hen hedgehog
106,she,word,89089,88870,PRON,0.0,0.017,0.002,0.0,0.0,0.0,0.0,0.998,0.0,0.0,0.0,0.0,0.0,0.0,0.0,0.0,0.0,shed sheep sheets
111,they,word,78628,78628,PRON,0.0,0.047,0.0,0.0,0.0,0.0,0.0,1.0,0.0,0.0,0.0,0.0,0.0,0.0,0.0,0.0,0.0,
117,her,word,64428,64213,PRON,0.0,0.002,0.003,0.0,0.0,0.0,0.0,0.997,0.0,0.0,0.0,0.0,0.0,0.0,0.0,0.0,0.0,herring herbs heritage
120,it,word,59681,59674,PRON,0.0,0.002,0.0,0.0,0.0,0.0,0.0,1.0,0.0,0.0,0.0,0.0,0.0,0.0,0.0,0.0,0.0,itch italy itched
156,his,word,33975,33900,PRON,0.0,0.006,0.0,0.002,0.0,0.0,0.0,0.998,0.0,0.0,0.0,0.0,0.0,0.0,0.0,0.0,0.0,hissed hiss hissing
40,i,word,28433,28322,PRON,0.0,1.0,0.001,0.0,0.002,0.0,0.0,0.996,0.0,0.0,0.0,0.0,0.0,0.0,0.0,0.0,0.0,icy icing ivy
177,their,word,24581,24518,PRON,0.0,0.003,0.0,0.0,0.001,0.0,0.0,0.999,0.0,0.0,0.0,0.0,0.0,0.0,0.0,0.0,0.0,theirs
164,you,word,22573,22484,PRON,0.0,0.001,0.004,0.0,0.0,0.0,0.0,0.996,0.0,0.0,0.0,0.0,0.0,0.0,0.0,0.0,0.0,youth youthful
200,him,word,17593,17592,PRON,0.0,0.0,0.0,0.0,0.0,0.0,0.0,1.0,0.0,0.0,0.0,0.0,0.0,0.0,0.0,0.0,0.0,
247,them,word,14042,14037,PRON,0.0,0.0,0.0,0.0,0.0,0.0,0.0,1.0,0.0,0.0,0.0,0.0,0.0,0.0,0.0,0.0,0.0,theme themes themed
251,what,word,13876,13876,PRON,0.0,0.005,0.0,0.0,0.0,0.0,0.0,0.982,0.018,0.0,0.0,0.0,0.0,0.0,0.0,0.0,0.0,
263,we,word,10244,9960,PRON,0.0,0.01,0.015,0.01,0.002,0.0,0.0,0.972,0.0,0.0,0.0,0.0,0.0,0.0,0.0,0.0,0.0,web weighed weird
425,who,word,7218,7005,PRON,0.0,0.001,0.008,0.001,0.0,0.0,0.001,0.98,0.006,0.0,0.0,0.0,0.0,0.0,0.0,0.005,0.0,whoever whoosh whose
432,its,word,6835,6835,PRON,0.0,0.0,0.0,0.0,0.0,0.0,0.0,1.0,0.0,0.0,0.0,0.0,0.0,0.0,0.0,0.0,0.0,
493,something,word,6000,6000,PRON,0.0,0.0,0.0,0.0,0.0,0.0,0.0,1.0,0.0,0.0,0.0,0.0,0.0,0.0,0.0,0.0,0.0,
441,my,word,5776,5690,PRON,0.0,0.002,0.005,0.0,0.008,0.0,0.003,0.985,0.0,0.0,0.0,0.0,0.0,0.0,0.0,0.0,0.0,mystical myth mystria
476,me,word,5344,5125,PRON,0.0,0.001,0.021,0.017,0.002,0.0,0.001,0.959,0.0,0.0,0.0,0.0,0.0,0.0,0.0,0.0,0.0,medal mesmerized meowed
550,everyone,word,5088,5088,PRON,0.0,0.012,0.0,0.0,0.0,0.0,0.0,1.0,0.0,0.0,0.0,0.0,0.0,0.0,0.0,0.0,0.0,
645,your,word,3471,3471,PRON,0.0,0.002,0.0,0.0,0.0,0.0,0.0,1.0,0.0,0.0,0.0,0.0,0.0,0.0,0.0,0.0,0.0,
961,herself,word,2297,2297,PRON,0.0,0.0,0.0,0.0,0.0,0.0,0.0,1.0,0.0,0.0,0.0,0.0,0.0,0.0,0.0,0.0,0.0,
826,us,word,2262,2228,PRON,0.0,0.0,0.0,0.0,0.008,0.007,0.002,0.983,0.0,0.0,0.0,0.0,0.0,0.0,0.0,0.0,0.0,usual usually usable
948,himself,word,2224,2224,PRON,0.0,0.0,0.0,0.0,0.0,0.0,0.0,1.0,0.0,0.0,0.0,0.0,0.0,0.0,0.0,0.0,0.0,
985,our,word,2160,2048,PRON,0.0,0.001,0.002,0.0,0.008,0.0,0.0,0.99,0.0,0.0,0.0,0.0,0.0,0.0,0.0,0.0,0.0,ourselves ours
1079,everything,word,1688,1688,PRON,0.0,0.001,0.0,0.0,0.0,0.0,0.0,1.0,0.0,0.0,0.0,0.0,0.0,0.0,0.0,0.0,0.0,
1240,someone,word,1435,1435,PRON,0.0,0.001,0.0,0.0,0.0,0.0,0.0,1.0,0.0,0.0,0.0,0.0,0.0,0.0,0.0,0.0,0.0,
1506,anything,word,1019,1019,PRON,0.0,0.0,0.0,0.0,0.0,0.0,0.0,1.0,0.0,0.0,0.0,0.0,0.0,0.0,0.0,0.0,0.0,
1754,nothing,word,706,701,PRON,0.0,0.003,0.007,0.0,0.0,0.0,0.0,0.993,0.0,0.0,0.0,0.0,0.0,0.0,0.0,0.0,0.0,nothings nothingness
1919,anyone,word,614,614,PRON,0.0,0.0,0.0,0.0,0.0,0.0,0.0,1.0,0.0,0.0,0.0,0.0,0.0,0.0,0.0,0.0,0.0,
2098,themselves,word,474,474,PRON,0.0,0.0,0.0,0.0,0.0,0.0,0.0,1.0,0.0,0.0,0.0,0.0,0.0,0.0,0.0,0.0,0.0,
2449,itself,word,375,375,PRON,0.0,0.0,0.0,0.0,0.0,0.0,0.0,1.0,0.0,0.0,0.0,0.0,0.0,0.0,0.0,0.0,0.0,
2461,yourself,word,345,345,PRON,0.0,0.0,0.0,0.0,0.0,0.0,0.0,1.0,0.0,0.0,0.0,0.0,0.0,0.0,0.0,0.0,0.0,
2872,mine,word,273,270,PRON,0.0,0.0,0.194,0.0,0.26,0.0,0.011,0.535,0.0,0.0,0.0,0.0,0.0,0.0,0.0,0.0,0.0,mineral minerals
3008,myself,word,200,200,PRON,0.0,0.0,0.0,0.0,0.0,0.0,0.0,1.0,0.0,0.0,0.0,0.0,0.0,0.0,0.0,0.0,0.0,
3842,oneself,word,114,114,PRON,0.0,0.0,0.0,0.0,0.0,0.0,0.0,1.0,0.0,0.0,0.0,0.0,0.0,0.0,0.0,0.0,0.0,
308,mia,word,11013,11013,PROPN,1.0,1.0,0.0,0.0,0.0,0.0,1.0,0.0,0.0,0.0,0.0,0.0,0.0,0.0,0.0,0.0,0.0,
317,leo,word,10315,10315,PROPN,1.0,1.0,0.0,0.0,0.0,0.0,1.0,0.0,0.0,0.0,0.0,0.0,0.0,0.0,0.0,0.0,0.0,
372,alex,word,8242,8242,PROPN,1.0,1.0,0.0,0.0,0.0,0.0,1.0,0.0,0.0,0.0,0.0,0.0,0.0,0.0,0.0,0.0,0.0,
413,kim,word,8213,8212,PROPN,1.0,1.0,0.0,0.0,0.0,0.0,1.0,0.0,0.0,0.0,0.0,0.0,0.0,0.0,0.0,0.0,0.0,kimara
427,samuel,word,7689,7689,PROPN,1.0,1.0,0.0,0.0,0.0,0.0,1.0,0.0,0.0,0.0,0.0,0.0,0.0,0.0,0.0,0.0,0.0,
570,rita,word,5056,5056,PROPN,1.0,1.0,0.0,0.0,0.0,0.0,1.0,0.0,0.0,0.0,0.0,0.0,0.0,0.0,0.0,0.0,0.0,
587,lily,word,4417,4416,PROPN,0.973,0.975,0.003,0.0,0.017,0.039,0.94,0.0,0.0,0.0,0.0,0.0,0.0,0.0,0.0,0.0,0.0,lilypad
693,alice,word,3397,3397,PROPN,1.0,1.0,0.001,0.0,0.0,0.0,0.999,0.0,0.0,0.0,0.0,0.0,0.0,0.0,0.0,0.0,0.0,
737,jean,word,3260,3259,PROPN,1.0,1.0,0.0,0.0,0.002,0.0,0.998,0.0,0.0,0.0,0.0,0.0,0.0,0.0,0.0,0.0,0.0,jeans
721,jose,word,3257,3257,PROPN,1.0,1.0,0.0,0.0,0.0,0.0,1.0,0.0,0.0,0.0,0.0,0.0,0.0,0.0,0.0,0.0,0.0,
707,maria,word,3251,3251,PROPN,1.0,1.0,0.0,0.0,0.0,0.0,1.0,0.0,0.0,0.0,0.0,0.0,0.0,0.0,0.0,0.0,0.0,
752,lena,word,3171,3171,PROPN,1.0,1.0,0.0,0.0,0.0,0.0,1.0,0.0,0.0,0.0,0.0,0.0,0.0,0.0,0.0,0.0,0.0,
806,emmanuel,word,2813,2813,PROPN,1.0,1.0,0.0,0.0,0.0,0.0,1.0,0.0,0.0,0.0,0.0,0.0,0.0,0.0,0.0,0.0,0.0,
956,anne,word,2392,2392,PROPN,1.0,1.0,0.0,0.0,0.0,0.0,1.0,0.0,0.0,0.0,0.0,0.0,0.0,0.0,0.0,0.0,0.0,
964,peter,word,2180,2180,PROPN,1.0,1.0,0.0,0.0,0.0,0.0,1.0,0.0,0.0,0.0,0.0,0.0,0.0,0.0,0.0,0.0,0.0,
1262,luis,word,1321,1321,PROPN,1.0,1.0,0.0,0.0,0.0,0.0,1.0,0.0,0.0,0.0,0.0,0.0,0.0,0.0,0.0,0.0,0.0,
2238,awe,word,446,421,PROPN,0.0,0.0,0.249,0.007,0.043,0.0,0.702,0.0,0.0,0.0,0.0,0.0,0.0,0.0,0.0,0.0,0.0,awesome awestruck awed
2865,keeper,word,303,209,PROPN,0.421,0.421,0.432,0.0,0.0,0.0,0.568,0.0,0.0,0.0,0.0,0.0,0.0,0.0,0.0,0.0,0.0,keepers
3486,rex,word,147,146,PROPN,0.993,0.993,0.0,0.0,0.0,0.0,1.0,0.0,0.0,0.0,0.0,0.0,0.0,0.0,0.0,0.0,0.0,rexes
3839,misty,word,106,103,PROPN,0.214,0.214,0.302,0.0,0.198,0.0,0.5,0.0,0.0,0.0,0.0,0.0,0.0,0.0,0.0,0.0,0.0,mistyvale
3935,guardians,word,82,82,PROPN,0.613,0.613,0.402,0.0,0.0,0.0,0.598,0.0,0.0,0.0,0.0,0.0,0.0,0.0,0.0,0.0,0.0,
395,sam,word,60,43,PROPN,1.0,1.0,0.267,0.017,0.0,0.0,0.717,0.0,0.0,0.0,0.0,0.0,0.0,0.0,0.0,0.0,0.0,samples sampling
674,bot,word,22,21,PROPN,0.9,0.9,0.136,0.0,0.0,0.0,0.864,0.0,0.0,0.0,0.0,0.0,0.0,0.0,0.0,0.0,0.0,bots
33,b,word,14,8,PROPN,0.857,1.0,0.125,0.0,0.0,0.0,0.875,0.0,0.0,0.0,0.0,0.0,0.0,0.0,0.0,0.0,0.0,
149,that,word,37157,37157,SCONJ,0.0,0.017,0.0,0.0,0.0,0.0,0.0,0.253,0.292,0.0,0.0,0.0,0.0,0.455,0.0,0.0,0.0,
334,when,word,9563,9563,SCONJ,0.0,0.446,0.0,0.0,0.0,0.0,0.0,0.0,0.0,0.0,0.0,0.0,0.0,1.0,0.0,0.0,0.0,
379,if,word,8576,8576,SCONJ,0.0,0.002,0.0,0.0,0.0,0.0,0.0,0.0,0.0,0.0,0.0,0.0,0.0,1.0,0.0,0.0,0.0,
511,where,word,5592,5592,SCONJ,0.0,0.0,0.0,0.0,0.0,0.0,0.0,0.0,0.0,0.0,0.0,0.0,0.0,1.0,0.0,0.0,0.0,
475,how,word,5229,5181,SCONJ,0.0,0.0,0.002,0.007,0.0,0.0,0.0,0.0,0.0,0.0,0.0,0.0,0.0,0.99,0.0,0.0,0.0,howl howling howls
701,while,word,3468,3468,SCONJ,0.0,0.094,0.154,0.0,0.0,0.0,0.0,0.0,0.0,0.0,0.0,0.0,0.0,0.846,0.0,0.0,0.0,
907,why,word,2378,2378,SCONJ,0.0,0.016,0.0,0.0,0.0,0.0,0.0,0.0,0.0,0.0,0.0,0.0,0.0,1.0,0.0,0.0,0.0,
1310,upon,word,1255,1255,SCONJ,0.0,0.04,0.0,0.0,0.0,0.0,0.0,0.0,0.0,0.0,0.0,0.0,0.0,1.0,0.0,0.0,0.0,
1703,because,word,790,790,SCONJ,0.0,0.0,0.0,0.0,0.0,0.0,0.0,0.0,0.0,0.0,0.0,0.0,0.0,1.0,0.0,0.0,0.0,
1981,though,word,554,554,SCONJ,0.003,0.067,0.0,0.0,0.0,0.029,0.002,0.0,0.0,0.0,0.0,0.0,0.0,0.969,0.0,0.0,0.0,
3469,whenever,word,139,139,SCONJ,0.0,0.0,0.0,0.0,0.0,0.0,0.0,0.0,0.0,0.0,0.0,0.0,0.0,1.0,0.0,0.0,0.0,
3728,despite,word,135,135,SCONJ,0.0,0.157,0.0,0.0,0.0,0.0,0.0,0.0,0.0,0.0,0.0,0.0,0.0,1.0,0.0,0.0,0.0,
3861,wherever,word,107,107,SCONJ,0.0,0.0,0.0,0.0,0.0,0.0,0.0,0.0,0.0,0.0,0.0,0.0,0.0,1.0,0.0,0.0,0.0,
157,felt,word,33824,33824,VERB,0.0,0.0,0.0,1.0,0.0,0.0,0.0,0.0,0.0,0.0,0.0,0.0,0.0,0.0,0.0,0.0,0.0,
196,said,word,20216,20216,VERB,0.0,0.0,0.0,1.0,0.0,0.0,0.0,0.0,0.0,0.0,0.0,0.0,0.0,0.0,0.0,0.0,0.0,
229,found,word,15726,15722,VERB,0.0,0.0,0.0,1.0,0.0,0.0,0.0,0.0,0.0,0.0,0.0,0.0,0.0,0.0,0.0,0.0,0.0,foundation
290,thought,word,10853,10785,VERB,0.0,0.0,0.089,0.905,0.003,0.003,0.0,0.0,0.0,0.0,0.0,0.0,0.0,0.0,0.0,0.0,0.0,thoughtful thoughtfully thoughtfulness
316,filled,word,10535,10535,VERB,0.0,0.002,0.0,1.0,0.0,0.0,0.0,0.0,0.0,0.0,0.0,0.0,0.0,0.0,0.0,0.0,0.0,
326,looked,word,10122,10122,VERB,0.0,0.0,0.0,1.0,0.0,0.0,0.0,0.0,0.0,0.0,0.0,0.0,0.0,0.0,0.0,0.0,0.0,
320,find,word,9172,9167,VERB,0.0,0.0,0.012,0.988,0.0,0.0,0.0,0.0,0.0,0.0,0.0,0.0,0.0,0.0,0.0,0.0,0.0,finder
354,saw,word,8889,8884,VERB,0.0,0.0,0.0,1.0,0.0,0.0,0.0,0.0,0.0,0.0,0.0,0.0,0.0,0.0,0.0,0.0,0.0,sawed sawing saws
344,feeling,word,8872,8872,VERB,0.0,0.049,0.068,0.932,0.0,0.0,0.0,0.0,0.0,0.0,0.0,0.0,0.0,0.0,0.0,0.0,0.0,
355,smiled,word,8804,8804,VERB,0.0,0.0,0.0,1.0,0.0,0.0,0.0,0.0,0.0,0.0,0.0,0.0,0.0,0.0,0.0,0.0,0.0,
302,help,word,8651,8487,VERB,0.0,0.001,0.19,0.8,0.006,0.0,0.003,0.0,0.0,0.0,0.0,0.0,0.0,0.0,0.0,0.0,0.0,helper helpless helpers
367,asked,word,8506,8506,VERB,0.0,0.0,0.0,1.0,0.0,0.0,0.0,0.0,0.0,0.0,0.0,0.0,0.0,0.0,0.0,0.0,0.0,
381,lost,word,8421,8419,VERB,0.01,0.01,0.004,0.716,0.27,0.0,0.01,0.0,0.0,0.0,0.0,0.0,0.0,0.0,0.0,0.0,0.0,lostania
369,made,word,8347,8347,VERB,0.0,0.0,0.0,1.0,0.0,0.0,0.0,0.0,0.0,0.0,0.0,0.0,0.0,0.0,0.0,0.0,0.0,
385,named,word,8279,8279,VERB,0.0,0.0,0.0,1.0,0.0,0.0,0.0,0.0,0.0,0.0,0.0,0.0,0.0,0.0,0.0,0.0,0.0,
386,wanted,word,8277,8277,VERB,0.0,0.0,0.0,1.0,0.0,0.0,0.0,0.0,0.0,0.0,0.0,0.0,0.0,0.0,0.0,0.0,0.0,
407,began,word,7834,7834,VERB,0.0,0.0,0.0,1.0,0.0,0.0,0.0,0.0,0.0,0.0,0.0,0.0,0.0,0.0,0.0,0.0,0.0,
440,learned,word,7101,7101,VERB,0.0,0.0,0.0,1.0,0.0,0.0,0.0,0.0,0.0,0.0,0.0,0.0,0.0,0.0,0.0,0.0,0.0,
454,shared,word,6553,6553,VERB,0.0,0.0,0.0,0.979,0.021,0.0,0.0,0.0,0.0,0.0,0.0,0.0,0.0,0.0,0.0,0.0,0.0,
466,realized,word,6504,6504,VERB,0.0,0.0,0.0,1.0,0.0,0.0,0.0,0.0,0.0,0.0,0.0,0.0,0.0,0.0,0.0,0.0,0.0,
474,laughed,word,6240,6240,VERB,0.0,0.0,0.0,1.0,0.0,0.0,0.0,0.0,0.0,0.0,0.0,0.0,0.0,0.0,0.0,0.0,0.0,
491,decided,word,6029,6028,VERB,0.0,0.0,0.0,1.0,0.0,0.0,0.0,0.0,0.0,0.0,0.0,0.0,0.0,0.0,0.0,0.0,0.0,decidedly
520,took,word,5644,5644,VERB,0.0,0.0,0.0,1.0,0.0,0.0,0.0,0.0,0.0,0.0,0.0,0.0,0.0,0.0,0.0,0.0,0.0,
519,knew,word,5568,5568,VERB,0.0,0.0,0.0,1.0,0.0,0.0,0.0,0.0,0.0,0.0,0.0,0.0,0.0,0.0,0.0,0.0,0.0,
525,danced,word,5488,5488,VERB,0.0,0.0,0.0,1.0,0.0,0.0,0.0,0.0,0.0,0.0,0.0,0.0,0.0,0.0,0.0,0.0,0.0,
436,see,word,5307,5266,VERB,0.0,0.0,0.003,0.997,0.0,0.0,0.0,0.0,0.0,0.0,0.0,0.0,0.0,0.0,0.0,0.0,0.0,seep seeped seer
542,walked,word,5287,5287,VERB,0.0,0.0,0.0,1.0,0.0,0.0,0.0,0.0,0.0,0.0,0.0,0.0,0.0,0.0,0.0,0.0,0.0,
563,turned,word,4990,4990,VERB,0.0,0.0,0.0,1.0,0.0,0.0,0.0,0.0,0.0,0.0,0.0,0.0,0.0,0.0,0.0,0.0,0.0,
577,hidden,word,4955,4955,VERB,0.006,0.006,0.0,0.613,0.38,0.0,0.007,0.0,0.0,0.0,0.0,0.0,0.0,0.0,0.0,0.0,0.0,
384,let,word,4832,4812,VERB,0.0,0.003,0.002,0.998,0.0,0.0,0.0,0.0,0.0,0.0,0.0,0.0,0.0,0.0,0.0,0.0,0.0,lets lettuce letdown
572,sat,word,4808,4705,VERB,0.0,0.0,0.009,0.979,0.003,0.0,0.009,0.0,0.0,0.0,0.0,0.0,0.0,0.0,0.0,0.0,0.0,saturday satellite satisfied
578,stood,word,4646,4646,VERB,0.0,0.0,0.0,1.0,0.0,0.0,0.0,0.0,0.0,0.0,0.0,0.0,0.0,0.0,0.0,0.0,0.0,
616,came,word,4517,4448,VERB,0.0,0.0,0.015,0.985,0.0,0.0,0.0,0.0,0.0,0.0,0.0,0.0,0.0,0.0,0.0,0.0,0.0,camera cameras camel
602,shouted,word,4454,4454,VERB,0.0,0.0,0.0,1.0,0.0,0.0,0.0,0.0,0.0,0.0,0.0,0.0,0.0,0.0,0.0,0.0,0.0,
617,knowing,word,4311,4292,VERB,0.0,0.001,0.0,0.993,0.002,0.004,0.0,0.0,0.0,0.0,0.0,0.0,0.0,0.0,0.0,0.0,0.0,knowingly
609,loved,word,4268,4268,VERB,0.0,0.0,0.0,0.985,0.015,0.0,0.0,0.0,0.0,0.0,0.0,0.0,0.0,0.0,0.0,0.0,0.0,
629,told,word,4141,4141,VERB,0.0,0.0,0.0,1.0,0.0,0.0,0.0,0.0,0.0,0.0,0.0,0.0,0.0,0.0,0.0,0.0,0.0,
637,make,word,3993,3963,VERB,0.0,0.0,0.007,0.992,0.0,0.0,0.002,0.0,0.0,0.0,0.0,0.0,0.0,0.0,0.0,0.0,0.0,maker makers makeover
657,whispered,word,3893,3893,VERB,0.0,0.0,0.0,0.999,0.001,0.0,0.0,0.0,0.0,0.0,0.0,0.0,0.0,0.0,0.0,0.0,0.0,
656,share,word,3868,3823,VERB,0.002,0.002,0.018,0.98,0.0,0.0,0.002,0.0,0.0,0.0,0.0,0.0,0.0,0.0,0.0,0.0,0.0,shares
662,reached,word,3862,3862,VERB,0.0,0.0,0.0,1.0,0.0,0.0,0.0,0.0,0.0,0.0,0.0,0.0,0.0,0.0,0.0,0.0,0.0,
661,watched,word,3783,3783,VERB,0.0,0.0,0.0,1.0,0.0,0.0,0.0,0.0,0.0,0.0,0.0,0.0,0.0,0.0,0.0,0.0,0.0,
680,opened,word,3707,3707,VERB,0.0,0.0,0.0,1.0,0.0,0.0,0.0,0.0,0.0,0.0,0.0,0.0,0.0,0.0,0.0,0.0,0.0,
399,go,word,3677,3413,VERB,0.0,0.0,0.066,0.915,0.004,0.001,0.015,0.0,0.0,0.0,0.0,0.0,0.0,0.0,0.0,0.0,0.0,goat goblin goofy
678,held,word,3676,3676,VERB,0.0,0.0,0.0,0.999,0.001,0.0,0.0,0.0,0.0,0.0,0.0,0.0,0.0,0.0,0.0,0.0,0.0,
638,set,word,3643,3544,VERB,0.0,0.0,0.16,0.839,0.001,0.0,0.0,0.0,0.0,0.0,0.0,0.0,0.0,0.0,0.0,0.0,0.0,sets settle settling
689,come,word,3499,3481,VERB,0.0,0.0,0.005,0.995,0.0,0.0,0.001,0.0,0.0,0.0,0.0,0.0,0.0,0.0,0.0,0.0,0.0,comedy comedians comedian
725,ran,word,3359,3353,VERB,0.0,0.0,0.001,0.998,0.0,0.001,0.0,0.0,0.0,0.0,0.0,0.0,0.0,0.0,0.0,0.0,0.0,ranks randomly random
723,heard,word,3343,3343,VERB,0.0,0.0,0.0,1.0,0.0,0.0,0.0,0.0,0.0,0.0,0.0,0.0,0.0,0.0,0.0,0.0,0.0,
715,remembered,word,3277,3277,VERB,0.0,0.0,0.0,1.0,0.0,0.0,0.0,0.0,0.0,0.0,0.0,0.0,0.0,0.0,0.0,0.0,0.0,
714,want,word,3231,3231,VERB,0.0,0.0,0.0,1.0,0.0,0.0,0.0,0.0,0.0,0.0,0.0,0.0,0.0,0.0,0.0,0.0,0.0,
740,sharing,word,3219,3219,VERB,0.001,0.001,0.112,0.887,0.0,0.0,0.001,0.0,0.0,0.0,0.0,0.0,0.0,0.0,0.0,0.0,0.0,
759,grew,word,3146,3146,VERB,0.0,0.0,0.001,0.999,0.0,0.0,0.0,0.0,0.0,0.0,0.0,0.0,0.0,0.0,0.0,0.0,0.0,
787,spoke,word,3139,3073,VERB,0.0,0.0,0.0,1.0,0.0,0.0,0.0,0.0,0.0,0.0,0.0,0.0,0.0,0.0,0.0,0.0,0.0,spoken
773,stepped,word,3121,3121,VERB,0.0,0.0,0.0,1.0,0.0,0.0,0.0,0.0,0.0,0.0,0.0,0.0,0.0,0.0,0.0,0.0,0.0,
771,played,word,3072,3072,VERB,0.0,0.0,0.0,1.0,0.0,0.0,0.0,0.0,0.0,0.0,0.0,0.0,0.0,0.0,0.0,0.0,0.0,
778,cheered,word,3048,3048,VERB,0.0,0.0,0.0,1.0,0.0,0.0,0.0,0.0,0.0,0.0,0.0,0.0,0.0,0.0,0.0,0.0,0.0,
779,became,word,3037,3037,VERB,0.0,0.0,0.001,0.999,0.0,0.0,0.0,0.0,0.0,0.0,0.0,0.0,0.0,0.0,0.0,0.0,0.0,
273,feel,word,2993,2993,VERB,0.0,0.0,0.006,0.994,0.0,0.0,0.0,0.0,0.0,0.0,0.0,0.0,0.0,0.0,0.0,0.0,0.0,
775,nodded,word,2926,2926,VERB,0.0,0.0,0.0,1.0,0.0,0.0,0.0,0.0,0.0,0.0,0.0,0.0,0.0,0.0,0.0,0.0,0.0,
801,noticed,word,2880,2880,VERB,0.0,0.0,0.0,0.999,0.001,0.0,0.0,0.0,0.0,0.0,0.0,0.0,0.0,0.0,0.0,0.0,0.0,
808,gathered,word,2876,2876,VERB,0.0,0.0,0.0,1.0,0.0,0.0,0.0,0.0,0.0,0.0,0.0,0.0,0.0,0.0,0.0,0.0,0.0,
837,returned,word,2862,2862,VERB,0.0,0.0,0.0,1.0,0.0,0.0,0.0,0.0,0.0,0.0,0.0,0.0,0.0,0.0,0.0,0.0,0.0,
828,flew,word,2787,2787,VERB,0.0,0.0,0.001,0.999,0.0,0.0,0.0,0.0,0.0,0.0,0.0,0.0,0.0,0.0,0.0,0.0,0.0,
813,replied,word,2769,2769,VERB,0.0,0.0,0.0,1.0,0.0,0.0,0.0,0.0,0.0,0.0,0.0,0.0,0.0,0.0,0.0,0.0,0.0,
747,look,word,2715,2705,VERB,0.0,0.002,0.069,0.931,0.0,0.0,0.0,0.0,0.0,0.0,0.0,0.0,0.0,0.0,0.0,0.0,0.0,lookout
388,play,word,2642,2591,VERB,0.0,0.0,0.091,0.907,0.002,0.0,0.001,0.0,0.0,0.0,0.0,0.0,0.0,0.0,0.0,0.0,0.0,plays playtime plaything
860,seemed,word,2625,2625,VERB,0.0,0.0,0.0,1.0,0.0,0.0,0.0,0.0,0.0,0.0,0.0,0.0,0.0,0.0,0.0,0.0,0.0,
858,sparkled,word,2604,2604,VERB,0.0,0.0,0.0,1.0,0.0,0.0,0.0,0.0,0.0,0.0,0.0,0.0,0.0,0.0,0.0,0.0,0.0,
904,listened,word,2577,2577,VERB,0.0,0.0,0.0,0.998,0.002,0.0,0.0,0.0,0.0,0.0,0.0,0.0,0.0,0.0,0.0,0.0,0.0,
857,take,word,2574,2566,VERB,0.0,0.0,0.003,0.997,0.0,0.0,0.0,0.0,0.0,0.0,0.0,0.0,0.0,0.0,0.0,0.0,0.0,takeoff takeout
877,change,word,2526,2437,VERB,0.001,0.001,0.266,0.728,0.0,0.0,0.006,0.0,0.0,0.0,0.0,0.0,0.0,0.0,0.0,0.0,0.0,changes
882,looking,word,2475,2475,VERB,0.0,0.018,0.0,1.0,0.0,0.0,0.0,0.0,0.0,0.0,0.0,0.0,0.0,0.0,0.0,0.0,0.0,
900,fell,word,2447,2430,VERB,0.0,0.0,0.0,0.993,0.006,0.0,0.001,0.0,0.0,0.0,0.0,0.0,0.0,0.0,0.0,0.0,0.0,fellow fellowship fellyria
911,raced,word,2419,2419,VERB,0.0,0.0,0.0,1.0,0.0,0.0,0.0,0.0,0.0,0.0,0.0,0.0,0.0,0.0,0.0,0.0,0.0,
626,need,word,2409,2355,VERB,0.0,0.0,0.159,0.841,0.0,0.0,0.0,0.0,0.0,0.0,0.0,0.0,0.0,0.0,0.0,0.0,0.0,needle needing needles
912,worked,word,2379,2379,VERB,0.0,0.0,0.0,1.0,0.0,0.0,0.0,0.0,0.0,0.0,0.0,0.0,0.0,0.0,0.0,0.0,0.0,
903,called,word,2372,2372,VERB,0.0,0.0,0.0,1.0,0.0,0.0,0.0,0.0,0.0,0.0,0.0,0.0,0.0,0.0,0.0,0.0,0.0,
876,met,word,2357,2320,VERB,0.0,0.0,0.014,0.984,0.0,0.0,0.001,0.0,0.0,0.0,0.0,0.0,0.0,0.0,0.0,0.0,0.0,meteor meteors methods
932,promised,word,2315,2315,VERB,0.0,0.0,0.0,1.0,0.0,0.0,0.0,0.0,0.0,0.0,0.0,0.0,0.0,0.0,0.0,0.0,0.0,
940,appeared,word,2294,2294,VERB,0.0,0.0,0.0,1.0,0.0,0.0,0.0,0.0,0.0,0.0,0.0,0.0,0.0,0.0,0.0,0.0,0.0,
959,glowing,word,2217,2217,VERB,0.001,0.001,0.005,0.645,0.348,0.0,0.001,0.0,0.0,0.0,0.0,0.0,0.0,0.0,0.0,0.0,0.0,
989,thinking,word,2214,2214,VERB,0.0,0.042,0.096,0.904,0.0,0.0,0.0,0.0,0.0,0.0,0.0,0.0,0.0,0.0,0.0,0.0,0.0,
965,laughing,word,2207,2206,VERB,0.007,0.008,0.03,0.961,0.0,0.0,0.009,0.0,0.0,0.0,0.0,0.0,0.0,0.0,0.0,0.0,0.0,laughingstock
987,started,word,2182,2182,VERB,0.0,0.0,0.0,1.0,0.0,0.0,0.0,0.0,0.0,0.0,0.0,0.0,0.0,0.0,0.0,0.0,0.0,
950,brought,word,2179,2179,VERB,0.0,0.0,0.0,1.0,0.0,0.0,0.0,0.0,0.0,0.0,0.0,0.0,0.0,0.0,0.0,0.0,0.0,
991,shining,word,2165,2165,VERB,0.0,0.001,0.0,0.999,0.001,0.0,0.0,0.0,0.0,0.0,0.0,0.0,0.0,0.0,0.0,0.0,0.0,
980,showed,word,2136,2136,VERB,0.0,0.0,0.0,1.0,0.0,0.0,0.0,0.0,0.0,0.0,0.0,0.0,0.0,0.0,0.0,0.0,0.0,
854,bring,word,2125,2114,VERB,0.0,0.0,0.0,0.995,0.0,0.0,0.005,0.0,0.0,0.0,0.0,0.0,0.0,0.0,0.0,0.0,0.0,bringer bringers
970,passed,word,2118,2118,VERB,0.0,0.0,0.0,1.0,0.0,0.0,0.0,0.0,0.0,0.0,0.0,0.0,0.0,0.0,0.0,0.0,0.0,
981,wondered,word,2116,2116,VERB,0.0,0.0,0.0,1.0,0.0,0.0,0.0,0.0,0.0,0.0,0.0,0.0,0.0,0.0,0.0,0.0,0.0,
1008,understood,word,2083,2083,VERB,0.0,0.0,0.0,0.997,0.003,0.0,0.0,0.0,0.0,0.0,0.0,0.0,0.0,0.0,0.0,0.0,0.0,
978,left,word,2058,2052,VERB,0.0,0.0,0.008,0.968,0.023,0.0,0.0,0.0,0.0,0.0,0.0,0.0,0.0,0.0,0.0,0.0,0.0,leftover leftovers
556,show,word,2033,1957,VERB,0.001,0.001,0.281,0.717,0.0,0.0,0.002,0.0,0.0,0.0,0.0,0.0,0.0,0.0,0.0,0.0,0.0,shower showering showcase
730,join,word,2025,2003,VERB,0.0,0.001,0.001,0.997,0.001,0.0,0.0,0.0,0.0,0.0,0.0,0.0,0.0,0.0,0.0,0.0,0.0,joins joint joints
871,keep,word,1997,1958,VERB,0.0,0.0,0.002,0.998,0.0,0.0,0.0,0.0,0.0,0.0,0.0,0.0,0.0,0.0,0.0,0.0,0.0,keeps keepsakes keepsake
1036,wrote,word,1948,1948,VERB,0.0,0.0,0.0,1.0,0.0,0.0,0.0,0.0,0.0,0.0,0.0,0.0,0.0,0.0,0.0,0.0,0.0,
1001,tell,word,1924,1919,VERB,0.0,0.0,0.002,0.996,0.001,0.0,0.001,0.0,0.0,0.0,0.0,0.0,0.0,0.0,0.0,0.0,0.0,teller tellers
1024,climbed,word,1915,1915,VERB,0.0,0.0,0.0,0.996,0.004,0.0,0.0,0.0,0.0,0.0,0.0,0.0,0.0,0.0,0.0,0.0,0.0,
1029,lived,word,1913,1913,VERB,0.0,0.0,0.0,0.992,0.008,0.0,0.0,0.0,0.0,0.0,0.0,0.0,0.0,0.0,0.0,0.0,0.0,
1021,picked,word,1909,1909,VERB,0.0,0.0,0.0,1.0,0.0,0.0,0.0,0.0,0.0,0.0,0.0,0.0,0.0,0.0,0.0,0.0,0.0,
1031,making,word,1874,1874,VERB,0.0,0.0,0.018,0.982,0.0,0.0,0.0,0.0,0.0,0.0,0.0,0.0,0.0,0.0,0.0,0.0,0.0,
1063,discovered,word,1861,1861,VERB,0.0,0.0,0.0,1.0,0.0,0.0,0.0,0.0,0.0,0.0,0.0,0.0,0.0,0.0,0.0,0.0,0.0,
1085,jumped,word,1861,1861,VERB,0.0,0.0,0.0,1.0,0.0,0.0,0.0,0.0,0.0,0.0,0.0,0.0,0.0,0.0,0.0,0.0,0.0,
1053,followed,word,1859,1859,VERB,0.0,0.0,0.0,0.999,0.001,0.0,0.0,0.0,0.0,0.0,0.0,0.0,0.0,0.0,0.0,0.0,0.0,
1067,remember,word,1839,1839,VERB,0.0,0.002,0.0,0.999,0.0,0.0,0.001,0.0,0.0,0.0,0.0,0.0,0.0,0.0,0.0,0.0,0.0,
447,know,word,1816,1816,VERB,0.0,0.0,0.0,1.0,0.0,0.0,0.0,0.0,0.0,0.0,0.0,0.0,0.0,0.0,0.0,0.0,0.0,
816,grow,word,1790,1686,VERB,0.0,0.0,0.063,0.937,0.001,0.0,0.0,0.0,0.0,0.0,0.0,0.0,0.0,0.0,0.0,0.0,0.0,growl growling growls
1098,led,word,1776,1753,VERB,0.0,0.0,0.013,0.987,0.0,0.0,0.0,0.0,0.0,0.0,0.0,0.0,0.0,0.0,0.0,0.0,0.0,ledge
1074,went,word,1766,1766,VERB,0.0,0.0,0.0,1.0,0.0,0.0,0.0,0.0,0.0,0.0,0.0,0.0,0.0,0.0,0.0,0.0,0.0,
1109,waiting,word,1744,1744,VERB,0.0,0.001,0.015,0.985,0.0,0.0,0.0,0.0,0.0,0.0,0.0,0.0,0.0,0.0,0.0,0.0,0.0,
1073,explore,word,1735,1726,VERB,0.0,0.0,0.017,0.983,0.0,0.0,0.0,0.0,0.0,0.0,0.0,0.0,0.0,0.0,0.0,0.0,0.0,explores
1034,think,word,1707,1669,VERB,0.0,0.001,0.026,0.971,0.0,0.0,0.003,0.0,0.0,0.0,0.0,0.0,0.0,0.0,0.0,0.0,0.0,thinker thinkers
1129,wished,word,1649,1649,VERB,0.0,0.0,0.0,1.0,0.0,0.0,0.0,0.0,0.0,0.0,0.0,0.0,0.0,0.0,0.0,0.0,0.0,
1121,sang,word,1644,1644,VERB,0.0,0.0,0.012,0.988,0.0,0.0,0.001,0.0,0.0,0.0,0.0,0.0,0.0,0.0,0.0,0.0,0.0,
1146,flying,word,1611,1611,VERB,0.0,0.011,0.038,0.956,0.006,0.0,0.0,0.0,0.0,0.0,0.0,0.0,0.0,0.0,0.0,0.0,0.0,
1179,thank,word,1609,1416,VERB,0.0,0.014,0.014,0.915,0.071,0.0,0.0,0.0,0.0,0.0,0.0,0.0,0.0,0.0,0.0,0.0,0.0,thankful thanking thankfulness
1134,moved,word,1606,1606,VERB,0.0,0.004,0.0,0.999,0.001,0.0,0.0,0.0,0.0,0.0,0.0,0.0,0.0,0.0,0.0,0.0,0.0,
1133,closed,word,1605,1605,VERB,0.0,0.0,0.0,0.987,0.013,0.0,0.0,0.0,0.0,0.0,0.0,0.0,0.0,0.0,0.0,0.0,0.0,
1155,needed,word,1603,1603,VERB,0.0,0.0,0.0,0.998,0.002,0.0,0.0,0.0,0.0,0.0,0.0,0.0,0.0,0.0,0.0,0.0,0.0,
1137,create,word,1576,1530,VERB,0.0,0.0,0.001,0.999,0.0,0.0,0.0,0.0,0.0,0.0,0.0,0.0,0.0,0.0,0.0,0.0,0.0,creates
1149,echoed,word,1548,1548,VERB,0.0,0.0,0.001,0.996,0.003,0.0,0.0,0.0,0.0,0.0,0.0,0.0,0.0,0.0,0.0,0.0,0.0,
1159,helped,word,1544,1544,VERB,0.0,0.0,0.0,1.0,0.0,0.0,0.0,0.0,0.0,0.0,0.0,0.0,0.0,0.0,0.0,0.0,0.0,
1162,shone,word,1541,1541,VERB,0.0,0.0,0.058,0.942,0.0,0.0,0.001,0.0,0.0,0.0,0.0,0.0,0.0,0.0,0.0,0.0,0.0,
1193,return,word,1540,1502,VERB,0.0,0.0,0.164,0.836,0.0,0.0,0.001,0.0,0.0,0.0,0.0,0.0,0.0,0.0,0.0,0.0,0.0,returns
1168,exclaimed,word,1538,1538,VERB,0.0,0.0,0.0,1.0,0.0,0.0,0.0,0.0,0.0,0.0,0.0,0.0,0.0,0.0,0.0,0.0,0.0,
1182,faded,word,1505,1505,VERB,0.0,0.0,0.0,0.967,0.032,0.0,0.001,0.0,0.0,0.0,0.0,0.0,0.0,0.0,0.0,0.0,0.0,
1167,lay,word,1495,1440,VERB,0.0,0.0,0.058,0.94,0.0,0.0,0.001,0.0,0.0,0.0,0.0,0.0,0.0,0.0,0.0,0.0,0.0,layers layer layered
1184,playing,word,1492,1492,VERB,0.0,0.002,0.151,0.849,0.0,0.0,0.0,0.0,0.0,0.0,0.0,0.0,0.0,0.0,0.0,0.0,0.0,
1188,agreed,word,1478,1478,VERB,0.0,0.0,0.0,1.0,0.0,0.0,0.0,0.0,0.0,0.0,0.0,0.0,0.0,0.0,0.0,0.0,0.0,
1170,dreamed,word,1472,1472,VERB,0.0,0.0,0.004,0.989,0.007,0.0,0.0,0.0,0.0,0.0,0.0,0.0,0.0,0.0,0.0,0.0,0.0,
767,fly,word,1468,1436,VERB,0.0,0.0,0.044,0.95,0.0,0.0,0.007,0.0,0.0,0.0,0.0,0.0,0.0,0.0,0.0,0.0,0.0,flyer flyers
1202,swam,word,1461,1458,VERB,0.0,0.0,0.129,0.868,0.001,0.002,0.0,0.0,0.0,0.0,0.0,0.0,0.0,0.0,0.0,0.0,0.0,swamp
544,read,word,1446,1425,VERB,0.0,0.0,0.019,0.98,0.001,0.0,0.001,0.0,0.0,0.0,0.0,0.0,0.0,0.0,0.0,0.0,0.0,reads readied readable
1212,landed,word,1437,1437,VERB,0.0,0.0,0.0,1.0,0.0,0.0,0.0,0.0,0.0,0.0,0.0,0.0,0.0,0.0,0.0,0.0,0.0,
1215,glowed,word,1427,1427,VERB,0.0,0.0,0.001,0.999,0.001,0.0,0.0,0.0,0.0,0.0,0.0,0.0,0.0,0.0,0.0,0.0,0.0,
1247,changed,word,1403,1403,VERB,0.0,0.0,0.0,0.999,0.001,0.0,0.0,0.0,0.0,0.0,0.0,0.0,0.0,0.0,0.0,0.0,0.0,
1280,hoping,word,1402,1402,VERB,0.0,0.001,0.0,1.0,0.0,0.0,0.0,0.0,0.0,0.0,0.0,0.0,0.0,0.0,0.0,0.0,0.0,
1241,searched,word,1401,1401,VERB,0.0,0.0,0.0,1.0,0.0,0.0,0.0,0.0,0.0,0.0,0.0,0.0,0.0,0.0,0.0,0.0,0.0,
1226,approached,word,1391,1391,VERB,0.0,0.0,0.0,1.0,0.0,0.0,0.0,0.0,0.0,0.0,0.0,0.0,0.0,0.0,0.0,0.0,0.0,
1211,watching,word,1389,1389,VERB,0.0,0.003,0.002,0.996,0.0,0.0,0.001,0.0,0.0,0.0,0.0,0.0,0.0,0.0,0.0,0.0,0.0,
1230,floated,word,1381,1381,VERB,0.0,0.0,0.0,0.998,0.002,0.0,0.0,0.0,0.0,0.0,0.0,0.0,0.0,0.0,0.0,0.0,0.0,
1231,gasped,word,1379,1379,VERB,0.0,0.0,0.0,1.0,0.0,0.0,0.0,0.0,0.0,0.0,0.0,0.0,0.0,0.0,0.0,0.0,0.0,
1252,spotted,word,1377,1377,VERB,0.0,0.0,0.0,1.0,0.0,0.0,0.0,0.0,0.0,0.0,0.0,0.0,0.0,0.0,0.0,0.0,0.0,
1263,helping,word,1361,1361,VERB,0.0,0.002,0.001,0.999,0.0,0.0,0.001,0.0,0.0,0.0,0.0,0.0,0.0,0.0,0.0,0.0,0.0,
179,hear,word,1329,1200,VERB,0.0,0.0,0.004,0.996,0.0,0.0,0.0,0.0,0.0,0.0,0.0,0.0,0.0,0.0,0.0,0.0,0.0,hearing hears
1265,tried,word,1325,1325,VERB,0.0,0.0,0.0,1.0,0.0,0.0,0.0,0.0,0.0,0.0,0.0,0.0,0.0,0.0,0.0,0.0,0.0,
1295,built,word,1315,1315,VERB,0.0,0.0,0.0,1.0,0.0,0.0,0.0,0.0,0.0,0.0,0.0,0.0,0.0,0.0,0.0,0.0,0.0,
782,lead,word,1311,1311,VERB,0.0,0.0,0.046,0.953,0.002,0.0,0.0,0.0,0.0,0.0,0.0,0.0,0.0,0.0,0.0,0.0,0.0,
1316,waved,word,1298,1298,VERB,0.0,0.0,0.0,0.999,0.001,0.0,0.0,0.0,0.0,0.0,0.0,0.0,0.0,0.0,0.0,0.0,0.0,
1287,trying,word,1296,1296,VERB,0.0,0.008,0.003,0.997,0.0,0.0,0.0,0.0,0.0,0.0,0.0,0.0,0.0,0.0,0.0,0.0,0.0,
1314,joined,word,1289,1289,VERB,0.0,0.0,0.0,0.998,0.002,0.0,0.0,0.0,0.0,0.0,0.0,0.0,0.0,0.0,0.0,0.0,0.0,
1293,painted,word,1286,1286,VERB,0.0,0.0,0.0,0.999,0.0,0.0,0.001,0.0,0.0,0.0,0.0,0.0,0.0,0.0,0.0,0.0,0.0,
1273,sparkling,word,1276,1276,VERB,0.0,0.0,0.002,0.665,0.333,0.0,0.0,0.0,0.0,0.0,0.0,0.0,0.0,0.0,0.0,0.0,0.0,
1304,wandered,word,1275,1275,VERB,0.0,0.0,0.001,0.999,0.0,0.0,0.0,0.0,0.0,0.0,0.0,0.0,0.0,0.0,0.0,0.0,0.0,
1321,pulled,word,1272,1272,VERB,0.0,0.0,0.001,0.996,0.003,0.0,0.0,0.0,0.0,0.0,0.0,0.0,0.0,0.0,0.0,0.0,0.0,
1399,believe,word,1269,1232,VERB,0.0,0.0,0.002,0.998,0.0,0.0,0.0,0.0,0.0,0.0,0.0,0.0,0.0,0.0,0.0,0.0,0.0,believes believer
1267,seen,word,1264,1264,VERB,0.0,0.0,0.0,1.0,0.0,0.0,0.0,0.0,0.0,0.0,0.0,0.0,0.0,0.0,0.0,0.0,0.0,
1333,leave,word,1254,1254,VERB,0.0,0.0,0.003,0.997,0.0,0.0,0.0,0.0,0.0,0.0,0.0,0.0,0.0,0.0,0.0,0.0,0.0,
1338,leaving,word,1237,1237,VERB,0.0,0.017,0.004,0.996,0.0,0.0,0.0,0.0,0.0,0.0,0.0,0.0,0.0,0.0,0.0,0.0,0.0,
1302,imagined,word,1232,1232,VERB,0.0,0.0,0.0,0.998,0.002,0.0,0.0,0.0,0.0,0.0,0.0,0.0,0.0,0.0,0.0,0.0,0.0,
687,laugh,word,1230,1230,VERB,0.002,0.002,0.302,0.696,0.0,0.0,0.002,0.0,0.0,0.0,0.0,0.0,0.0,0.0,0.0,0.0,0.0,
1325,searching,word,1229,1229,VERB,0.0,0.012,0.005,0.995,0.0,0.0,0.0,0.0,0.0,0.0,0.0,0.0,0.0,0.0,0.0,0.0,0.0,
1326,faced,word,1224,1224,VERB,0.0,0.0,0.0,0.998,0.002,0.0,0.0,0.0,0.0,0.0,0.0,0.0,0.0,0.0,0.0,0.0,0.0,
1355,cried,word,1199,1199,VERB,0.0,0.0,0.0,1.0,0.0,0.0,0.0,0.0,0.0,0.0,0.0,0.0,0.0,0.0,0.0,0.0,0.0,
1317,arrived,word,1194,1194,VERB,0.0,0.0,0.003,0.997,0.0,0.0,0.0,0.0,0.0,0.0,0.0,0.0,0.0,0.0,0.0,0.0,0.0,
1357,covered,word,1194,1194,VERB,0.0,0.002,0.0,0.998,0.002,0.0,0.0,0.0,0.0,0.0,0.0,0.0,0.0,0.0,0.0,0.0,0.0,
1385,give,word,1193,1126,VERB,0.0,0.0,0.002,0.998,0.0,0.0,0.0,0.0,0.0,0.0,0.0,0.0,0.0,0.0,0.0,0.0,0.0,gives giver
1397,shook,word,1173,1173,VERB,0.0,0.0,0.003,0.997,0.0,0.0,0.0,0.0,0.0,0.0,0.0,0.0,0.0,0.0,0.0,0.0,0.0,
1015,win,word,1167,844,VERB,0.001,0.001,0.231,0.757,0.0,0.0,0.012,0.0,0.0,0.0,0.0,0.0,0.0,0.0,0.0,0.0,0.0,wing winked wink
1380,realizing,word,1167,1167,VERB,0.0,0.073,0.0,1.0,0.0,0.0,0.0,0.0,0.0,0.0,0.0,0.0,0.0,0.0,0.0,0.0,0.0,
1377,stopped,word,1161,1161,VERB,0.0,0.0,0.0,1.0,0.0,0.0,0.0,0.0,0.0,0.0,0.0,0.0,0.0,0.0,0.0,0.0,0.0,
1386,pushed,word,1147,1147,VERB,0.0,0.0,0.0,1.0,0.0,0.0,0.0,0.0,0.0,0.0,0.0,0.0,0.0,0.0,0.0,0.0,0.0,
717,follow,word,1144,1107,VERB,0.0,0.002,0.007,0.993,0.0,0.0,0.0,0.0,0.0,0.0,0.0,0.0,0.0,0.0,0.0,0.0,0.0,follows followers follower
1142,stay,word,1140,1039,VERB,0.0,0.0,0.005,0.995,0.0,0.0,0.0,0.0,0.0,0.0,0.0,0.0,0.0,0.0,0.0,0.0,0.0,staying stays
1409,learn,word,1126,1035,VERB,0.0,0.0,0.001,0.999,0.0,0.0,0.0,0.0,0.0,0.0,0.0,0.0,0.0,0.0,0.0,0.0,0.0,learns
1428,kept,word,1109,1109,VERB,0.0,0.0,0.0,0.999,0.0,0.0,0.001,0.0,0.0,0.0,0.0,0.0,0.0,0.0,0.0,0.0,0.0,
1415,gone,word,1105,1105,VERB,0.0,0.0,0.005,0.994,0.002,0.0,0.0,0.0,0.0,0.0,0.0,0.0,0.0,0.0,0.0,0.0,0.0,
1405,rushed,word,1097,1097,VERB,0.0,0.0,0.0,1.0,0.0,0.0,0.0,0.0,0.0,0.0,0.0,0.0,0.0,0.0,0.0,0.0,0.0,
1414,created,word,1094,1094,VERB,0.0,0.0,0.0,1.0,0.0,0.0,0.0,0.0,0.0,0.0,0.0,0.0,0.0,0.0,0.0,0.0,0.0,
1421,dancing,word,1082,1082,VERB,0.001,0.001,0.348,0.652,0.0,0.0,0.001,0.0,0.0,0.0,0.0,0.0,0.0,0.0,0.0,0.0,0.0,
1434,stumbled,word,1078,1078,VERB,0.0,0.0,0.0,1.0,0.0,0.0,0.0,0.0,0.0,0.0,0.0,0.0,0.0,0.0,0.0,0.0,0.0,
1070,run,word,1076,862,VERB,0.0,0.0,0.257,0.736,0.004,0.0,0.004,0.0,0.0,0.0,0.0,0.0,0.0,0.0,0.0,0.0,0.0,runs runner runners
1396,got,word,1073,1066,VERB,0.0,0.0,0.0,0.996,0.0,0.0,0.004,0.0,0.0,0.0,0.0,0.0,0.0,0.0,0.0,0.0,0.0,gotcha gotten
534,lit,word,1071,1055,VERB,0.0,0.0,0.009,0.989,0.0,0.002,0.0,0.0,0.0,0.0,0.0,0.0,0.0,0.0,0.0,0.0,0.0,litter littered literally
1425,believed,word,1067,1067,VERB,0.0,0.0,0.0,1.0,0.0,0.0,0.0,0.0,0.0,0.0,0.0,0.0,0.0,0.0,0.0,0.0,0.0,
1445,twinkled,word,1052,1052,VERB,0.0,0.0,0.0,1.0,0.0,0.0,0.0,0.0,0.0,0.0,0.0,0.0,0.0,0.0,0.0,0.0,0.0,
1441,used,word,1051,1051,VERB,0.0,0.0,0.0,1.0,0.0,0.0,0.0,0.0,0.0,0.0,0.0,0.0,0.0,0.0,0.0,0.0,0.0,
1358,get,word,1050,977,VERB,0.0,0.0,0.003,0.997,0.0,0.0,0.0,0.0,0.0,0.0,0.0,0.0,0.0,0.0,0.0,0.0,0.0,gets getaway
1462,holding,word,1050,1050,VERB,0.0,0.034,0.001,0.999,0.0,0.0,0.0,0.0,0.0,0.0,0.0,0.0,0.0,0.0,0.0,0.0,0.0,
1422,smiling,word,1038,1038,VERB,0.0,0.003,0.005,0.995,0.0,0.0,0.0,0.0,0.0,0.0,0.0,0.0,0.0,0.0,0.0,0.0,0.0,
1251,turn,word,1015,1015,VERB,0.0,0.0,0.311,0.689,0.0,0.0,0.0,0.0,0.0,0.0,0.0,0.0,0.0,0.0,0.0,0.0,0.0,
1466,seek,word,1015,908,VERB,0.0,0.002,0.061,0.908,0.0,0.0,0.031,0.0,0.0,0.0,0.0,0.0,0.0,0.0,0.0,0.0,0.0,seekers seeker seeks
1468,talked,word,1012,1012,VERB,0.0,0.0,0.0,1.0,0.0,0.0,0.0,0.0,0.0,0.0,0.0,0.0,0.0,0.0,0.0,0.0,0.0,
930,hold,word,1007,1001,VERB,0.0,0.0,0.044,0.956,0.0,0.0,0.0,0.0,0.0,0.0,0.0,0.0,0.0,0.0,0.0,0.0,0.0,holder
1448,shine,word,998,998,VERB,0.0,0.0,0.063,0.937,0.0,0.0,0.0,0.0,0.0,0.0,0.0,0.0,0.0,0.0,0.0,0.0,0.0,
1511,spent,word,970,970,VERB,0.0,0.0,0.0,1.0,0.0,0.0,0.0,0.0,0.0,0.0,0.0,0.0,0.0,0.0,0.0,0.0,0.0,
1529,finding,word,970,941,VERB,0.0,0.01,0.039,0.961,0.0,0.0,0.0,0.0,0.0,0.0,0.0,0.0,0.0,0.0,0.0,0.0,0.0,findings
1488,thanked,word,969,969,VERB,0.0,0.0,0.0,1.0,0.0,0.0,0.0,0.0,0.0,0.0,0.0,0.0,0.0,0.0,0.0,0.0,0.0,
1457,dreaming,word,963,963,VERB,0.002,0.005,0.029,0.969,0.0,0.0,0.002,0.0,0.0,0.0,0.0,0.0,0.0,0.0,0.0,0.0,0.0,
1084,build,word,962,912,VERB,0.0,0.0,0.03,0.966,0.0,0.0,0.004,0.0,0.0,0.0,0.0,0.0,0.0,0.0,0.0,0.0,0.0,builders builds builder
951,try,word,960,950,VERB,0.0,0.0,0.036,0.964,0.0,0.0,0.0,0.0,0.0,0.0,0.0,0.0,0.0,0.0,0.0,0.0,0.0,tryouts
1515,caught,word,958,958,VERB,0.0,0.004,0.0,1.0,0.0,0.0,0.0,0.0,0.0,0.0,0.0,0.0,0.0,0.0,0.0,0.0,0.0,
1519,inspired,word,950,950,VERB,0.008,0.241,0.0,0.988,0.005,0.0,0.006,0.0,0.0,0.0,0.0,0.0,0.0,0.0,0.0,0.0,0.0,
1491,sitting,word,947,947,VERB,0.0,0.058,0.004,0.996,0.0,0.0,0.0,0.0,0.0,0.0,0.0,0.0,0.0,0.0,0.0,0.0,0.0,
1665,watch,word,939,790,VERB,0.0,0.0,0.201,0.756,0.018,0.0,0.024,0.0,0.0,0.0,0.0,0.0,0.0,0.0,0.0,0.0,0.0,watches watchers watcher
1661,write,word,928,803,VERB,0.0,0.0,0.098,0.893,0.0,0.0,0.009,0.0,0.0,0.0,0.0,0.0,0.0,0.0,0.0,0.0,0.0,writer writes writers
1559,grabbed,word,923,923,VERB,0.0,0.0,0.0,1.0,0.0,0.0,0.0,0.0,0.0,0.0,0.0,0.0,0.0,0.0,0.0,0.0,0.0,
1598,paint,word,923,742,VERB,0.0,0.0,0.4,0.583,0.0,0.0,0.017,0.0,0.0,0.0,0.0,0.0,0.0,0.0,0.0,0.0,0.0,paintbrush paints paintbrushes
1675,fade,word,909,842,VERB,0.0,0.0,0.167,0.829,0.003,0.0,0.0,0.0,0.0,0.0,0.0,0.0,0.0,0.0,0.0,0.0,0.0,fades
1565,filling,word,891,890,VERB,0.0,0.0,0.001,0.999,0.0,0.0,0.0,0.0,0.0,0.0,0.0,0.0,0.0,0.0,0.0,0.0,0.0,fillings
1632,yelled,word,890,890,VERB,0.0,0.0,0.0,1.0,0.0,0.0,0.0,0.0,0.0,0.0,0.0,0.0,0.0,0.0,0.0,0.0,0.0,
1581,rolled,word,874,874,VERB,0.0,0.0,0.0,1.0,0.0,0.0,0.0,0.0,0.0,0.0,0.0,0.0,0.0,0.0,0.0,0.0,0.0,
1617,reach,word,869,819,VERB,0.0,0.0,0.124,0.876,0.0,0.0,0.0,0.0,0.0,0.0,0.0,0.0,0.0,0.0,0.0,0.0,0.0,reaches
1610,touched,word,866,866,VERB,0.0,0.001,0.0,1.0,0.0,0.0,0.0,0.0,0.0,0.0,0.0,0.0,0.0,0.0,0.0,0.0,0.0,
1583,creating,word,864,864,VERB,0.0,0.001,0.001,0.999,0.0,0.0,0.0,0.0,0.0,0.0,0.0,0.0,0.0,0.0,0.0,0.0,0.0,
1626,stop,word,864,790,VERB,0.0,0.001,0.062,0.938,0.0,0.0,0.0,0.0,0.0,0.0,0.0,0.0,0.0,0.0,0.0,0.0,0.0,stopping stops
1616,understanding,word,848,846,VERB,0.002,0.008,0.481,0.515,0.001,0.0,0.002,0.0,0.0,0.0,0.0,0.0,0.0,0.0,0.0,0.0,0.0,understandings
1603,determined,word,847,847,VERB,0.03,0.383,0.0,0.684,0.287,0.0,0.03,0.0,0.0,0.0,0.0,0.0,0.0,0.0,0.0,0.0,0.0,
1621,pointed,word,846,846,VERB,0.0,0.0,0.0,1.0,0.0,0.0,0.0,0.0,0.0,0.0,0.0,0.0,0.0,0.0,0.0,0.0,0.0,
1633,bloomed,word,844,844,VERB,0.0,0.0,0.0,0.998,0.002,0.0,0.0,0.0,0.0,0.0,0.0,0.0,0.0,0.0,0.0,0.0,0.0,
1650,entered,word,831,831,VERB,0.0,0.0,0.0,1.0,0.0,0.0,0.0,0.0,0.0,0.0,0.0,0.0,0.0,0.0,0.0,0.0,0.0,
1605,suggested,word,828,828,VERB,0.0,0.0,0.0,1.0,0.0,0.0,0.0,0.0,0.0,0.0,0.0,0.0,0.0,0.0,0.0,0.0,0.0,
1655,continued,word,827,827,VERB,0.0,0.0,0.0,0.996,0.004,0.0,0.0,0.0,0.0,0.0,0.0,0.0,0.0,0.0,0.0,0.0,0.0,
1664,shimmered,word,827,827,VERB,0.0,0.0,0.0,1.0,0.0,0.0,0.0,0.0,0.0,0.0,0.0,0.0,0.0,0.0,0.0,0.0,0.0,
1419,fight,word,822,761,VERB,0.0,0.0,0.483,0.516,0.001,0.0,0.0,0.0,0.0,0.0,0.0,0.0,0.0,0.0,0.0,0.0,0.0,fights fighter fighters
1612,gave,word,812,812,VERB,0.0,0.0,0.0,1.0,0.0,0.0,0.0,0.0,0.0,0.0,0.0,0.0,0.0,0.0,0.0,0.0,0.0,
1459,spread,word,810,798,VERB,0.0,0.0,0.064,0.931,0.005,0.0,0.0,0.0,0.0,0.0,0.0,0.0,0.0,0.0,0.0,0.0,0.0,spreads
1635,surrounded,word,810,810,VERB,0.0,0.005,0.0,1.0,0.0,0.0,0.0,0.0,0.0,0.0,0.0,0.0,0.0,0.0,0.0,0.0,0.0,
1649,forgotten,word,804,804,VERB,0.006,0.006,0.0,0.949,0.044,0.0,0.007,0.0,0.0,0.0,0.0,0.0,0.0,0.0,0.0,0.0,0.0,
1653,comes,word,802,802,VERB,0.0,0.0,0.0,1.0,0.0,0.0,0.0,0.0,0.0,0.0,0.0,0.0,0.0,0.0,0.0,0.0,0.0,
1660,invited,word,802,802,VERB,0.0,0.0,0.0,1.0,0.0,0.0,0.0,0.0,0.0,0.0,0.0,0.0,0.0,0.0,0.0,0.0,0.0,
1625,feels,word,790,790,VERB,0.0,0.0,0.0,1.0,0.0,0.0,0.0,0.0,0.0,0.0,0.0,0.0,0.0,0.0,0.0,0.0,0.0,
1809,rose,word,790,701,VERB,0.007,0.007,0.233,0.739,0.019,0.0,0.009,0.0,0.0,0.0,0.0,0.0,0.0,0.0,0.0,0.0,0.0,roses rosebush
1652,explored,word,783,783,VERB,0.0,0.0,0.0,1.0,0.0,0.0,0.0,0.0,0.0,0.0,0.0,0.0,0.0,0.0,0.0,0.0,0.0,
1811,touch,word,782,658,VERB,0.0,0.0,0.24,0.756,0.004,0.0,0.0,0.0,0.0,0.0,0.0,0.0,0.0,0.0,0.0,0.0,0.0,touching touches
1658,use,word,780,732,VERB,0.0,0.0,0.019,0.941,0.04,0.0,0.0,0.0,0.0,0.0,0.0,0.0,0.0,0.0,0.0,0.0,0.0,useless uses useful
1213,fall,word,779,715,VERB,0.0,0.001,0.253,0.741,0.0,0.0,0.006,0.0,0.0,0.0,0.0,0.0,0.0,0.0,0.0,0.0,0.0,falls fallout
1690,finished,word,779,779,VERB,0.0,0.0,0.0,0.991,0.009,0.0,0.0,0.0,0.0,0.0,0.0,0.0,0.0,0.0,0.0,0.0,0.0,
1141,say,word,775,775,VERB,0.0,0.0,0.003,0.996,0.0,0.0,0.0,0.0,0.0,0.0,0.0,0.0,0.0,0.0,0.0,0.001,0.0,
1726,stared,word,774,774,VERB,0.0,0.0,0.001,0.999,0.0,0.0,0.0,0.0,0.0,0.0,0.0,0.0,0.0,0.0,0.0,0.0,0.0,
1721,missed,word,773,773,VERB,0.0,0.0,0.0,1.0,0.0,0.0,0.0,0.0,0.0,0.0,0.0,0.0,0.0,0.0,0.0,0.0,0.0,
1736,catch,word,772,741,VERB,0.0,0.001,0.093,0.904,0.0,0.0,0.003,0.0,0.0,0.0,0.0,0.0,0.0,0.0,0.0,0.0,0.0,catches catcher
1687,explained,word,770,770,VERB,0.0,0.0,0.0,1.0,0.0,0.0,0.0,0.0,0.0,0.0,0.0,0.0,0.0,0.0,0.0,0.0,0.0,
1674,taking,word,769,769,VERB,0.0,0.2,0.009,0.991,0.0,0.0,0.0,0.0,0.0,0.0,0.0,0.0,0.0,0.0,0.0,0.0,0.0,
1720,trapped,word,767,767,VERB,0.0,0.001,0.0,0.983,0.017,0.0,0.0,0.0,0.0,0.0,0.0,0.0,0.0,0.0,0.0,0.0,0.0,
1717,revealing,word,766,766,VERB,0.0,0.0,0.0,1.0,0.0,0.0,0.0,0.0,0.0,0.0,0.0,0.0,0.0,0.0,0.0,0.0,0.0,
1663,soared,word,765,765,VERB,0.0,0.0,0.0,1.0,0.0,0.0,0.0,0.0,0.0,0.0,0.0,0.0,0.0,0.0,0.0,0.0,0.0,
1692,hurt,word,763,698,VERB,0.0,0.0,0.11,0.799,0.088,0.0,0.003,0.0,0.0,0.0,0.0,0.0,0.0,0.0,0.0,0.0,0.0,hurting hurts hurtful
1684,known,word,762,762,VERB,0.0,0.0,0.0,1.0,0.0,0.0,0.0,0.0,0.0,0.0,0.0,0.0,0.0,0.0,0.0,0.0,0.0,
1901,protect,word,761,520,VERB,0.0,0.0,0.106,0.866,0.016,0.004,0.008,0.0,0.0,0.0,0.0,0.0,0.0,0.0,0.0,0.0,0.0,protected protector protecting
1371,listen,word,760,732,VERB,0.0,0.0,0.001,0.999,0.0,0.0,0.0,0.0,0.0,0.0,0.0,0.0,0.0,0.0,0.0,0.0,0.0,listens listeners
1712,taught,word,753,753,VERB,0.0,0.0,0.0,1.0,0.0,0.0,0.0,0.0,0.0,0.0,0.0,0.0,0.0,0.0,0.0,0.0,0.0,
1640,running,word,751,751,VERB,0.0,0.018,0.012,0.984,0.004,0.0,0.0,0.0,0.0,0.0,0.0,0.0,0.0,0.0,0.0,0.0,0.0,
1659,move,word,749,643,VERB,0.0,0.0,0.453,0.547,0.0,0.0,0.0,0.0,0.0,0.0,0.0,0.0,0.0,0.0,0.0,0.0,0.0,movement movements
1749,talk,word,747,706,VERB,0.0,0.0,0.06,0.934,0.001,0.0,0.004,0.0,0.0,0.0,0.0,0.0,0.0,0.0,0.0,0.0,0.0,talks talkie talkative
1774,put,word,744,688,VERB,0.0,0.0,0.0,0.999,0.001,0.0,0.0,0.0,0.0,0.0,0.0,0.0,0.0,0.0,0.0,0.0,0.0,putting puts
1673,visit,word,743,617,VERB,0.0,0.0,0.201,0.799,0.0,0.0,0.0,0.0,0.0,0.0,0.0,0.0,0.0,0.0,0.0,0.0,0.0,visiting visitor visitors
1438,meet,word,742,694,VERB,0.0,0.0,0.016,0.984,0.0,0.0,0.0,0.0,0.0,0.0,0.0,0.0,0.0,0.0,0.0,0.0,0.0,meets
1667,blew,word,735,735,VERB,0.0,0.0,0.133,0.865,0.0,0.0,0.001,0.0,0.0,0.0,0.0,0.0,0.0,0.0,0.0,0.0,0.0,
1191,sing,word,733,663,VERB,0.0,0.0,0.095,0.905,0.0,0.0,0.0,0.0,0.0,0.0,0.0,0.0,0.0,0.0,0.0,0.0,0.0,sings singer singers
1710,going,word,731,731,VERB,0.0,0.0,0.0,1.0,0.0,0.0,0.0,0.0,0.0,0.0,0.0,0.0,0.0,0.0,0.0,0.0,0.0,
1777,exploring,word,723,723,VERB,0.0,0.017,0.01,0.99,0.0,0.0,0.0,0.0,0.0,0.0,0.0,0.0,0.0,0.0,0.0,0.0,0.0,
1729,planned,word,716,716,VERB,0.0,0.0,0.0,1.0,0.0,0.0,0.0,0.0,0.0,0.0,0.0,0.0,0.0,0.0,0.0,0.0,0.0,
1743,showing,word,708,708,VERB,0.0,0.0,0.0,1.0,0.0,0.0,0.0,0.0,0.0,0.0,0.0,0.0,0.0,0.0,0.0,0.0,0.0,
1758,woke,word,708,704,VERB,0.0,0.0,0.0,1.0,0.0,0.0,0.0,0.0,0.0,0.0,0.0,0.0,0.0,0.0,0.0,0.0,0.0,woken
1838,hugged,word,703,703,VERB,0.0,0.0,0.0,1.0,0.0,0.0,0.0,0.0,0.0,0.0,0.0,0.0,0.0,0.0,0.0,0.0,0.0,
1064,mean,word,695,613,VERB,0.0,0.0,0.001,0.715,0.167,0.115,0.001,0.0,0.0,0.0,0.0,0.0,0.0,0.0,0.0,0.0,0.0,meanwhile meanest meandered
1161,understand,word,695,655,VERB,0.0,0.0,0.001,0.999,0.0,0.0,0.0,0.0,0.0,0.0,0.0,0.0,0.0,0.0,0.0,0.0,0.0,understands
1778,giggled,word,691,691,VERB,0.0,0.0,0.0,0.944,0.038,0.0,0.019,0.0,0.0,0.0,0.0,0.0,0.0,0.0,0.0,0.0,0.0,
1779,reminded,word,691,691,VERB,0.0,0.0,0.0,1.0,0.0,0.0,0.0,0.0,0.0,0.0,0.0,0.0,0.0,0.0,0.0,0.0,0.0,
1781,wore,word,690,690,VERB,0.0,0.0,0.0,1.0,0.0,0.0,0.0,0.0,0.0,0.0,0.0,0.0,0.0,0.0,0.0,0.0,0.0,
1814,placed,word,674,674,VERB,0.0,0.0,0.0,1.0,0.0,0.0,0.0,0.0,0.0,0.0,0.0,0.0,0.0,0.0,0.0,0.0,0.0,
1789,working,word,669,669,VERB,0.0,0.021,0.006,0.994,0.0,0.0,0.0,0.0,0.0,0.0,0.0,0.0,0.0,0.0,0.0,0.0,0.0,
1769,sighed,word,666,666,VERB,0.0,0.0,0.0,1.0,0.0,0.0,0.0,0.0,0.0,0.0,0.0,0.0,0.0,0.0,0.0,0.0,0.0,
1854,flickered,word,662,662,VERB,0.0,0.0,0.0,0.997,0.003,0.0,0.0,0.0,0.0,0.0,0.0,0.0,0.0,0.0,0.0,0.0,0.0,
1799,transformed,word,661,661,VERB,0.0,0.0,0.0,0.995,0.005,0.0,0.0,0.0,0.0,0.0,0.0,0.0,0.0,0.0,0.0,0.0,0.0,
1839,singing,word,661,661,VERB,0.012,0.012,0.415,0.573,0.0,0.0,0.012,0.0,0.0,0.0,0.0,0.0,0.0,0.0,0.0,0.0,0.0,
1816,meant,word,653,653,VERB,0.0,0.0,0.005,0.991,0.005,0.0,0.0,0.0,0.0,0.0,0.0,0.0,0.0,0.0,0.0,0.0,0.0,
1852,coming,word,651,651,VERB,0.0,0.002,0.002,0.998,0.0,0.0,0.0,0.0,0.0,0.0,0.0,0.0,0.0,0.0,0.0,0.0,0.0,
1795,broke,word,649,649,VERB,0.0,0.0,0.0,1.0,0.0,0.0,0.0,0.0,0.0,0.0,0.0,0.0,0.0,0.0,0.0,0.0,0.0,
1893,hiding,word,645,645,VERB,0.0,0.003,0.226,0.774,0.0,0.0,0.0,0.0,0.0,0.0,0.0,0.0,0.0,0.0,0.0,0.0,0.0,
812,climb,word,643,595,VERB,0.0,0.0,0.198,0.787,0.0,0.0,0.016,0.0,0.0,0.0,0.0,0.0,0.0,0.0,0.0,0.0,0.0,climbs climber climbers
1906,pressed,word,643,643,VERB,0.0,0.0,0.0,0.997,0.003,0.0,0.0,0.0,0.0,0.0,0.0,0.0,0.0,0.0,0.0,0.0,0.0,
1917,hide,word,641,562,VERB,0.004,0.004,0.139,0.856,0.002,0.0,0.003,0.0,0.0,0.0,0.0,0.0,0.0,0.0,0.0,0.0,0.0,hides hideout hider
1864,guide,word,637,614,VERB,0.008,0.01,0.226,0.758,0.002,0.0,0.014,0.0,0.0,0.0,0.0,0.0,0.0,0.0,0.0,0.0,0.0,guides guidelines
1860,stuck,word,636,636,VERB,0.0,0.0,0.002,0.83,0.168,0.0,0.0,0.0,0.0,0.0,0.0,0.0,0.0,0.0,0.0,0.0,0.0,
1851,declared,word,630,630,VERB,0.0,0.0,0.0,1.0,0.0,0.0,0.0,0.0,0.0,0.0,0.0,0.0,0.0,0.0,0.0,0.0,0.0,
1833,telling,word,629,629,VERB,0.0,0.0,0.002,0.998,0.0,0.0,0.0,0.0,0.0,0.0,0.0,0.0,0.0,0.0,0.0,0.0,0.0,
1874,happened,word,629,629,VERB,0.0,0.0,0.0,1.0,0.0,0.0,0.0,0.0,0.0,0.0,0.0,0.0,0.0,0.0,0.0,0.0,0.0,
291,fill,word,628,548,VERB,0.0,0.0,0.008,0.992,0.0,0.0,0.0,0.0,0.0,0.0,0.0,0.0,0.0,0.0,0.0,0.0,0.0,fills
647,gather,word,619,574,VERB,0.0,0.004,0.005,0.994,0.0,0.0,0.002,0.0,0.0,0.0,0.0,0.0,0.0,0.0,0.0,0.0,0.0,gathers gatherer
1836,save,word,619,617,VERB,0.0,0.0,0.005,0.995,0.0,0.0,0.0,0.0,0.0,0.0,0.0,0.0,0.0,0.0,0.0,0.0,0.0,saves
1927,growing,word,619,619,VERB,0.0,0.0,0.002,0.998,0.0,0.0,0.0,0.0,0.0,0.0,0.0,0.0,0.0,0.0,0.0,0.0,0.0,
1933,talking,word,617,617,VERB,0.0,0.0,0.039,0.961,0.0,0.0,0.0,0.0,0.0,0.0,0.0,0.0,0.0,0.0,0.0,0.0,0.0,
1903,drawn,word,614,614,VERB,0.0,0.005,0.0,0.998,0.002,0.0,0.0,0.0,0.0,0.0,0.0,0.0,0.0,0.0,0.0,0.0,0.0,
1880,echoing,word,607,607,VERB,0.0,0.0,0.003,0.988,0.008,0.0,0.0,0.0,0.0,0.0,0.0,0.0,0.0,0.0,0.0,0.0,0.0,
1876,reminding,word,605,605,VERB,0.0,0.0,0.0,1.0,0.0,0.0,0.0,0.0,0.0,0.0,0.0,0.0,0.0,0.0,0.0,0.0,0.0,
1897,hesitated,word,605,605,VERB,0.0,0.0,0.0,0.995,0.002,0.0,0.003,0.0,0.0,0.0,0.0,0.0,0.0,0.0,0.0,0.0,0.0,
1908,celebrated,word,603,603,VERB,0.0,0.0,0.0,0.993,0.007,0.0,0.0,0.0,0.0,0.0,0.0,0.0,0.0,0.0,0.0,0.0,0.0,
1877,burst,word,602,559,VERB,0.0,0.0,0.254,0.739,0.007,0.0,0.0,0.0,0.0,0.0,0.0,0.0,0.0,0.0,0.0,0.0,0.0,bursting bursts
1947,search,word,596,585,VERB,0.0,0.0,0.366,0.626,0.0,0.0,0.008,0.0,0.0,0.0,0.0,0.0,0.0,0.0,0.0,0.0,0.0,searches searcher searchers
2070,escape,word,594,509,VERB,0.002,0.002,0.118,0.879,0.0,0.0,0.003,0.0,0.0,0.0,0.0,0.0,0.0,0.0,0.0,0.0,0.0,escaped escapes
2183,speak,word,594,446,VERB,0.0,0.0,0.02,0.98,0.0,0.0,0.0,0.0,0.0,0.0,0.0,0.0,0.0,0.0,0.0,0.0,0.0,speaking speaks speaker
1831,start,word,592,503,VERB,0.0,0.0,0.287,0.711,0.002,0.0,0.0,0.0,0.0,0.0,0.0,0.0,0.0,0.0,0.0,0.0,0.0,starting startling
1895,saying,word,592,591,VERB,0.0,0.0,0.007,0.993,0.0,0.0,0.0,0.0,0.0,0.0,0.0,0.0,0.0,0.0,0.0,0.0,0.0,sayings
1891,sailed,word,588,588,VERB,0.0,0.0,0.0,1.0,0.0,0.0,0.0,0.0,0.0,0.0,0.0,0.0,0.0,0.0,0.0,0.0,0.0,
1698,fix,word,586,476,VERB,0.023,0.023,0.012,0.961,0.0,0.0,0.027,0.0,0.0,0.0,0.0,0.0,0.0,0.0,0.0,0.0,0.0,fixing fixer fixes
1958,taken,word,586,586,VERB,0.0,0.0,0.0,1.0,0.0,0.0,0.0,0.0,0.0,0.0,0.0,0.0,0.0,0.0,0.0,0.0,0.0,
1996,break,word,583,491,VERB,0.0,0.0,0.317,0.679,0.0,0.0,0.003,0.0,0.0,0.0,0.0,0.0,0.0,0.0,0.0,0.0,0.0,breakfast breaks breakthrough
1956,carried,word,580,580,VERB,0.0,0.0,0.0,1.0,0.0,0.0,0.0,0.0,0.0,0.0,0.0,0.0,0.0,0.0,0.0,0.0,0.0,
1916,hit,word,577,523,VERB,0.0,0.0,0.057,0.943,0.0,0.0,0.0,0.0,0.0,0.0,0.0,0.0,0.0,0.0,0.0,0.0,0.0,hitting hits hitch
2011,become,word,577,534,VERB,0.0,0.0,0.0,1.0,0.0,0.0,0.0,0.0,0.0,0.0,0.0,0.0,0.0,0.0,0.0,0.0,0.0,becomes
1970,fought,word,569,569,VERB,0.0,0.0,0.0,0.991,0.009,0.0,0.0,0.0,0.0,0.0,0.0,0.0,0.0,0.0,0.0,0.0,0.0,
2003,remembering,word,569,569,VERB,0.0,0.071,0.032,0.968,0.0,0.0,0.0,0.0,0.0,0.0,0.0,0.0,0.0,0.0,0.0,0.0,0.0,
1984,lies,word,567,567,VERB,0.004,0.004,0.418,0.578,0.0,0.0,0.004,0.0,0.0,0.0,0.0,0.0,0.0,0.0,0.0,0.0,0.0,
1976,moving,word,566,566,VERB,0.0,0.018,0.0,1.0,0.0,0.0,0.0,0.0,0.0,0.0,0.0,0.0,0.0,0.0,0.0,0.0,0.0,
1942,worry,word,565,553,VERB,0.005,0.005,0.439,0.554,0.002,0.0,0.005,0.0,0.0,0.0,0.0,0.0,0.0,0.0,0.0,0.0,0.0,worrying
1584,hung,word,559,530,VERB,0.0,0.0,0.057,0.934,0.002,0.0,0.007,0.0,0.0,0.0,0.0,0.0,0.0,0.0,0.0,0.0,0.0,hunger
1088,bloom,word,555,551,VERB,0.035,0.035,0.241,0.712,0.0,0.0,0.047,0.0,0.0,0.0,0.0,0.0,0.0,0.0,0.0,0.0,0.0,bloomville
1941,offered,word,555,555,VERB,0.0,0.0,0.0,1.0,0.0,0.0,0.0,0.0,0.0,0.0,0.0,0.0,0.0,0.0,0.0,0.0,0.0,
1972,crept,word,554,554,VERB,0.0,0.0,0.0,1.0,0.0,0.0,0.0,0.0,0.0,0.0,0.0,0.0,0.0,0.0,0.0,0.0,0.0,
1992,dug,word,554,554,VERB,0.0,0.0,0.005,0.995,0.0,0.0,0.0,0.0,0.0,0.0,0.0,0.0,0.0,0.0,0.0,0.0,0.0,
822,wait,word,550,506,VERB,0.0,0.0,0.058,0.936,0.0,0.0,0.004,0.0,0.0,0.0,0.0,0.0,0.0,0.0,0.0,0.002,0.0,waits waiter waitress
2012,twisted,word,548,548,VERB,0.0,0.0,0.0,0.743,0.257,0.0,0.0,0.0,0.0,0.0,0.0,0.0,0.0,0.0,0.0,0.0,0.0,
1604,carry,word,545,545,VERB,0.0,0.0,0.0,1.0,0.0,0.0,0.0,0.0,0.0,0.0,0.0,0.0,0.0,0.0,0.0,0.0,0.0,
2021,slipped,word,545,545,VERB,0.0,0.0,0.0,1.0,0.0,0.0,0.0,0.0,0.0,0.0,0.0,0.0,0.0,0.0,0.0,0.0,0.0,
2032,haunted,word,544,544,VERB,0.0,0.002,0.0,0.678,0.322,0.0,0.0,0.0,0.0,0.0,0.0,0.0,0.0,0.0,0.0,0.0,0.0,
2010,buried,word,542,542,VERB,0.0,0.0,0.0,1.0,0.0,0.0,0.0,0.0,0.0,0.0,0.0,0.0,0.0,0.0,0.0,0.0,0.0,
1994,waited,word,540,540,VERB,0.0,0.0,0.0,1.0,0.0,0.0,0.0,0.0,0.0,0.0,0.0,0.0,0.0,0.0,0.0,0.0,0.0,
1987,paused,word,537,537,VERB,0.0,0.0,0.0,0.996,0.004,0.0,0.0,0.0,0.0,0.0,0.0,0.0,0.0,0.0,0.0,0.0,0.0,
2017,lifted,word,537,537,VERB,0.0,0.0,0.0,1.0,0.0,0.0,0.0,0.0,0.0,0.0,0.0,0.0,0.0,0.0,0.0,0.0,0.0,
1982,traveled,word,534,534,VERB,0.0,0.0,0.0,1.0,0.0,0.0,0.0,0.0,0.0,0.0,0.0,0.0,0.0,0.0,0.0,0.0,0.0,
2016,walking,word,533,533,VERB,0.0,0.171,0.043,0.957,0.0,0.0,0.0,0.0,0.0,0.0,0.0,0.0,0.0,0.0,0.0,0.0,0.0,
2059,saved,word,533,533,VERB,0.0,0.0,0.0,1.0,0.0,0.0,0.0,0.0,0.0,0.0,0.0,0.0,0.0,0.0,0.0,0.0,0.0,
2048,bringing,word,531,531,VERB,0.0,0.0,0.002,0.998,0.0,0.0,0.0,0.0,0.0,0.0,0.0,0.0,0.0,0.0,0.0,0.0,0.0,
2041,believing,word,528,528,VERB,0.0,0.0,0.002,0.998,0.0,0.0,0.0,0.0,0.0,0.0,0.0,0.0,0.0,0.0,0.0,0.0,0.0,
1993,building,word,527,527,VERB,0.0,0.002,0.41,0.59,0.0,0.0,0.0,0.0,0.0,0.0,0.0,0.0,0.0,0.0,0.0,0.0,0.0,
1284,forgot,word,526,526,VERB,0.0,0.0,0.002,0.996,0.002,0.0,0.0,0.0,0.0,0.0,0.0,0.0,0.0,0.0,0.0,0.0,0.0,
2028,clapped,word,526,526,VERB,0.0,0.0,0.0,1.0,0.0,0.0,0.0,0.0,0.0,0.0,0.0,0.0,0.0,0.0,0.0,0.0,0.0,
2052,flowed,word,522,522,VERB,0.0,0.0,0.0,1.0,0.0,0.0,0.0,0.0,0.0,0.0,0.0,0.0,0.0,0.0,0.0,0.0,0.0,
2084,using,word,519,519,VERB,0.0,0.087,0.0,1.0,0.0,0.0,0.0,0.0,0.0,0.0,0.0,0.0,0.0,0.0,0.0,0.0,0.0,
2033,won,word,518,383,VERB,0.0,0.0,0.0,1.0,0.0,0.0,0.0,0.0,0.0,0.0,0.0,0.0,0.0,0.0,0.0,0.0,0.0,
2015,guiding,word,512,512,VERB,0.0,0.0,0.0,0.998,0.002,0.0,0.0,0.0,0.0,0.0,0.0,0.0,0.0,0.0,0.0,0.0,0.0,
2049,packed,word,512,512,VERB,0.0,0.0,0.0,0.996,0.004,0.0,0.0,0.0,0.0,0.0,0.0,0.0,0.0,0.0,0.0,0.0,0.0,
2144,celebrate,word,512,511,VERB,0.0,0.0,0.002,0.998,0.0,0.0,0.0,0.0,0.0,0.0,0.0,0.0,0.0,0.0,0.0,0.0,0.0,celebrates
2168,gathering,word,509,480,VERB,0.0,0.207,0.316,0.684,0.0,0.0,0.0,0.0,0.0,0.0,0.0,0.0,0.0,0.0,0.0,0.0,0.0,gatherings
2019,leading,word,507,507,VERB,0.0,0.002,0.002,0.998,0.0,0.0,0.0,0.0,0.0,0.0,0.0,0.0,0.0,0.0,0.0,0.0,0.0,
2086,welcomed,word,502,502,VERB,0.0,0.0,0.0,1.0,0.0,0.0,0.0,0.0,0.0,0.0,0.0,0.0,0.0,0.0,0.0,0.0,0.0,
2075,standing,word,499,499,VERB,0.0,0.048,0.01,0.988,0.002,0.0,0.0,0.0,0.0,0.0,0.0,0.0,0.0,0.0,0.0,0.0,0.0,
2018,vanished,word,487,487,VERB,0.0,0.0,0.0,1.0,0.0,0.0,0.0,0.0,0.0,0.0,0.0,0.0,0.0,0.0,0.0,0.0,0.0,
2117,roared,word,487,487,VERB,0.0,0.0,0.0,1.0,0.0,0.0,0.0,0.0,0.0,0.0,0.0,0.0,0.0,0.0,0.0,0.0,0.0,
2079,ended,word,486,486,VERB,0.0,0.0,0.0,1.0,0.0,0.0,0.0,0.0,0.0,0.0,0.0,0.0,0.0,0.0,0.0,0.0,0.0,
2106,crossed,word,481,481,VERB,0.0,0.0,0.0,0.938,0.062,0.0,0.0,0.0,0.0,0.0,0.0,0.0,0.0,0.0,0.0,0.0,0.0,
2149,belonged,word,481,481,VERB,0.0,0.0,0.0,1.0,0.0,0.0,0.0,0.0,0.0,0.0,0.0,0.0,0.0,0.0,0.0,0.0,0.0,
2081,swirled,word,480,480,VERB,0.0,0.0,0.0,1.0,0.0,0.0,0.0,0.0,0.0,0.0,0.0,0.0,0.0,0.0,0.0,0.0,0.0,
2100,calling,word,480,480,VERB,0.0,0.0,0.015,0.985,0.0,0.0,0.0,0.0,0.0,0.0,0.0,0.0,0.0,0.0,0.0,0.0,0.0,
2137,giving,word,479,479,VERB,0.0,0.0,0.084,0.916,0.0,0.0,0.0,0.0,0.0,0.0,0.0,0.0,0.0,0.0,0.0,0.0,0.0,
2120,rise,word,476,446,VERB,0.0,0.0,0.235,0.763,0.002,0.0,0.0,0.0,0.0,0.0,0.0,0.0,0.0,0.0,0.0,0.0,0.0,rises risen
2189,howled,word,476,476,VERB,0.0,0.0,0.0,1.0,0.0,0.0,0.0,0.0,0.0,0.0,0.0,0.0,0.0,0.0,0.0,0.0,0.0,
2145,warned,word,474,474,VERB,0.0,0.0,0.0,1.0,0.0,0.0,0.0,0.0,0.0,0.0,0.0,0.0,0.0,0.0,0.0,0.0,0.0,
2095,sought,word,469,469,VERB,0.0,0.0,0.0,1.0,0.0,0.0,0.0,0.0,0.0,0.0,0.0,0.0,0.0,0.0,0.0,0.0,0.0,
2111,done,word,467,467,VERB,0.0,0.0,0.0,1.0,0.0,0.0,0.0,0.0,0.0,0.0,0.0,0.0,0.0,0.0,0.0,0.0,0.0,
2166,grant,word,467,436,VERB,0.0,0.0,0.002,0.998,0.0,0.0,0.0,0.0,0.0,0.0,0.0,0.0,0.0,0.0,0.0,0.0,0.0,granting grants granter
2128,whispering,word,465,465,VERB,0.058,0.058,0.166,0.718,0.062,0.0,0.054,0.0,0.0,0.0,0.0,0.0,0.0,0.0,0.0,0.0,0.0,
2157,embrace,word,463,462,VERB,0.002,0.002,0.108,0.883,0.002,0.0,0.006,0.0,0.0,0.0,0.0,0.0,0.0,0.0,0.0,0.0,0.0,embraces
1780,lift,word,462,448,VERB,0.0,0.0,0.294,0.706,0.0,0.0,0.0,0.0,0.0,0.0,0.0,0.0,0.0,0.0,0.0,0.0,0.0,lifts liftoff
1784,jump,word,455,383,VERB,0.022,0.022,0.27,0.701,0.0,0.0,0.029,0.0,0.0,0.0,0.0,0.0,0.0,0.0,0.0,0.0,0.0,jumps jumper jumpy
2129,wishing,word,455,455,VERB,0.0,0.007,0.0,0.989,0.011,0.0,0.0,0.0,0.0,0.0,0.0,0.0,0.0,0.0,0.0,0.0,0.0,
2174,looks,word,454,454,VERB,0.0,0.002,0.11,0.89,0.0,0.0,0.0,0.0,0.0,0.0,0.0,0.0,0.0,0.0,0.0,0.0,0.0,
2250,walk,word,452,447,VERB,0.0,0.002,0.345,0.655,0.0,0.0,0.0,0.0,0.0,0.0,0.0,0.0,0.0,0.0,0.0,0.0,0.0,walkie walkway
2164,added,word,450,450,VERB,0.0,0.0,0.0,1.0,0.0,0.0,0.0,0.0,0.0,0.0,0.0,0.0,0.0,0.0,0.0,0.0,0.0,
2187,prepared,word,446,446,VERB,0.0,0.0,0.0,0.973,0.027,0.0,0.0,0.0,0.0,0.0,0.0,0.0,0.0,0.0,0.0,0.0,0.0,
2153,doing,word,444,444,VERB,0.0,0.0,0.0,1.0,0.0,0.0,0.0,0.0,0.0,0.0,0.0,0.0,0.0,0.0,0.0,0.0,0.0,
2198,sank,word,442,442,VERB,0.0,0.0,0.0,1.0,0.0,0.0,0.0,0.0,0.0,0.0,0.0,0.0,0.0,0.0,0.0,0.0,0.0,
718,call,word,441,391,VERB,0.0,0.0,0.329,0.671,0.0,0.0,0.0,0.0,0.0,0.0,0.0,0.0,0.0,0.0,0.0,0.0,0.0,calls
2229,having,word,441,441,VERB,0.0,0.0,0.0,1.0,0.0,0.0,0.0,0.0,0.0,0.0,0.0,0.0,0.0,0.0,0.0,0.0,0.0,
1753,forget,word,439,417,VERB,0.0,0.0,0.023,0.973,0.005,0.0,0.0,0.0,0.0,0.0,0.0,0.0,0.0,0.0,0.0,0.0,0.0,forgets forgetfulness forgetful
2182,staring,word,439,439,VERB,0.0,0.007,0.002,0.998,0.0,0.0,0.0,0.0,0.0,0.0,0.0,0.0,0.0,0.0,0.0,0.0,0.0,
2204,poured,word,439,439,VERB,0.0,0.0,0.0,1.0,0.0,0.0,0.0,0.0,0.0,0.0,0.0,0.0,0.0,0.0,0.0,0.0,0.0,
2260,learning,word,439,439,VERB,0.005,0.005,0.148,0.847,0.0,0.0,0.005,0.0,0.0,0.0,0.0,0.0,0.0,0.0,0.0,0.0,0.0,
2290,shaking,word,437,437,VERB,0.0,0.005,0.014,0.986,0.0,0.0,0.0,0.0,0.0,0.0,0.0,0.0,0.0,0.0,0.0,0.0,0.0,
2233,remained,word,435,435,VERB,0.0,0.0,0.0,1.0,0.0,0.0,0.0,0.0,0.0,0.0,0.0,0.0,0.0,0.0,0.0,0.0,0.0,
1642,happen,word,433,377,VERB,0.0,0.0,0.0,1.0,0.0,0.0,0.0,0.0,0.0,0.0,0.0,0.0,0.0,0.0,0.0,0.0,0.0,happens
2239,stayed,word,433,433,VERB,0.0,0.0,0.0,1.0,0.0,0.0,0.0,0.0,0.0,0.0,0.0,0.0,0.0,0.0,0.0,0.0,0.0,
2135,brings,word,432,432,VERB,0.0,0.0,0.0,1.0,0.0,0.0,0.0,0.0,0.0,0.0,0.0,0.0,0.0,0.0,0.0,0.0,0.0,
2169,pounding,word,427,427,VERB,0.0,0.0,0.0,0.995,0.005,0.0,0.0,0.0,0.0,0.0,0.0,0.0,0.0,0.0,0.0,0.0,0.0,
504,hid,word,424,424,VERB,0.0,0.0,0.0,0.991,0.007,0.0,0.002,0.0,0.0,0.0,0.0,0.0,0.0,0.0,0.0,0.0,0.0,
2297,heal,word,422,328,VERB,0.0,0.0,0.095,0.872,0.033,0.0,0.0,0.0,0.0,0.0,0.0,0.0,0.0,0.0,0.0,0.0,0.0,healed healer healthy
2199,makes,word,421,414,VERB,0.0,0.0,0.005,0.983,0.012,0.0,0.0,0.0,0.0,0.0,0.0,0.0,0.0,0.0,0.0,0.0,0.0,makeshift
2249,creaked,word,421,421,VERB,0.0,0.0,0.0,1.0,0.0,0.0,0.0,0.0,0.0,0.0,0.0,0.0,0.0,0.0,0.0,0.0,0.0,
2318,reaching,word,419,419,VERB,0.0,0.076,0.0,1.0,0.0,0.0,0.0,0.0,0.0,0.0,0.0,0.0,0.0,0.0,0.0,0.0,0.0,
1878,discover,word,417,347,VERB,0.0,0.0,0.115,0.885,0.0,0.0,0.0,0.0,0.0,0.0,0.0,0.0,0.0,0.0,0.0,0.0,0.0,discoveries discovers
1145,travel,word,416,321,VERB,0.009,0.009,0.327,0.666,0.0,0.0,0.007,0.0,0.0,0.0,0.0,0.0,0.0,0.0,0.0,0.0,0.0,traveling travels
2403,finish,word,411,371,VERB,0.0,0.0,0.448,0.552,0.0,0.0,0.0,0.0,0.0,0.0,0.0,0.0,0.0,0.0,0.0,0.0,0.0,finishing finishes
2274,swirling,word,410,410,VERB,0.0,0.0,0.061,0.841,0.098,0.0,0.0,0.0,0.0,0.0,0.0,0.0,0.0,0.0,0.0,0.0,0.0,
2343,choose,word,410,400,VERB,0.0,0.0,0.0,1.0,0.0,0.0,0.0,0.0,0.0,0.0,0.0,0.0,0.0,0.0,0.0,0.0,0.0,chooses
1381,belong,word,409,331,VERB,0.0,0.0,0.0,1.0,0.0,0.0,0.0,0.0,0.0,0.0,0.0,0.0,0.0,0.0,0.0,0.0,0.0,belongs
2180,crashed,word,407,407,VERB,0.0,0.0,0.0,1.0,0.0,0.0,0.0,0.0,0.0,0.0,0.0,0.0,0.0,0.0,0.0,0.0,0.0,
2258,ask,word,407,406,VERB,0.0,0.0,0.0,0.998,0.002,0.0,0.0,0.0,0.0,0.0,0.0,0.0,0.0,0.0,0.0,0.0,0.0,askew
2270,missing,word,407,407,VERB,0.002,0.005,0.002,0.835,0.16,0.0,0.002,0.0,0.0,0.0,0.0,0.0,0.0,0.0,0.0,0.0,0.0,
2289,formed,word,407,407,VERB,0.0,0.0,0.0,1.0,0.0,0.0,0.0,0.0,0.0,0.0,0.0,0.0,0.0,0.0,0.0,0.0,0.0,
2304,turning,word,405,405,VERB,0.0,0.04,0.035,0.965,0.0,0.0,0.0,0.0,0.0,0.0,0.0,0.0,0.0,0.0,0.0,0.0,0.0,
2437,teach,word,405,330,VERB,0.0,0.0,0.0,0.98,0.0,0.0,0.02,0.0,0.0,0.0,0.0,0.0,0.0,0.0,0.0,0.0,0.0,teaches teachbot
2522,prove,word,403,337,VERB,0.0,0.0,0.0,1.0,0.0,0.0,0.0,0.0,0.0,0.0,0.0,0.0,0.0,0.0,0.0,0.0,0.0,proven proved
2299,chase,word,400,381,VERB,0.003,0.003,0.235,0.728,0.0,0.0,0.037,0.0,0.0,0.0,0.0,0.0,0.0,0.0,0.0,0.0,0.0,chaser chases chasers
2263,drawing,word,399,399,VERB,0.0,0.0,0.446,0.554,0.0,0.0,0.0,0.0,0.0,0.0,0.0,0.0,0.0,0.0,0.0,0.0,0.0,
2265,gazed,word,399,399,VERB,0.0,0.0,0.0,1.0,0.0,0.0,0.0,0.0,0.0,0.0,0.0,0.0,0.0,0.0,0.0,0.0,0.0,
2316,hopped,word,399,399,VERB,0.0,0.0,0.0,1.0,0.0,0.0,0.0,0.0,0.0,0.0,0.0,0.0,0.0,0.0,0.0,0.0,0.0,
2317,longed,word,398,398,VERB,0.0,0.0,0.0,1.0,0.0,0.0,0.0,0.0,0.0,0.0,0.0,0.0,0.0,0.0,0.0,0.0,0.0,
2295,liked,word,397,397,VERB,0.0,0.0,0.0,1.0,0.0,0.0,0.0,0.0,0.0,0.0,0.0,0.0,0.0,0.0,0.0,0.0,0.0,
1192,sit,word,396,340,VERB,0.0,0.0,0.144,0.856,0.0,0.0,0.0,0.0,0.0,0.0,0.0,0.0,0.0,0.0,0.0,0.0,0.0,situation site situations
2303,planted,word,395,395,VERB,0.0,0.0,0.0,1.0,0.0,0.0,0.0,0.0,0.0,0.0,0.0,0.0,0.0,0.0,0.0,0.0,0.0,
2337,peeked,word,394,394,VERB,0.0,0.0,0.0,1.0,0.0,0.0,0.0,0.0,0.0,0.0,0.0,0.0,0.0,0.0,0.0,0.0,0.0,
2251,wrapped,word,393,393,VERB,0.0,0.0,0.0,1.0,0.0,0.0,0.0,0.0,0.0,0.0,0.0,0.0,0.0,0.0,0.0,0.0,0.0,
2310,pulling,word,393,393,VERB,0.0,0.01,0.0,1.0,0.0,0.0,0.0,0.0,0.0,0.0,0.0,0.0,0.0,0.0,0.0,0.0,0.0,
2296,floating,word,392,392,VERB,0.003,0.021,0.0,0.997,0.0,0.0,0.003,0.0,0.0,0.0,0.0,0.0,0.0,0.0,0.0,0.0,0.0,
2305,casting,word,391,391,VERB,0.0,0.0,0.0,1.0,0.0,0.0,0.0,0.0,0.0,0.0,0.0,0.0,0.0,0.0,0.0,0.0,0.0,
2280,frowned,word,389,389,VERB,0.0,0.0,0.0,0.972,0.028,0.0,0.0,0.0,0.0,0.0,0.0,0.0,0.0,0.0,0.0,0.0,0.0,
2425,dig,word,388,307,VERB,0.0,0.0,0.044,0.76,0.183,0.0,0.01,0.0,0.0,0.003,0.0,0.0,0.0,0.0,0.0,0.0,0.0,digital digs dignity
2281,drew,word,385,385,VERB,0.0,0.0,0.005,0.995,0.0,0.0,0.0,0.0,0.0,0.0,0.0,0.0,0.0,0.0,0.0,0.0,0.0,
2333,fading,word,385,385,VERB,0.011,0.011,0.049,0.904,0.034,0.0,0.013,0.0,0.0,0.0,0.0,0.0,0.0,0.0,0.0,0.0,0.0,
2346,asking,word,385,385,VERB,0.0,0.005,0.0,1.0,0.0,0.0,0.0,0.0,0.0,0.0,0.0,0.0,0.0,0.0,0.0,0.0,0.0,
2355,chased,word,380,380,VERB,0.0,0.0,0.0,0.984,0.016,0.0,0.0,0.0,0.0,0.0,0.0,0.0,0.0,0.0,0.0,0.0,0.0,
2362,visited,word,380,380,VERB,0.0,0.0,0.0,1.0,0.0,0.0,0.0,0.0,0.0,0.0,0.0,0.0,0.0,0.0,0.0,0.0,0.0,
2564,shake,word,379,330,VERB,0.0,0.0,0.098,0.894,0.008,0.0,0.0,0.0,0.0,0.0,0.0,0.0,0.0,0.0,0.0,0.0,0.0,shakes shaken
1443,enjoy,word,378,370,VERB,0.0,0.0,0.003,0.987,0.011,0.0,0.0,0.0,0.0,0.0,0.0,0.0,0.0,0.0,0.0,0.0,0.0,enjoyable enjoys
2308,grinned,word,376,376,VERB,0.0,0.0,0.0,1.0,0.0,0.0,0.0,0.0,0.0,0.0,0.0,0.0,0.0,0.0,0.0,0.0,0.0,
2319,solve,word,376,375,VERB,0.0,0.0,0.0,1.0,0.0,0.0,0.0,0.0,0.0,0.0,0.0,0.0,0.0,0.0,0.0,0.0,0.0,solves
2323,chose,word,374,374,VERB,0.0,0.0,0.0,1.0,0.0,0.0,0.0,0.0,0.0,0.0,0.0,0.0,0.0,0.0,0.0,0.0,0.0,
2395,chuckled,word,374,374,VERB,0.0,0.0,0.0,1.0,0.0,0.0,0.0,0.0,0.0,0.0,0.0,0.0,0.0,0.0,0.0,0.0,0.0,
2207,spun,word,372,372,VERB,0.0,0.0,0.008,0.992,0.0,0.0,0.0,0.0,0.0,0.0,0.0,0.0,0.0,0.0,0.0,0.0,0.0,
1383,draw,word,371,328,VERB,0.0,0.0,0.1,0.9,0.0,0.0,0.0,0.0,0.0,0.0,0.0,0.0,0.0,0.0,0.0,0.0,0.0,drawer draws drawers
2338,emerged,word,371,371,VERB,0.0,0.0,0.0,1.0,0.0,0.0,0.0,0.0,0.0,0.0,0.0,0.0,0.0,0.0,0.0,0.0,0.0,
2380,splashed,word,370,370,VERB,0.0,0.0,0.0,0.973,0.027,0.0,0.0,0.0,0.0,0.0,0.0,0.0,0.0,0.0,0.0,0.0,0.0,
2254,loomed,word,369,369,VERB,0.0,0.0,0.0,0.981,0.019,0.0,0.0,0.0,0.0,0.0,0.0,0.0,0.0,0.0,0.0,0.0,0.0,
2269,pointing,word,367,367,VERB,0.0,0.0,0.025,0.973,0.003,0.0,0.0,0.0,0.0,0.0,0.0,0.0,0.0,0.0,0.0,0.0,0.0,
2366,lose,word,365,357,VERB,0.0,0.0,0.005,0.989,0.005,0.0,0.0,0.0,0.0,0.0,0.0,0.0,0.0,0.0,0.0,0.0,0.0,loses losers loser
2282,hoped,word,364,364,VERB,0.0,0.0,0.0,1.0,0.0,0.0,0.0,0.0,0.0,0.0,0.0,0.0,0.0,0.0,0.0,0.0,0.0,
2358,following,word,364,364,VERB,0.0,0.331,0.0,0.981,0.019,0.0,0.0,0.0,0.0,0.0,0.0,0.0,0.0,0.0,0.0,0.0,0.0,
2350,twirled,word,362,362,VERB,0.0,0.0,0.0,1.0,0.0,0.0,0.0,0.0,0.0,0.0,0.0,0.0,0.0,0.0,0.0,0.0,0.0,
2273,swim,word,361,330,VERB,0.0,0.0,0.078,0.911,0.006,0.0,0.006,0.0,0.0,0.0,0.0,0.0,0.0,0.0,0.0,0.0,0.0,swims swimsuits swimsuit
2446,mixed,word,359,359,VERB,0.0,0.0,0.0,0.9,0.1,0.0,0.0,0.0,0.0,0.0,0.0,0.0,0.0,0.0,0.0,0.0,0.0,
2392,seeing,word,358,358,VERB,0.0,0.066,0.003,0.997,0.0,0.0,0.0,0.0,0.0,0.0,0.0,0.0,0.0,0.0,0.0,0.0,0.0,
2465,wanting,word,358,358,VERB,0.0,0.008,0.003,0.997,0.0,0.0,0.0,0.0,0.0,0.0,0.0,0.0,0.0,0.0,0.0,0.0,0.0,
2368,enjoyed,word,357,357,VERB,0.0,0.0,0.0,1.0,0.0,0.0,0.0,0.0,0.0,0.0,0.0,0.0,0.0,0.0,0.0,0.0,0.0,
2352,connected,word,356,356,VERB,0.0,0.003,0.0,0.64,0.36,0.0,0.0,0.0,0.0,0.0,0.0,0.0,0.0,0.0,0.0,0.0,0.0,
2507,washed,word,352,352,VERB,0.0,0.0,0.0,1.0,0.0,0.0,0.0,0.0,0.0,0.0,0.0,0.0,0.0,0.0,0.0,0.0,0.0,
2329,sent,word,351,336,VERB,0.0,0.0,0.043,0.957,0.0,0.0,0.0,0.0,0.0,0.0,0.0,0.0,0.0,0.0,0.0,0.0,0.0,sentence sentinel sentinels
2365,eat,word,350,318,VERB,0.0,0.0,0.006,0.994,0.0,0.0,0.0,0.0,0.0,0.0,0.0,0.0,0.0,0.0,0.0,0.0,0.0,eaten eats
2375,winning,word,347,347,VERB,0.0,0.0,0.055,0.942,0.0,0.0,0.003,0.0,0.0,0.0,0.0,0.0,0.0,0.0,0.0,0.0,0.0,
2370,shown,word,346,346,VERB,0.0,0.0,0.0,1.0,0.0,0.0,0.0,0.0,0.0,0.0,0.0,0.0,0.0,0.0,0.0,0.0,0.0,
2506,struck,word,345,345,VERB,0.0,0.0,0.0,1.0,0.0,0.0,0.0,0.0,0.0,0.0,0.0,0.0,0.0,0.0,0.0,0.0,0.0,
2426,trembling,word,342,342,VERB,0.0,0.0,0.129,0.868,0.0,0.0,0.003,0.0,0.0,0.0,0.0,0.0,0.0,0.0,0.0,0.0,0.0,
2481,listening,word,342,342,VERB,0.0,0.042,0.085,0.915,0.0,0.0,0.0,0.0,0.0,0.0,0.0,0.0,0.0,0.0,0.0,0.0,0.0,
2603,belonging,word,341,339,VERB,0.006,0.006,0.111,0.88,0.0,0.0,0.009,0.0,0.0,0.0,0.0,0.0,0.0,0.0,0.0,0.0,0.0,belongings
2408,practiced,word,338,338,VERB,0.0,0.0,0.0,0.997,0.003,0.0,0.0,0.0,0.0,0.0,0.0,0.0,0.0,0.0,0.0,0.0,0.0,
2485,beat,word,335,304,VERB,0.0,0.0,0.299,0.701,0.0,0.0,0.0,0.0,0.0,0.0,0.0,0.0,0.0,0.0,0.0,0.0,0.0,beats beaten
2640,honor,word,334,249,VERB,0.0,0.0,0.111,0.886,0.003,0.0,0.0,0.0,0.0,0.0,0.0,0.0,0.0,0.0,0.0,0.0,0.0,honored honoring honorary
2374,inviting,word,329,329,VERB,0.003,0.003,0.17,0.729,0.097,0.0,0.003,0.0,0.0,0.0,0.0,0.0,0.0,0.0,0.0,0.0,0.0,
2537,happening,word,325,320,VERB,0.0,0.0,0.015,0.985,0.0,0.0,0.0,0.0,0.0,0.0,0.0,0.0,0.0,0.0,0.0,0.0,0.0,happenings
2569,losing,word,325,325,VERB,0.0,0.0,0.018,0.982,0.0,0.0,0.0,0.0,0.0,0.0,0.0,0.0,0.0,0.0,0.0,0.0,0.0,
3035,unlock,word,325,212,VERB,0.0,0.0,0.046,0.926,0.028,0.0,0.0,0.0,0.0,0.0,0.0,0.0,0.0,0.0,0.0,0.0,0.0,unlocked unlocking unlocks
1759,swirl,word,324,307,VERB,0.0,0.0,0.432,0.568,0.0,0.0,0.0,0.0,0.0,0.0,0.0,0.0,0.0,0.0,0.0,0.0,0.0,swirls
2414,drifted,word,323,323,VERB,0.0,0.0,0.0,1.0,0.0,0.0,0.0,0.0,0.0,0.0,0.0,0.0,0.0,0.0,0.0,0.0,0.0,
1525,stand,word,321,319,VERB,0.0,0.0,0.162,0.838,0.0,0.0,0.0,0.0,0.0,0.0,0.0,0.0,0.0,0.0,0.0,0.0,0.0,standoff standards
2587,swayed,word,321,321,VERB,0.0,0.0,0.0,1.0,0.0,0.0,0.0,0.0,0.0,0.0,0.0,0.0,0.0,0.0,0.0,0.0,0.0,
2384,imagining,word,320,320,VERB,0.0,0.003,0.0,1.0,0.0,0.0,0.0,0.0,0.0,0.0,0.0,0.0,0.0,0.0,0.0,0.0,0.0,
2450,intrigued,word,313,313,VERB,0.0,0.214,0.0,0.987,0.013,0.0,0.0,0.0,0.0,0.0,0.0,0.0,0.0,0.0,0.0,0.0,0.0,
2470,enjoying,word,313,313,VERB,0.0,0.0,0.0,1.0,0.0,0.0,0.0,0.0,0.0,0.0,0.0,0.0,0.0,0.0,0.0,0.0,0.0,
2533,admired,word,313,313,VERB,0.0,0.0,0.0,0.997,0.003,0.0,0.0,0.0,0.0,0.0,0.0,0.0,0.0,0.0,0.0,0.0,0.0,
2463,focused,word,311,311,VERB,0.0,0.003,0.0,0.814,0.186,0.0,0.0,0.0,0.0,0.0,0.0,0.0,0.0,0.0,0.0,0.0,0.0,
2626,marked,word,311,311,VERB,0.0,0.0,0.0,0.958,0.042,0.0,0.0,0.0,0.0,0.0,0.0,0.0,0.0,0.0,0.0,0.0,0.0,
2599,chirped,word,310,310,VERB,0.0,0.0,0.0,1.0,0.0,0.0,0.0,0.0,0.0,0.0,0.0,0.0,0.0,0.0,0.0,0.0,0.0,
2513,knelt,word,309,309,VERB,0.0,0.0,0.023,0.974,0.0,0.0,0.0,0.0,0.0,0.0,0.003,0.0,0.0,0.0,0.0,0.0,0.0,
2654,feared,word,309,309,VERB,0.0,0.0,0.0,0.994,0.006,0.0,0.0,0.0,0.0,0.0,0.0,0.0,0.0,0.0,0.0,0.0,0.0,
2649,uncover,word,308,282,VERB,0.0,0.0,0.0,1.0,0.0,0.0,0.0,0.0,0.0,0.0,0.0,0.0,0.0,0.0,0.0,0.0,0.0,uncovering uncovers
3174,check,word,307,177,VERB,0.0,0.0,0.01,0.987,0.0,0.0,0.003,0.0,0.0,0.0,0.0,0.0,0.0,0.0,0.0,0.0,0.0,checked checking checkmate
2614,pushing,word,306,306,VERB,0.0,0.051,0.003,0.997,0.0,0.0,0.0,0.0,0.0,0.0,0.0,0.0,0.0,0.0,0.0,0.0,0.0,
2586,rang,word,304,298,VERB,0.0,0.0,0.079,0.862,0.0,0.0,0.056,0.0,0.0,0.0,0.0,0.0,0.0,0.0,0.0,0.0,0.003,rangoli range ranger
2617,glimmered,word,304,304,VERB,0.0,0.0,0.003,0.993,0.003,0.0,0.0,0.0,0.0,0.0,0.0,0.0,0.0,0.0,0.0,0.0,0.0,
2647,taste,word,304,284,VERB,0.0,0.0,0.47,0.53,0.0,0.0,0.0,0.0,0.0,0.0,0.0,0.0,0.0,0.0,0.0,0.0,0.0,tastes taster
2521,blinked,word,303,303,VERB,0.0,0.0,0.0,1.0,0.0,0.0,0.0,0.0,0.0,0.0,0.0,0.0,0.0,0.0,0.0,0.0,0.0,
2624,facing,word,303,303,VERB,0.0,0.007,0.003,0.997,0.0,0.0,0.0,0.0,0.0,0.0,0.0,0.0,0.0,0.0,0.0,0.0,0.0,
2235,clean,word,302,283,VERB,0.004,0.004,0.033,0.606,0.351,0.007,0.003,0.0,0.0,0.0,0.0,0.0,0.0,0.0,0.0,0.0,0.0,cleaner cleanup cleans
2613,smelled,word,302,302,VERB,0.0,0.0,0.0,1.0,0.0,0.0,0.0,0.0,0.0,0.0,0.0,0.0,0.0,0.0,0.0,0.0,0.0,
2615,chasing,word,302,302,VERB,0.0,0.01,0.04,0.96,0.0,0.0,0.0,0.0,0.0,0.0,0.0,0.0,0.0,0.0,0.0,0.0,0.0,
2518,carrying,word,301,301,VERB,0.0,0.0,0.0,1.0,0.0,0.0,0.0,0.0,0.0,0.0,0.0,0.0,0.0,0.0,0.0,0.0,0.0,
2602,lingered,word,301,301,VERB,0.0,0.0,0.0,0.997,0.003,0.0,0.0,0.0,0.0,0.0,0.0,0.0,0.0,0.0,0.0,0.0,0.0,
1889,cheer,word,298,295,VERB,0.003,0.003,0.346,0.651,0.0,0.0,0.003,0.0,0.0,0.0,0.0,0.0,0.0,0.0,0.0,0.0,0.0,cheerleaders cheery
2653,swimming,word,298,298,VERB,0.0,0.014,0.326,0.674,0.0,0.0,0.0,0.0,0.0,0.0,0.0,0.0,0.0,0.0,0.0,0.0,0.0,
2676,cross,word,298,190,VERB,0.0,0.0,0.081,0.906,0.013,0.0,0.0,0.0,0.0,0.0,0.0,0.0,0.0,0.0,0.0,0.0,0.0,crossing crossroads crosses
1929,hum,word,296,181,VERB,0.0,0.0,0.416,0.453,0.078,0.047,0.007,0.0,0.0,0.0,0.0,0.0,0.0,0.0,0.0,0.0,0.0,humming humor humble
2642,enter,word,296,242,VERB,0.0,0.009,0.01,0.973,0.003,0.0,0.014,0.0,0.0,0.0,0.0,0.0,0.0,0.0,0.0,0.0,0.0,entering enters entertain
2570,encouraged,word,295,295,VERB,0.004,0.025,0.0,0.953,0.044,0.0,0.003,0.0,0.0,0.0,0.0,0.0,0.0,0.0,0.0,0.0,0.0,
2608,digging,word,292,292,VERB,0.0,0.058,0.041,0.959,0.0,0.0,0.0,0.0,0.0,0.0,0.0,0.0,0.0,0.0,0.0,0.0,0.0,
2593,holds,word,291,291,VERB,0.0,0.0,0.0,1.0,0.0,0.0,0.0,0.0,0.0,0.0,0.0,0.0,0.0,0.0,0.0,0.0,0.0,
2637,living,word,289,289,VERB,0.0,0.0,0.412,0.588,0.0,0.0,0.0,0.0,0.0,0.0,0.0,0.0,0.0,0.0,0.0,0.0,0.0,
2652,twinkling,word,289,289,VERB,0.011,0.011,0.142,0.848,0.0,0.0,0.01,0.0,0.0,0.0,0.0,0.0,0.0,0.0,0.0,0.0,0.0,
2669,knows,word,288,288,VERB,0.0,0.0,0.0,1.0,0.0,0.0,0.0,0.0,0.0,0.0,0.0,0.0,0.0,0.0,0.0,0.0,0.0,
2675,reading,word,288,288,VERB,0.0,0.022,0.149,0.851,0.0,0.0,0.0,0.0,0.0,0.0,0.0,0.0,0.0,0.0,0.0,0.0,0.0,
2495,pass,word,287,229,VERB,0.0,0.0,0.202,0.791,0.0,0.003,0.003,0.0,0.0,0.0,0.0,0.0,0.0,0.0,0.0,0.0,0.0,passes passage passersby
2609,seeking,word,287,287,VERB,0.0,0.0,0.007,0.993,0.0,0.0,0.0,0.0,0.0,0.0,0.0,0.0,0.0,0.0,0.0,0.0,0.0,
2741,means,word,286,286,VERB,0.0,0.0,0.154,0.846,0.0,0.0,0.0,0.0,0.0,0.0,0.0,0.0,0.0,0.0,0.0,0.0,0.0,
2480,falling,word,285,285,VERB,0.0,0.0,0.0,1.0,0.0,0.0,0.0,0.0,0.0,0.0,0.0,0.0,0.0,0.0,0.0,0.0,0.0,
2634,revealed,word,282,282,VERB,0.0,0.0,0.0,1.0,0.0,0.0,0.0,0.0,0.0,0.0,0.0,0.0,0.0,0.0,0.0,0.0,0.0,
2672,rode,word,282,277,VERB,0.0,0.0,0.018,0.982,0.0,0.0,0.0,0.0,0.0,0.0,0.0,0.0,0.0,0.0,0.0,0.0,0.0,rodeo
2715,cut,word,279,179,VERB,0.0,0.0,0.05,0.817,0.133,0.0,0.0,0.0,0.0,0.0,0.0,0.0,0.0,0.0,0.0,0.0,0.0,cutting cute cuts
359,flow,word,278,226,VERB,0.0,0.0,0.421,0.579,0.0,0.0,0.0,0.0,0.0,0.0,0.0,0.0,0.0,0.0,0.0,0.0,0.0,flows flown
2520,says,word,278,278,VERB,0.0,0.0,0.0,1.0,0.0,0.0,0.0,0.0,0.0,0.0,0.0,0.0,0.0,0.0,0.0,0.0,0.0,
2716,ventured,word,278,278,VERB,0.0,0.0,0.0,1.0,0.0,0.0,0.0,0.0,0.0,0.0,0.0,0.0,0.0,0.0,0.0,0.0,0.0,
2595,handed,word,277,277,VERB,0.0,0.0,0.0,0.931,0.069,0.0,0.0,0.0,0.0,0.0,0.0,0.0,0.0,0.0,0.0,0.0,0.0,
2777,shot,word,275,257,VERB,0.0,0.0,0.465,0.535,0.0,0.0,0.0,0.0,0.0,0.0,0.0,0.0,0.0,0.0,0.0,0.0,0.0,shots
2605,given,word,274,274,VERB,0.0,0.0,0.0,1.0,0.0,0.0,0.0,0.0,0.0,0.0,0.0,0.0,0.0,0.0,0.0,0.0,0.0,
2619,leaned,word,274,274,VERB,0.0,0.0,0.0,1.0,0.0,0.0,0.0,0.0,0.0,0.0,0.0,0.0,0.0,0.0,0.0,0.0,0.0,
2644,fighting,word,273,273,VERB,0.0,0.007,0.147,0.853,0.0,0.0,0.0,0.0,0.0,0.0,0.0,0.0,0.0,0.0,0.0,0.0,0.0,
2661,worn,word,272,272,VERB,0.0,0.0,0.0,0.592,0.408,0.0,0.0,0.0,0.0,0.0,0.0,0.0,0.0,0.0,0.0,0.0,0.0,
2710,stretched,word,272,272,VERB,0.0,0.0,0.0,1.0,0.0,0.0,0.0,0.0,0.0,0.0,0.0,0.0,0.0,0.0,0.0,0.0,0.0,
2738,answered,word,272,272,VERB,0.0,0.0,0.0,1.0,0.0,0.0,0.0,0.0,0.0,0.0,0.0,0.0,0.0,0.0,0.0,0.0,0.0,
2670,widened,word,271,271,VERB,0.0,0.0,0.0,1.0,0.0,0.0,0.0,0.0,0.0,0.0,0.0,0.0,0.0,0.0,0.0,0.0,0.0,
1249,connect,word,270,243,VERB,0.0,0.0,0.0,1.0,0.0,0.0,0.0,0.0,0.0,0.0,0.0,0.0,0.0,0.0,0.0,0.0,0.0,connects
2768,wondering,word,269,262,VERB,0.0,0.017,0.0,0.97,0.0,0.026,0.004,0.0,0.0,0.0,0.0,0.0,0.0,0.0,0.0,0.0,0.0,wonderingly
1498,guard,word,268,192,VERB,0.005,0.005,0.418,0.578,0.0,0.0,0.004,0.0,0.0,0.0,0.0,0.0,0.0,0.0,0.0,0.0,0.0,guarding
2740,bubbling,word,268,268,VERB,0.0,0.0,0.0,1.0,0.0,0.0,0.0,0.0,0.0,0.0,0.0,0.0,0.0,0.0,0.0,0.0,0.0,
2743,forgetting,word,268,268,VERB,0.0,0.0,0.045,0.955,0.0,0.0,0.0,0.0,0.0,0.0,0.0,0.0,0.0,0.0,0.0,0.0,0.0,
2754,cared,word,264,264,VERB,0.0,0.0,0.0,1.0,0.0,0.0,0.0,0.0,0.0,0.0,0.0,0.0,0.0,0.0,0.0,0.0,0.0,
2671,lighting,word,263,263,VERB,0.0,0.0,0.008,0.992,0.0,0.0,0.0,0.0,0.0,0.0,0.0,0.0,0.0,0.0,0.0,0.0,0.0,
2691,shaped,word,263,263,VERB,0.0,0.0,0.0,0.989,0.011,0.0,0.0,0.0,0.0,0.0,0.0,0.0,0.0,0.0,0.0,0.0,0.0,
2703,climbing,word,263,263,VERB,0.0,0.099,0.16,0.84,0.0,0.0,0.0,0.0,0.0,0.0,0.0,0.0,0.0,0.0,0.0,0.0,0.0,
2779,jumping,word,261,261,VERB,0.0,0.024,0.073,0.927,0.0,0.0,0.0,0.0,0.0,0.0,0.0,0.0,0.0,0.0,0.0,0.0,0.0,
2571,live,word,259,259,VERB,0.0,0.0,0.0,0.996,0.004,0.0,0.0,0.0,0.0,0.0,0.0,0.0,0.0,0.0,0.0,0.0,0.0,
2917,wearing,word,259,259,VERB,0.0,0.012,0.0,1.0,0.0,0.0,0.0,0.0,0.0,0.0,0.0,0.0,0.0,0.0,0.0,0.0,0.0,
2704,celebrating,word,258,258,VERB,0.0,0.0,0.008,0.992,0.0,0.0,0.0,0.0,0.0,0.0,0.0,0.0,0.0,0.0,0.0,0.0,0.0,
2744,zoomed,word,255,255,VERB,0.0,0.0,0.0,1.0,0.0,0.0,0.0,0.0,0.0,0.0,0.0,0.0,0.0,0.0,0.0,0.0,0.0,
2889,raised,word,254,254,VERB,0.0,0.0,0.0,1.0,0.0,0.0,0.0,0.0,0.0,0.0,0.0,0.0,0.0,0.0,0.0,0.0,0.0,
2651,letting,word,253,253,VERB,0.0,0.0,0.004,0.996,0.0,0.0,0.0,0.0,0.0,0.0,0.0,0.0,0.0,0.0,0.0,0.0,0.0,
2810,takes,word,253,253,VERB,0.0,0.0,0.0,1.0,0.0,0.0,0.0,0.0,0.0,0.0,0.0,0.0,0.0,0.0,0.0,0.0,0.0,
2733,guided,word,252,252,VERB,0.0,0.008,0.0,1.0,0.0,0.0,0.0,0.0,0.0,0.0,0.0,0.0,0.0,0.0,0.0,0.0,0.0,
2875,buzzed,word,252,252,VERB,0.0,0.0,0.0,1.0,0.0,0.0,0.0,0.0,0.0,0.0,0.0,0.0,0.0,0.0,0.0,0.0,0.0,
2847,fit,word,251,223,VERB,0.0,0.0,0.187,0.741,0.072,0.0,0.0,0.0,0.0,0.0,0.0,0.0,0.0,0.0,0.0,0.0,0.0,fitting fits fitted
2808,passing,word,247,247,VERB,0.0,0.004,0.049,0.951,0.0,0.0,0.0,0.0,0.0,0.0,0.0,0.0,0.0,0.0,0.0,0.0,0.0,
2845,grown,word,246,246,VERB,0.0,0.0,0.012,0.988,0.0,0.0,0.0,0.0,0.0,0.0,0.0,0.0,0.0,0.0,0.0,0.0,0.0,
2809,sees,word,245,245,VERB,0.0,0.0,0.0,1.0,0.0,0.0,0.0,0.0,0.0,0.0,0.0,0.0,0.0,0.0,0.0,0.0,0.0,
2890,torn,word,245,236,VERB,0.0,0.0,0.037,0.865,0.098,0.0,0.0,0.0,0.0,0.0,0.0,0.0,0.0,0.0,0.0,0.0,0.0,tornado tornadoes
2729,awaited,word,244,244,VERB,0.0,0.0,0.0,1.0,0.0,0.0,0.0,0.0,0.0,0.0,0.0,0.0,0.0,0.0,0.0,0.0,0.0,
2739,replaced,word,244,244,VERB,0.0,0.0,0.0,1.0,0.0,0.0,0.0,0.0,0.0,0.0,0.0,0.0,0.0,0.0,0.0,0.0,0.0,
2925,giggle,word,244,231,VERB,0.044,0.044,0.418,0.467,0.008,0.0,0.107,0.0,0.0,0.0,0.0,0.0,0.0,0.0,0.0,0.0,0.0,giggleburg gigglewood giggleville
2734,planning,word,243,243,VERB,0.0,0.013,0.296,0.704,0.0,0.0,0.0,0.0,0.0,0.0,0.0,0.0,0.0,0.0,0.0,0.0,0.0,
2782,miss,word,243,233,VERB,0.0,0.0,0.012,0.988,0.0,0.0,0.0,0.0,0.0,0.0,0.0,0.0,0.0,0.0,0.0,0.0,0.0,misses
2922,recalled,word,243,243,VERB,0.0,0.0,0.0,1.0,0.0,0.0,0.0,0.0,0.0,0.0,0.0,0.0,0.0,0.0,0.0,0.0,0.0,
2794,steal,word,240,213,VERB,0.0,0.0,0.004,0.942,0.004,0.037,0.013,0.0,0.0,0.0,0.0,0.0,0.0,0.0,0.0,0.0,0.0,steals stealthily stealth
2916,knocked,word,240,240,VERB,0.0,0.0,0.0,1.0,0.0,0.0,0.0,0.0,0.0,0.0,0.0,0.0,0.0,0.0,0.0,0.0,0.0,
2928,setting,word,240,239,VERB,0.0,0.017,0.171,0.829,0.0,0.0,0.0,0.0,0.0,0.0,0.0,0.0,0.0,0.0,0.0,0.0,0.0,settings
2432,shout,word,238,137,VERB,0.0,0.0,0.235,0.765,0.0,0.0,0.0,0.0,0.0,0.0,0.0,0.0,0.0,0.0,0.0,0.0,0.0,shouts
2701,failed,word,238,238,VERB,0.0,0.0,0.0,1.0,0.0,0.0,0.0,0.0,0.0,0.0,0.0,0.0,0.0,0.0,0.0,0.0,0.0,
2828,creeping,word,238,238,VERB,0.0,0.004,0.0,1.0,0.0,0.0,0.0,0.0,0.0,0.0,0.0,0.0,0.0,0.0,0.0,0.0,0.0,
2876,tossed,word,238,238,VERB,0.0,0.0,0.0,0.987,0.013,0.0,0.0,0.0,0.0,0.0,0.0,0.0,0.0,0.0,0.0,0.0,0.0,
2783,pick,word,237,172,VERB,0.0,0.0,0.105,0.873,0.004,0.0,0.017,0.0,0.0,0.0,0.0,0.0,0.0,0.0,0.0,0.0,0.0,picks pickle pickles
2833,finds,word,236,236,VERB,0.0,0.0,0.055,0.945,0.0,0.0,0.0,0.0,0.0,0.0,0.0,0.0,0.0,0.0,0.0,0.0,0.0,
2850,threw,word,236,236,VERB,0.0,0.0,0.0,1.0,0.0,0.0,0.0,0.0,0.0,0.0,0.0,0.0,0.0,0.0,0.0,0.0,0.0,
2805,erupted,word,235,235,VERB,0.0,0.0,0.0,1.0,0.0,0.0,0.0,0.0,0.0,0.0,0.0,0.0,0.0,0.0,0.0,0.0,0.0,
2836,cheering,word,235,235,VERB,0.0,0.0,0.034,0.966,0.0,0.0,0.0,0.0,0.0,0.0,0.0,0.0,0.0,0.0,0.0,0.0,0.0,
2874,watered,word,235,235,VERB,0.0,0.0,0.0,1.0,0.0,0.0,0.0,0.0,0.0,0.0,0.0,0.0,0.0,0.0,0.0,0.0,0.0,
3421,impress,word,235,146,VERB,0.0,0.0,0.013,0.804,0.174,0.0,0.009,0.0,0.0,0.0,0.0,0.0,0.0,0.0,0.0,0.0,0.0,impressed impressive impressing
2797,mattered,word,234,234,VERB,0.0,0.0,0.0,1.0,0.0,0.0,0.0,0.0,0.0,0.0,0.0,0.0,0.0,0.0,0.0,0.0,0.0,
2891,shifted,word,234,234,VERB,0.0,0.0,0.0,1.0,0.0,0.0,0.0,0.0,0.0,0.0,0.0,0.0,0.0,0.0,0.0,0.0,0.0,
2778,hurried,word,233,232,VERB,0.0,0.0,0.0,0.979,0.017,0.004,0.0,0.0,0.0,0.0,0.0,0.0,0.0,0.0,0.0,0.0,0.0,hurriedly
2894,flashed,word,233,233,VERB,0.0,0.0,0.0,0.996,0.004,0.0,0.0,0.0,0.0,0.0,0.0,0.0,0.0,0.0,0.0,0.0,0.0,
2935,giggling,word,232,232,VERB,0.004,0.009,0.013,0.978,0.004,0.0,0.004,0.0,0.0,0.0,0.0,0.0,0.0,0.0,0.0,0.0,0.0,
2657,fallen,word,231,231,VERB,0.0,0.0,0.0,0.827,0.173,0.0,0.0,0.0,0.0,0.0,0.0,0.0,0.0,0.0,0.0,0.0,0.0,
2852,soaring,word,231,231,VERB,0.0,0.009,0.0,1.0,0.0,0.0,0.0,0.0,0.0,0.0,0.0,0.0,0.0,0.0,0.0,0.0,0.0,
2826,caring,word,230,230,VERB,0.004,0.004,0.113,0.813,0.07,0.0,0.004,0.0,0.0,0.0,0.0,0.0,0.0,0.0,0.0,0.0,0.0,
2861,dashed,word,229,229,VERB,0.0,0.0,0.0,1.0,0.0,0.0,0.0,0.0,0.0,0.0,0.0,0.0,0.0,0.0,0.0,0.0,0.0,
2888,soar,word,229,222,VERB,0.0,0.0,0.031,0.969,0.0,0.0,0.0,0.0,0.0,0.0,0.0,0.0,0.0,0.0,0.0,0.0,0.0,soars
2937,disappeared,word,229,229,VERB,0.0,0.0,0.0,1.0,0.0,0.0,0.0,0.0,0.0,0.0,0.0,0.0,0.0,0.0,0.0,0.0,0.0,
2843,thrived,word,228,228,VERB,0.0,0.0,0.0,1.0,0.0,0.0,0.0,0.0,0.0,0.0,0.0,0.0,0.0,0.0,0.0,0.0,0.0,
2898,stepping,word,227,227,VERB,0.01,0.129,0.0,0.96,0.031,0.0,0.009,0.0,0.0,0.0,0.0,0.0,0.0,0.0,0.0,0.0,0.0,
2934,urged,word,227,227,VERB,0.0,0.0,0.0,1.0,0.0,0.0,0.0,0.0,0.0,0.0,0.0,0.0,0.0,0.0,0.0,0.0,0.0,
1902,fail,word,224,165,VERB,0.0,0.0,0.058,0.942,0.0,0.0,0.0,0.0,0.0,0.0,0.0,0.0,0.0,0.0,0.0,0.0,0.0,failing fails
2912,keeping,word,222,222,VERB,0.0,0.0,0.005,0.995,0.0,0.0,0.0,0.0,0.0,0.0,0.0,0.0,0.0,0.0,0.0,0.0,0.0,
2911,flooded,word,221,221,VERB,0.0,0.0,0.0,1.0,0.0,0.0,0.0,0.0,0.0,0.0,0.0,0.0,0.0,0.0,0.0,0.0,0.0,
2949,thinks,word,221,221,VERB,0.0,0.0,0.0,1.0,0.0,0.0,0.0,0.0,0.0,0.0,0.0,0.0,0.0,0.0,0.0,0.0,0.0,
3059,united,word,221,221,VERB,0.0,0.0,0.0,0.778,0.213,0.0,0.009,0.0,0.0,0.0,0.0,0.0,0.0,0.0,0.0,0.0,0.0,
2853,becoming,word,220,220,VERB,0.0,0.0,0.0,1.0,0.0,0.0,0.0,0.0,0.0,0.0,0.0,0.0,0.0,0.0,0.0,0.0,0.0,
2878,needs,word,220,220,VERB,0.0,0.0,0.068,0.932,0.0,0.0,0.0,0.0,0.0,0.0,0.0,0.0,0.0,0.0,0.0,0.0,0.0,
2970,splashing,word,220,220,VERB,0.0,0.0,0.073,0.927,0.0,0.0,0.0,0.0,0.0,0.0,0.0,0.0,0.0,0.0,0.0,0.0,0.0,
2971,pondered,word,219,219,VERB,0.0,0.0,0.0,1.0,0.0,0.0,0.0,0.0,0.0,0.0,0.0,0.0,0.0,0.0,0.0,0.0,0.0,
3408,grab,word,219,155,VERB,0.0,0.0,0.005,0.995,0.0,0.0,0.0,0.0,0.0,0.0,0.0,0.0,0.0,0.0,0.0,0.0,0.0,grabbing grabs
2824,float,word,218,184,VERB,0.0,0.0,0.156,0.83,0.005,0.0,0.009,0.0,0.0,0.0,0.0,0.0,0.0,0.0,0.0,0.0,0.0,floats floaty floaties
2977,rising,word,218,218,VERB,0.0,0.009,0.0,1.0,0.0,0.0,0.0,0.0,0.0,0.0,0.0,0.0,0.0,0.0,0.0,0.0,0.0,
3001,cherish,word,218,208,VERB,0.0,0.0,0.032,0.94,0.028,0.0,0.0,0.0,0.0,0.0,0.0,0.0,0.0,0.0,0.0,0.0,0.0,cherishing
3455,lie,word,217,165,VERB,0.0,0.0,0.447,0.553,0.0,0.0,0.0,0.0,0.0,0.0,0.0,0.0,0.0,0.0,0.0,0.0,0.0,lied
2967,leaped,word,216,216,VERB,0.0,0.0,0.0,1.0,0.0,0.0,0.0,0.0,0.0,0.0,0.0,0.0,0.0,0.0,0.0,0.0,0.0,
3029,swept,word,216,216,VERB,0.0,0.0,0.0,1.0,0.0,0.0,0.0,0.0,0.0,0.0,0.0,0.0,0.0,0.0,0.0,0.0,0.0,
750,nod,word,214,120,VERB,0.0,0.0,0.416,0.57,0.0,0.0,0.014,0.0,0.0,0.0,0.0,0.0,0.0,0.0,0.0,0.0,0.0,nods nodding
945,remind,word,214,178,VERB,0.0,0.0,0.0,1.0,0.0,0.0,0.0,0.0,0.0,0.0,0.0,0.0,0.0,0.0,0.0,0.0,0.0,reminds
3056,promising,word,214,214,VERB,0.0,0.0,0.0,0.986,0.014,0.0,0.0,0.0,0.0,0.0,0.0,0.0,0.0,0.0,0.0,0.0,0.0,
2982,writing,word,213,212,VERB,0.0,0.015,0.329,0.671,0.0,0.0,0.0,0.0,0.0,0.0,0.0,0.0,0.0,0.0,0.0,0.0,0.0,writings
2968,leads,word,212,212,VERB,0.0,0.0,0.019,0.981,0.0,0.0,0.0,0.0,0.0,0.0,0.0,0.0,0.0,0.0,0.0,0.0,0.0,
3075,trembled,word,212,212,VERB,0.0,0.0,0.0,1.0,0.0,0.0,0.0,0.0,0.0,0.0,0.0,0.0,0.0,0.0,0.0,0.0,0.0,
3087,locked,word,212,212,VERB,0.0,0.0,0.0,0.854,0.146,0.0,0.0,0.0,0.0,0.0,0.0,0.0,0.0,0.0,0.0,0.0,0.0,
3242,inspire,word,211,206,VERB,0.0,0.0,0.019,0.981,0.0,0.0,0.0,0.0,0.0,0.0,0.0,0.0,0.0,0.0,0.0,0.0,0.0,inspires
3007,wants,word,209,209,VERB,0.0,0.0,0.0,1.0,0.0,0.0,0.0,0.0,0.0,0.0,0.0,0.0,0.0,0.0,0.0,0.0,0.0,
1104,cry,word,208,207,VERB,0.0,0.0,0.423,0.572,0.005,0.0,0.0,0.0,0.0,0.0,0.0,0.0,0.0,0.0,0.0,0.0,0.0,cryptic
3334,dive,word,208,160,VERB,0.0,0.0,0.221,0.764,0.01,0.0,0.005,0.0,0.0,0.0,0.0,0.0,0.0,0.0,0.0,0.0,0.0,dived dives diver
2979,blooming,word,207,205,VERB,0.01,0.01,0.087,0.894,0.0,0.0,0.019,0.0,0.0,0.0,0.0,0.0,0.0,0.0,0.0,0.0,0.0,bloomingdale
2896,getting,word,206,206,VERB,0.0,0.01,0.0,1.0,0.0,0.0,0.0,0.0,0.0,0.0,0.0,0.0,0.0,0.0,0.0,0.0,0.0,
3119,struggled,word,206,206,VERB,0.0,0.0,0.0,1.0,0.0,0.0,0.0,0.0,0.0,0.0,0.0,0.0,0.0,0.0,0.0,0.0,0.0,
3004,collect,word,204,128,VERB,0.0,0.0,0.309,0.662,0.01,0.0,0.02,0.0,0.0,0.0,0.0,0.0,0.0,0.0,0.0,0.0,0.0,collection collects collective
3061,beamed,word,204,204,VERB,0.0,0.0,0.0,1.0,0.0,0.0,0.0,0.0,0.0,0.0,0.0,0.0,0.0,0.0,0.0,0.0,0.0,
3094,written,word,204,204,VERB,0.0,0.0,0.0,1.0,0.0,0.0,0.0,0.0,0.0,0.0,0.0,0.0,0.0,0.0,0.0,0.0,0.0,
2709,accept,word,203,137,VERB,0.0,0.0,0.0,1.0,0.0,0.0,0.0,0.0,0.0,0.0,0.0,0.0,0.0,0.0,0.0,0.0,0.0,accepting accepts
3232,notice,word,203,177,VERB,0.0,0.0,0.015,0.985,0.0,0.0,0.0,0.0,0.0,0.0,0.0,0.0,0.0,0.0,0.0,0.0,0.0,notices
2986,tied,word,202,202,VERB,0.0,0.0,0.0,1.0,0.0,0.0,0.0,0.0,0.0,0.0,0.0,0.0,0.0,0.0,0.0,0.0,0.0,
3113,scare,word,202,188,VERB,0.0,0.0,0.059,0.936,0.0,0.0,0.005,0.0,0.0,0.0,0.0,0.0,0.0,0.0,0.0,0.0,0.0,scares scarecrow
3019,landing,word,201,201,VERB,0.0,0.031,0.139,0.861,0.0,0.0,0.0,0.0,0.0,0.0,0.0,0.0,0.0,0.0,0.0,0.0,0.0,
2997,planting,word,200,200,VERB,0.0,0.0,0.28,0.72,0.0,0.0,0.0,0.0,0.0,0.0,0.0,0.0,0.0,0.0,0.0,0.0,0.0,
4016,click,word,200,103,VERB,0.0,0.0,0.482,0.518,0.0,0.0,0.0,0.0,0.0,0.0,0.0,0.0,0.0,0.0,0.0,0.0,0.0,clicked clicking clicks
3132,renewed,word,199,199,VERB,0.0,0.0,0.0,0.97,0.03,0.0,0.0,0.0,0.0,0.0,0.0,0.0,0.0,0.0,0.0,0.0,0.0,
3198,expected,word,199,199,VERB,0.0,0.0,0.0,1.0,0.0,0.0,0.0,0.0,0.0,0.0,0.0,0.0,0.0,0.0,0.0,0.0,0.0,
3171,reflecting,word,198,198,VERB,0.0,0.02,0.0,1.0,0.0,0.0,0.0,0.0,0.0,0.0,0.0,0.0,0.0,0.0,0.0,0.0,0.0,
793,seem,word,197,187,VERB,0.0,0.0,0.0,0.995,0.0,0.005,0.0,0.0,0.0,0.0,0.0,0.0,0.0,0.0,0.0,0.0,0.0,seeming seemingly
2855,sparked,word,197,197,VERB,0.0,0.0,0.0,1.0,0.0,0.0,0.0,0.0,0.0,0.0,0.0,0.0,0.0,0.0,0.0,0.0,0.0,
3084,ticked,word,197,197,VERB,0.0,0.0,0.0,1.0,0.0,0.0,0.0,0.0,0.0,0.0,0.0,0.0,0.0,0.0,0.0,0.0,0.0,
3756,ruin,word,197,129,VERB,0.0,0.0,0.157,0.843,0.0,0.0,0.0,0.0,0.0,0.0,0.0,0.0,0.0,0.0,0.0,0.0,0.0,ruined ruining
3130,crying,word,196,196,VERB,0.0,0.005,0.056,0.944,0.0,0.0,0.0,0.0,0.0,0.0,0.0,0.0,0.0,0.0,0.0,0.0,0.0,
3210,teaching,word,196,187,VERB,0.0,0.0,0.051,0.949,0.0,0.0,0.0,0.0,0.0,0.0,0.0,0.0,0.0,0.0,0.0,0.0,0.0,teachings
3627,guess,word,196,117,VERB,0.0,0.0,0.143,0.857,0.0,0.0,0.0,0.0,0.0,0.0,0.0,0.0,0.0,0.0,0.0,0.0,0.0,guessed guesses guessing
3021,shocked,word,195,195,VERB,0.0,0.005,0.0,0.774,0.226,0.0,0.0,0.0,0.0,0.0,0.0,0.0,0.0,0.0,0.0,0.0,0.0,
3103,ate,word,195,195,VERB,0.0,0.0,0.0,1.0,0.0,0.0,0.0,0.0,0.0,0.0,0.0,0.0,0.0,0.0,0.0,0.0,0.0,
3031,betrayed,word,194,194,VERB,0.0,0.005,0.0,0.985,0.015,0.0,0.0,0.0,0.0,0.0,0.0,0.0,0.0,0.0,0.0,0.0,0.0,
3076,studied,word,194,194,VERB,0.0,0.0,0.0,1.0,0.0,0.0,0.0,0.0,0.0,0.0,0.0,0.0,0.0,0.0,0.0,0.0,0.0,
3272,blossomed,word,194,194,VERB,0.0,0.0,0.0,1.0,0.0,0.0,0.0,0.0,0.0,0.0,0.0,0.0,0.0,0.0,0.0,0.0,0.0,
2950,trusted,word,193,193,VERB,0.0,0.0,0.0,0.979,0.021,0.0,0.0,0.0,0.0,0.0,0.0,0.0,0.0,0.0,0.0,0.0,0.0,
2255,wear,word,190,134,VERB,0.0,0.0,0.016,0.784,0.195,0.005,0.0,0.0,0.0,0.0,0.0,0.0,0.0,0.0,0.0,0.0,0.0,weary wears wearer
3104,picking,word,190,190,VERB,0.0,0.019,0.0,1.0,0.0,0.0,0.0,0.0,0.0,0.0,0.0,0.0,0.0,0.0,0.0,0.0,0.0,
3339,popped,word,190,190,VERB,0.0,0.0,0.0,1.0,0.0,0.0,0.0,0.0,0.0,0.0,0.0,0.0,0.0,0.0,0.0,0.0,0.0,
3841,breathe,word,190,112,VERB,0.0,0.0,0.011,0.974,0.005,0.005,0.0,0.0,0.0,0.0,0.0,0.0,0.0,0.0,0.0,0.005,0.0,breathed breathes
2113,sway,word,188,107,VERB,0.0,0.0,0.043,0.957,0.0,0.0,0.0,0.0,0.0,0.0,0.0,0.0,0.0,0.0,0.0,0.0,0.0,swaying sways
3165,lifting,word,187,187,VERB,0.0,0.0,0.086,0.909,0.005,0.0,0.0,0.0,0.0,0.0,0.0,0.0,0.0,0.0,0.0,0.0,0.0,
3345,tasted,word,187,187,VERB,0.0,0.0,0.0,1.0,0.0,0.0,0.0,0.0,0.0,0.0,0.0,0.0,0.0,0.0,0.0,0.0,0.0,
3134,wandering,word,186,186,VERB,0.006,0.058,0.032,0.935,0.027,0.0,0.005,0.0,0.0,0.0,0.0,0.0,0.0,0.0,0.0,0.0,0.0,
3215,granted,word,186,186,VERB,0.0,0.0,0.0,1.0,0.0,0.0,0.0,0.0,0.0,0.0,0.0,0.0,0.0,0.0,0.0,0.0,0.0,
3265,returning,word,185,185,VERB,0.0,0.39,0.005,0.995,0.0,0.0,0.0,0.0,0.0,0.0,0.0,0.0,0.0,0.0,0.0,0.0,0.0,
2989,dipped,word,183,183,VERB,0.0,0.0,0.0,1.0,0.0,0.0,0.0,0.0,0.0,0.0,0.0,0.0,0.0,0.0,0.0,0.0,0.0,
3206,shined,word,183,183,VERB,0.0,0.0,0.0,1.0,0.0,0.0,0.0,0.0,0.0,0.0,0.0,0.0,0.0,0.0,0.0,0.0,0.0,
3146,guarded,word,182,182,VERB,0.0,0.0,0.0,1.0,0.0,0.0,0.0,0.0,0.0,0.0,0.0,0.0,0.0,0.0,0.0,0.0,0.0,
3120,breaking,word,181,181,VERB,0.0,0.017,0.022,0.978,0.0,0.0,0.0,0.0,0.0,0.0,0.0,0.0,0.0,0.0,0.0,0.0,0.0,
3190,puzzled,word,181,181,VERB,0.0,0.006,0.0,0.906,0.094,0.0,0.0,0.0,0.0,0.0,0.0,0.0,0.0,0.0,0.0,0.0,0.0,
3290,gripped,word,181,181,VERB,0.0,0.0,0.0,1.0,0.0,0.0,0.0,0.0,0.0,0.0,0.0,0.0,0.0,0.0,0.0,0.0,0.0,
3300,trusting,word,181,181,VERB,0.0,0.007,0.022,0.978,0.0,0.0,0.0,0.0,0.0,0.0,0.0,0.0,0.0,0.0,0.0,0.0,0.0,
3038,dove,word,180,179,VERB,0.0,0.0,0.056,0.933,0.011,0.0,0.0,0.0,0.0,0.0,0.0,0.0,0.0,0.0,0.0,0.0,0.0,doves
3357,stolen,word,179,179,VERB,0.0,0.0,0.0,1.0,0.0,0.0,0.0,0.0,0.0,0.0,0.0,0.0,0.0,0.0,0.0,0.0,0.0,
3023,waving,word,178,178,VERB,0.0,0.0,0.0,1.0,0.0,0.0,0.0,0.0,0.0,0.0,0.0,0.0,0.0,0.0,0.0,0.0,0.0,
3111,urging,word,178,178,VERB,0.0,0.0,0.0,1.0,0.0,0.0,0.0,0.0,0.0,0.0,0.0,0.0,0.0,0.0,0.0,0.0,0.0,
3121,received,word,178,178,VERB,0.0,0.0,0.0,1.0,0.0,0.0,0.0,0.0,0.0,0.0,0.0,0.0,0.0,0.0,0.0,0.0,0.0,
3844,appear,word,178,108,VERB,0.0,0.0,0.045,0.955,0.0,0.0,0.0,0.0,0.0,0.0,0.0,0.0,0.0,0.0,0.0,0.0,0.0,appears appearing appearances
3046,spinning,word,177,177,VERB,0.0,0.0,0.203,0.791,0.006,0.0,0.0,0.0,0.0,0.0,0.0,0.0,0.0,0.0,0.0,0.0,0.0,
3115,ached,word,177,177,VERB,0.0,0.0,0.0,1.0,0.0,0.0,0.0,0.0,0.0,0.0,0.0,0.0,0.0,0.0,0.0,0.0,0.0,
3135,shines,word,177,177,VERB,0.0,0.0,0.011,0.989,0.0,0.0,0.0,0.0,0.0,0.0,0.0,0.0,0.0,0.0,0.0,0.0,0.0,
3138,spreading,word,177,177,VERB,0.0,0.0,0.0,1.0,0.0,0.0,0.0,0.0,0.0,0.0,0.0,0.0,0.0,0.0,0.0,0.0,0.0,
3149,invite,word,177,166,VERB,0.0,0.0,0.017,0.983,0.0,0.0,0.0,0.0,0.0,0.0,0.0,0.0,0.0,0.0,0.0,0.0,0.0,invites
3223,roamed,word,176,176,VERB,0.0,0.0,0.0,1.0,0.0,0.0,0.0,0.0,0.0,0.0,0.0,0.0,0.0,0.0,0.0,0.0,0.0,
3260,wrapping,word,176,176,VERB,0.0,0.0,0.006,0.994,0.0,0.0,0.0,0.0,0.0,0.0,0.0,0.0,0.0,0.0,0.0,0.0,0.0,
3501,dared,word,176,176,VERB,0.0,0.0,0.0,1.0,0.0,0.0,0.0,0.0,0.0,0.0,0.0,0.0,0.0,0.0,0.0,0.0,0.0,
3129,embraced,word,175,175,VERB,0.0,0.0,0.0,1.0,0.0,0.0,0.0,0.0,0.0,0.0,0.0,0.0,0.0,0.0,0.0,0.0,0.0,
3252,froze,word,175,175,VERB,0.0,0.0,0.109,0.76,0.04,0.006,0.08,0.0,0.0,0.0,0.0,0.0,0.0,0.0,0.0,0.006,0.0,
3277,reveal,word,175,167,VERB,0.0,0.0,0.051,0.949,0.0,0.0,0.0,0.0,0.0,0.0,0.0,0.0,0.0,0.0,0.0,0.0,0.0,reveals
3305,focus,word,175,115,VERB,0.0,0.0,0.211,0.731,0.0,0.0,0.057,0.0,0.0,0.0,0.0,0.0,0.0,0.0,0.0,0.0,0.0,focusing focuses
2434,spin,word,174,143,VERB,0.0,0.0,0.374,0.569,0.0,0.0,0.057,0.0,0.0,0.0,0.0,0.0,0.0,0.0,0.0,0.0,0.0,spins spinosaurus
3166,exchanged,word,174,174,VERB,0.0,0.0,0.0,1.0,0.0,0.0,0.0,0.0,0.0,0.0,0.0,0.0,0.0,0.0,0.0,0.0,0.0,
3189,dropped,word,174,174,VERB,0.0,0.0,0.0,1.0,0.0,0.0,0.0,0.0,0.0,0.0,0.0,0.0,0.0,0.0,0.0,0.0,0.0,
3216,accepted,word,174,174,VERB,0.0,0.0,0.0,0.994,0.006,0.0,0.0,0.0,0.0,0.0,0.0,0.0,0.0,0.0,0.0,0.0,0.0,
3406,disappear,word,174,113,VERB,0.0,0.0,0.063,0.937,0.0,0.0,0.0,0.0,0.0,0.0,0.0,0.0,0.0,0.0,0.0,0.0,0.0,disappearing disappears disappearance
3079,mixing,word,173,173,VERB,0.0,0.0,0.017,0.983,0.0,0.0,0.0,0.0,0.0,0.0,0.0,0.0,0.0,0.0,0.0,0.0,0.0,
3308,pretending,word,173,173,VERB,0.0,0.0,0.0,1.0,0.0,0.0,0.0,0.0,0.0,0.0,0.0,0.0,0.0,0.0,0.0,0.0,0.0,
3114,flapped,word,172,172,VERB,0.0,0.0,0.0,1.0,0.0,0.0,0.0,0.0,0.0,0.0,0.0,0.0,0.0,0.0,0.0,0.0,0.0,
3126,uncovered,word,171,171,VERB,0.0,0.0,0.0,1.0,0.0,0.0,0.0,0.0,0.0,0.0,0.0,0.0,0.0,0.0,0.0,0.0,0.0,
3261,overcome,word,170,170,VERB,0.0,0.0,0.0,1.0,0.0,0.0,0.0,0.0,0.0,0.0,0.0,0.0,0.0,0.0,0.0,0.0,0.0,
974,cast,word,169,166,VERB,0.0,0.0,0.047,0.941,0.0,0.0,0.012,0.0,0.0,0.0,0.0,0.0,0.0,0.0,0.0,0.0,0.0,castra casts
3150,bake,word,168,167,VERB,0.0,0.0,0.131,0.851,0.0,0.0,0.018,0.0,0.0,0.0,0.0,0.0,0.0,0.0,0.0,0.0,0.0,bakes
3221,cracked,word,168,168,VERB,0.0,0.0,0.0,0.97,0.03,0.0,0.0,0.0,0.0,0.0,0.0,0.0,0.0,0.0,0.0,0.0,0.0,
3347,rushing,word,168,168,VERB,0.0,0.084,0.006,0.994,0.0,0.0,0.0,0.0,0.0,0.0,0.0,0.0,0.0,0.0,0.0,0.0,0.0,
3364,brightened,word,168,168,VERB,0.0,0.0,0.0,1.0,0.0,0.0,0.0,0.0,0.0,0.0,0.0,0.0,0.0,0.0,0.0,0.0,0.0,
3212,vowed,word,167,167,VERB,0.0,0.0,0.0,1.0,0.0,0.0,0.0,0.0,0.0,0.0,0.0,0.0,0.0,0.0,0.0,0.0,0.0,
3246,grows,word,167,167,VERB,0.0,0.0,0.012,0.988,0.0,0.0,0.0,0.0,0.0,0.0,0.0,0.0,0.0,0.0,0.0,0.0,0.0,
3422,scratched,word,167,167,VERB,0.0,0.0,0.0,1.0,0.0,0.0,0.0,0.0,0.0,0.0,0.0,0.0,0.0,0.0,0.0,0.0,0.0,
3226,discovering,word,166,166,VERB,0.0,0.0,0.0,1.0,0.0,0.0,0.0,0.0,0.0,0.0,0.0,0.0,0.0,0.0,0.0,0.0,0.0,
3432,walks,word,166,166,VERB,0.0,0.0,0.072,0.928,0.0,0.0,0.0,0.0,0.0,0.0,0.0,0.0,0.0,0.0,0.0,0.0,0.0,
3191,raged,word,165,165,VERB,0.0,0.0,0.0,1.0,0.0,0.0,0.0,0.0,0.0,0.0,0.0,0.0,0.0,0.0,0.0,0.0,0.0,
3781,add,word,165,124,VERB,0.0,0.0,0.042,0.958,0.0,0.0,0.0,0.0,0.0,0.0,0.0,0.0,0.0,0.0,0.0,0.0,0.0,adds address addressed
3832,swell,word,165,109,VERB,0.0,0.0,0.145,0.715,0.139,0.0,0.0,0.0,0.0,0.0,0.0,0.0,0.0,0.0,0.0,0.0,0.0,swelling swells
3178,opening,word,164,164,VERB,0.0,0.165,0.256,0.744,0.0,0.0,0.0,0.0,0.0,0.0,0.0,0.0,0.0,0.0,0.0,0.0,0.0,
3522,greeted,word,163,163,VERB,0.0,0.0,0.0,1.0,0.0,0.0,0.0,0.0,0.0,0.0,0.0,0.0,0.0,0.0,0.0,0.0,0.0,
3354,screamed,word,162,162,VERB,0.0,0.0,0.0,1.0,0.0,0.0,0.0,0.0,0.0,0.0,0.0,0.0,0.0,0.0,0.0,0.0,0.0,
3398,grinning,word,162,162,VERB,0.0,0.006,0.012,0.981,0.006,0.0,0.0,0.0,0.0,0.0,0.0,0.0,0.0,0.0,0.0,0.0,0.0,
3263,changing,word,161,161,VERB,0.0,0.0,0.0,1.0,0.0,0.0,0.0,0.0,0.0,0.0,0.0,0.0,0.0,0.0,0.0,0.0,0.0,
3267,sailing,word,161,161,VERB,0.0,0.037,0.342,0.658,0.0,0.0,0.0,0.0,0.0,0.0,0.0,0.0,0.0,0.0,0.0,0.0,0.0,
3368,flowing,word,161,161,VERB,0.0,0.0,0.0,1.0,0.0,0.0,0.0,0.0,0.0,0.0,0.0,0.0,0.0,0.0,0.0,0.0,0.0,
3377,struggling,word,161,161,VERB,0.0,0.0,0.0,1.0,0.0,0.0,0.0,0.0,0.0,0.0,0.0,0.0,0.0,0.0,0.0,0.0,0.0,
3250,weaving,word,159,159,VERB,0.0,0.0,0.006,0.994,0.0,0.0,0.0,0.0,0.0,0.0,0.0,0.0,0.0,0.0,0.0,0.0,0.0,
3337,dressed,word,159,159,VERB,0.0,0.006,0.0,1.0,0.0,0.0,0.0,0.0,0.0,0.0,0.0,0.0,0.0,0.0,0.0,0.0,0.0,
3496,forming,word,159,159,VERB,0.0,0.0,0.006,0.994,0.0,0.0,0.0,0.0,0.0,0.0,0.0,0.0,0.0,0.0,0.0,0.0,0.0,
3452,crawled,word,158,158,VERB,0.0,0.0,0.0,1.0,0.0,0.0,0.0,0.0,0.0,0.0,0.0,0.0,0.0,0.0,0.0,0.0,0.0,
3268,lined,word,157,157,VERB,0.0,0.0,0.0,1.0,0.0,0.0,0.0,0.0,0.0,0.0,0.0,0.0,0.0,0.0,0.0,0.0,0.0,
3402,slipping,word,157,157,VERB,0.0,0.0,0.006,0.994,0.0,0.0,0.0,0.0,0.0,0.0,0.0,0.0,0.0,0.0,0.0,0.0,0.0,
3504,peered,word,157,157,VERB,0.0,0.0,0.0,1.0,0.0,0.0,0.0,0.0,0.0,0.0,0.0,0.0,0.0,0.0,0.0,0.0,0.0,
3508,asks,word,157,157,VERB,0.0,0.0,0.0,1.0,0.0,0.0,0.0,0.0,0.0,0.0,0.0,0.0,0.0,0.0,0.0,0.0,0.0,
3294,lying,word,156,156,VERB,0.0,0.013,0.071,0.929,0.0,0.0,0.0,0.0,0.0,0.0,0.0,0.0,0.0,0.0,0.0,0.0,0.0,
3390,rustling,word,156,156,VERB,0.0,0.0,0.192,0.788,0.019,0.0,0.0,0.0,0.0,0.0,0.0,0.0,0.0,0.0,0.0,0.0,0.0,
3438,tripped,word,156,156,VERB,0.0,0.0,0.0,1.0,0.0,0.0,0.0,0.0,0.0,0.0,0.0,0.0,0.0,0.0,0.0,0.0,0.0,
3726,sink,word,156,105,VERB,0.0,0.0,0.455,0.545,0.0,0.0,0.0,0.0,0.0,0.0,0.0,0.0,0.0,0.0,0.0,0.0,0.0,sinking sinks
3792,confront,word,156,94,VERB,0.0,0.0,0.058,0.942,0.0,0.0,0.0,0.0,0.0,0.0,0.0,0.0,0.0,0.0,0.0,0.0,0.0,confronted confrontation confronting
3274,announced,word,154,154,VERB,0.0,0.0,0.0,1.0,0.0,0.0,0.0,0.0,0.0,0.0,0.0,0.0,0.0,0.0,0.0,0.0,0.0,
3688,claimed,word,154,154,VERB,0.0,0.0,0.0,1.0,0.0,0.0,0.0,0.0,0.0,0.0,0.0,0.0,0.0,0.0,0.0,0.0,0.0,
3213,beating,word,153,153,VERB,0.0,0.0,0.007,0.993,0.0,0.0,0.0,0.0,0.0,0.0,0.0,0.0,0.0,0.0,0.0,0.0,0.0,
3352,scattered,word,153,153,VERB,0.0,0.0,0.0,0.98,0.02,0.0,0.0,0.0,0.0,0.0,0.0,0.0,0.0,0.0,0.0,0.0,0.0,
3519,ruled,word,153,153,VERB,0.0,0.0,0.0,1.0,0.0,0.0,0.0,0.0,0.0,0.0,0.0,0.0,0.0,0.0,0.0,0.0,0.0,
3420,baked,word,152,152,VERB,0.0,0.0,0.0,0.875,0.125,0.0,0.0,0.0,0.0,0.0,0.0,0.0,0.0,0.0,0.0,0.0,0.0,
3423,shows,word,152,152,VERB,0.0,0.0,0.059,0.941,0.0,0.0,0.0,0.0,0.0,0.0,0.0,0.0,0.0,0.0,0.0,0.0,0.0,
3430,kicked,word,151,151,VERB,0.0,0.0,0.0,1.0,0.0,0.0,0.0,0.0,0.0,0.0,0.0,0.0,0.0,0.0,0.0,0.0,0.0,
3541,chosen,word,151,151,VERB,0.0,0.0,0.0,1.0,0.0,0.0,0.0,0.0,0.0,0.0,0.0,0.0,0.0,0.0,0.0,0.0,0.0,
3456,admitted,word,150,150,VERB,0.0,0.0,0.0,1.0,0.0,0.0,0.0,0.0,0.0,0.0,0.0,0.0,0.0,0.0,0.0,0.0,0.0,
3669,continue,word,150,128,VERB,0.0,0.0,0.0,1.0,0.0,0.0,0.0,0.0,0.0,0.0,0.0,0.0,0.0,0.0,0.0,0.0,0.0,continues
3485,pulsed,word,148,148,VERB,0.0,0.0,0.0,1.0,0.0,0.0,0.0,0.0,0.0,0.0,0.0,0.0,0.0,0.0,0.0,0.0,0.0,
3984,conquer,word,148,118,VERB,0.0,0.0,0.02,0.98,0.0,0.0,0.0,0.0,0.0,0.0,0.0,0.0,0.0,0.0,0.0,0.0,0.0,conquered conqueror conquering
3296,collected,word,146,146,VERB,0.0,0.0,0.0,1.0,0.0,0.0,0.0,0.0,0.0,0.0,0.0,0.0,0.0,0.0,0.0,0.0,0.0,
3521,thrilled,word,146,146,VERB,0.0,0.0,0.0,0.932,0.068,0.0,0.0,0.0,0.0,0.0,0.0,0.0,0.0,0.0,0.0,0.0,0.0,
3551,warmed,word,146,146,VERB,0.0,0.0,0.0,1.0,0.0,0.0,0.0,0.0,0.0,0.0,0.0,0.0,0.0,0.0,0.0,0.0,0.0,
3648,paddled,word,146,146,VERB,0.0,0.0,0.0,1.0,0.0,0.0,0.0,0.0,0.0,0.0,0.0,0.0,0.0,0.0,0.0,0.0,0.0,
3424,winding,word,145,145,VERB,0.0,0.0,0.0,0.772,0.228,0.0,0.0,0.0,0.0,0.0,0.0,0.0,0.0,0.0,0.0,0.0,0.0,
3679,imagine,word,145,132,VERB,0.009,0.009,0.014,0.945,0.007,0.0,0.034,0.0,0.0,0.0,0.0,0.0,0.0,0.0,0.0,0.0,0.0,imagines
3475,hurry,word,144,142,VERB,0.0,0.0,0.132,0.854,0.0,0.0,0.014,0.0,0.0,0.0,0.0,0.0,0.0,0.0,0.0,0.0,0.0,hurrying
3774,expect,word,144,80,VERB,0.0,0.0,0.146,0.854,0.0,0.0,0.0,0.0,0.0,0.0,0.0,0.0,0.0,0.0,0.0,0.0,0.0,expecting expectations expectation
3525,blow,word,143,72,VERB,0.0,0.0,0.224,0.776,0.0,0.0,0.0,0.0,0.0,0.0,0.0,0.0,0.0,0.0,0.0,0.0,0.0,blowing blows blown
3567,sending,word,143,143,VERB,0.0,0.0,0.0,1.0,0.0,0.0,0.0,0.0,0.0,0.0,0.0,0.0,0.0,0.0,0.0,0.0,0.0,
3579,stole,word,143,143,VERB,0.0,0.0,0.0,1.0,0.0,0.0,0.0,0.0,0.0,0.0,0.0,0.0,0.0,0.0,0.0,0.0,0.0,
3328,tells,word,141,141,VERB,0.0,0.0,0.0,1.0,0.0,0.0,0.0,0.0,0.0,0.0,0.0,0.0,0.0,0.0,0.0,0.0,0.0,
3565,joked,word,141,141,VERB,0.0,0.0,0.0,0.993,0.0,0.0,0.007,0.0,0.0,0.0,0.0,0.0,0.0,0.0,0.0,0.0,0.0,
3847,seems,word,141,141,VERB,0.0,0.0,0.0,1.0,0.0,0.0,0.0,0.0,0.0,0.0,0.0,0.0,0.0,0.0,0.0,0.0,0.0,
3418,gazing,word,140,140,VERB,0.0,0.023,0.007,0.993,0.0,0.0,0.0,0.0,0.0,0.0,0.0,0.0,0.0,0.0,0.0,0.0,0.0,
3549,swelled,word,140,140,VERB,0.0,0.0,0.0,1.0,0.0,0.0,0.0,0.0,0.0,0.0,0.0,0.0,0.0,0.0,0.0,0.0,0.0,
3580,cleared,word,140,140,VERB,0.0,0.0,0.0,1.0,0.0,0.0,0.0,0.0,0.0,0.0,0.0,0.0,0.0,0.0,0.0,0.0,0.0,
3589,shimmer,word,140,138,VERB,0.06,0.06,0.393,0.521,0.0,0.0,0.086,0.0,0.0,0.0,0.0,0.0,0.0,0.0,0.0,0.0,0.0,shimmers
3632,startled,word,140,140,VERB,0.01,0.122,0.0,0.914,0.057,0.0,0.029,0.0,0.0,0.0,0.0,0.0,0.0,0.0,0.0,0.0,0.0,
1509,surround,word,139,73,VERB,0.0,0.0,0.072,0.928,0.0,0.0,0.0,0.0,0.0,0.0,0.0,0.0,0.0,0.0,0.0,0.0,0.0,surrounding surroundings surrounds
3444,blocking,word,139,139,VERB,0.0,0.0,0.0,1.0,0.0,0.0,0.0,0.0,0.0,0.0,0.0,0.0,0.0,0.0,0.0,0.0,0.0,
3545,stirred,word,139,139,VERB,0.0,0.0,0.0,1.0,0.0,0.0,0.0,0.0,0.0,0.0,0.0,0.0,0.0,0.0,0.0,0.0,0.0,
3558,tucked,word,139,139,VERB,0.0,0.0,0.0,1.0,0.0,0.0,0.0,0.0,0.0,0.0,0.0,0.0,0.0,0.0,0.0,0.0,0.0,
3698,tricked,word,139,139,VERB,0.0,0.0,0.0,0.993,0.007,0.0,0.0,0.0,0.0,0.0,0.0,0.0,0.0,0.0,0.0,0.0,0.0,
3454,swung,word,138,138,VERB,0.0,0.0,0.007,0.971,0.0,0.0,0.022,0.0,0.0,0.0,0.0,0.0,0.0,0.0,0.0,0.0,0.0,
3538,fluttered,word,138,138,VERB,0.0,0.0,0.0,1.0,0.0,0.0,0.0,0.0,0.0,0.0,0.0,0.0,0.0,0.0,0.0,0.0,0.0,
3569,reflected,word,138,138,VERB,0.0,0.0,0.0,1.0,0.0,0.0,0.0,0.0,0.0,0.0,0.0,0.0,0.0,0.0,0.0,0.0,0.0,
3633,barked,word,138,138,VERB,0.0,0.0,0.0,1.0,0.0,0.0,0.0,0.0,0.0,0.0,0.0,0.0,0.0,0.0,0.0,0.0,0.0,
3524,resting,word,137,137,VERB,0.0,0.0,0.088,0.905,0.007,0.0,0.0,0.0,0.0,0.0,0.0,0.0,0.0,0.0,0.0,0.0,0.0,
3703,darkened,word,136,136,VERB,0.0,0.0,0.0,1.0,0.0,0.0,0.0,0.0,0.0,0.0,0.0,0.0,0.0,0.0,0.0,0.0,0.0,
3400,fixed,word,135,135,VERB,0.0,0.0,0.0,0.993,0.007,0.0,0.0,0.0,0.0,0.0,0.0,0.0,0.0,0.0,0.0,0.0,0.0,
3667,solved,word,135,135,VERB,0.0,0.0,0.0,0.993,0.007,0.0,0.0,0.0,0.0,0.0,0.0,0.0,0.0,0.0,0.0,0.0,0.0,
3881,clutching,word,134,134,VERB,0.0,0.015,0.0,1.0,0.0,0.0,0.0,0.0,0.0,0.0,0.0,0.0,0.0,0.0,0.0,0.0,0.0,
3500,shrugged,word,133,133,VERB,0.0,0.0,0.0,1.0,0.0,0.0,0.0,0.0,0.0,0.0,0.0,0.0,0.0,0.0,0.0,0.0,0.0,
3783,flourished,word,132,132,VERB,0.0,0.0,0.0,1.0,0.0,0.0,0.0,0.0,0.0,0.0,0.0,0.0,0.0,0.0,0.0,0.0,0.0,
3929,saving,word,132,129,VERB,0.0,0.0,0.053,0.947,0.0,0.0,0.0,0.0,0.0,0.0,0.0,0.0,0.0,0.0,0.0,0.0,0.0,savings
3641,spilled,word,131,131,VERB,0.0,0.0,0.0,0.985,0.015,0.0,0.0,0.0,0.0,0.0,0.0,0.0,0.0,0.0,0.0,0.0,0.0,
3658,twirling,word,131,131,VERB,0.0,0.0,0.191,0.802,0.008,0.0,0.0,0.0,0.0,0.0,0.0,0.0,0.0,0.0,0.0,0.0,0.0,
3717,helps,word,131,131,VERB,0.0,0.0,0.0,1.0,0.0,0.0,0.0,0.0,0.0,0.0,0.0,0.0,0.0,0.0,0.0,0.0,0.0,
3737,shouting,word,131,131,VERB,0.0,0.0,0.023,0.977,0.0,0.0,0.0,0.0,0.0,0.0,0.0,0.0,0.0,0.0,0.0,0.0,0.0,
3802,proving,word,131,131,VERB,0.0,0.0,0.0,1.0,0.0,0.0,0.0,0.0,0.0,0.0,0.0,0.0,0.0,0.0,0.0,0.0,0.0,
3587,decide,word,130,130,VERB,0.0,0.0,0.0,1.0,0.0,0.0,0.0,0.0,0.0,0.0,0.0,0.0,0.0,0.0,0.0,0.0,0.0,
3668,sold,word,128,79,VERB,0.0,0.0,0.383,0.617,0.0,0.0,0.0,0.0,0.0,0.0,0.0,0.0,0.0,0.0,0.0,0.0,0.0,soldiers soldier
3694,melted,word,128,128,VERB,0.0,0.0,0.0,0.992,0.008,0.0,0.0,0.0,0.0,0.0,0.0,0.0,0.0,0.0,0.0,0.0,0.0,
3701,buy,word,126,112,VERB,0.0,0.0,0.008,0.992,0.0,0.0,0.0,0.0,0.0,0.0,0.0,0.0,0.0,0.0,0.0,0.0,0.0,buying buys buyers
3596,disappointed,word,125,125,VERB,0.0,0.146,0.0,0.6,0.4,0.0,0.0,0.0,0.0,0.0,0.0,0.0,0.0,0.0,0.0,0.0,0.0,
3788,collecting,word,125,125,VERB,0.0,0.008,0.024,0.976,0.0,0.0,0.0,0.0,0.0,0.0,0.0,0.0,0.0,0.0,0.0,0.0,0.0,
3876,sensed,word,125,125,VERB,0.0,0.0,0.0,1.0,0.0,0.0,0.0,0.0,0.0,0.0,0.0,0.0,0.0,0.0,0.0,0.0,0.0,
3488,brushed,word,124,124,VERB,0.0,0.0,0.0,1.0,0.0,0.0,0.0,0.0,0.0,0.0,0.0,0.0,0.0,0.0,0.0,0.0,0.0,
3624,stealing,word,124,124,VERB,0.0,0.008,0.04,0.96,0.0,0.0,0.0,0.0,0.0,0.0,0.0,0.0,0.0,0.0,0.0,0.0,0.0,
3779,embracing,word,124,124,VERB,0.0,0.008,0.0,1.0,0.0,0.0,0.0,0.0,0.0,0.0,0.0,0.0,0.0,0.0,0.0,0.0,0.0,
3807,bouncing,word,124,124,VERB,0.0,0.0,0.0,1.0,0.0,0.0,0.0,0.0,0.0,0.0,0.0,0.0,0.0,0.0,0.0,0.0,0.0,
3928,slip,word,124,94,VERB,0.0,0.0,0.089,0.718,0.194,0.0,0.0,0.0,0.0,0.0,0.0,0.0,0.0,0.0,0.0,0.0,0.0,slippery slips slippers
3986,wake,word,124,100,VERB,0.0,0.0,0.048,0.952,0.0,0.0,0.0,0.0,0.0,0.0,0.0,0.0,0.0,0.0,0.0,0.0,0.0,wakes
3730,stands,word,123,123,VERB,0.0,0.0,0.138,0.862,0.0,0.0,0.0,0.0,0.0,0.0,0.0,0.0,0.0,0.0,0.0,0.0,0.0,
3744,glanced,word,123,123,VERB,0.0,0.0,0.0,1.0,0.0,0.0,0.0,0.0,0.0,0.0,0.0,0.0,0.0,0.0,0.0,0.0,0.0,
3653,pretended,word,122,122,VERB,0.0,0.0,0.0,1.0,0.0,0.0,0.0,0.0,0.0,0.0,0.0,0.0,0.0,0.0,0.0,0.0,0.0,
2823,roll,word,121,92,VERB,0.0,0.0,0.339,0.661,0.0,0.0,0.0,0.0,0.0,0.0,0.0,0.0,0.0,0.0,0.0,0.0,0.0,rolls roller rollercoaster
3822,goes,word,121,121,VERB,0.0,0.0,0.0,1.0,0.0,0.0,0.0,0.0,0.0,0.0,0.0,0.0,0.0,0.0,0.0,0.0,0.0,
1846,freed,word,120,120,VERB,0.0,0.0,0.0,1.0,0.0,0.0,0.0,0.0,0.0,0.0,0.0,0.0,0.0,0.0,0.0,0.0,0.0,
3636,cleaning,word,120,120,VERB,0.0,0.0,0.1,0.9,0.0,0.0,0.0,0.0,0.0,0.0,0.0,0.0,0.0,0.0,0.0,0.0,0.0,
3706,pay,word,120,97,VERB,0.0,0.0,0.075,0.925,0.0,0.0,0.0,0.0,0.0,0.0,0.0,0.0,0.0,0.0,0.0,0.0,0.0,paying pays payback
3761,argued,word,120,120,VERB,0.0,0.0,0.0,1.0,0.0,0.0,0.0,0.0,0.0,0.0,0.0,0.0,0.0,0.0,0.0,0.0,0.0,
4015,remembers,word,120,120,VERB,0.0,0.0,0.008,0.992,0.0,0.0,0.0,0.0,0.0,0.0,0.0,0.0,0.0,0.0,0.0,0.0,0.0,
2286,pretend,word,119,117,VERB,0.0,0.0,0.092,0.899,0.008,0.0,0.0,0.0,0.0,0.0,0.0,0.0,0.0,0.0,0.0,0.0,0.0,pretends
3946,ignoring,word,119,119,VERB,0.01,0.505,0.0,0.992,0.0,0.0,0.008,0.0,0.0,0.0,0.0,0.0,0.0,0.0,0.0,0.0,0.0,
2681,send,word,118,108,VERB,0.0,0.0,0.034,0.966,0.0,0.0,0.0,0.0,0.0,0.0,0.0,0.0,0.0,0.0,0.0,0.0,0.0,sends senders sender
3573,squeaked,word,118,118,VERB,0.0,0.0,0.0,1.0,0.0,0.0,0.0,0.0,0.0,0.0,0.0,0.0,0.0,0.0,0.0,0.0,0.0,
3797,shattered,word,118,118,VERB,0.0,0.0,0.0,0.932,0.068,0.0,0.0,0.0,0.0,0.0,0.0,0.0,0.0,0.0,0.0,0.0,0.0,
3962,remain,word,118,71,VERB,0.0,0.0,0.093,0.907,0.0,0.0,0.0,0.0,0.0,0.0,0.0,0.0,0.0,0.0,0.0,0.0,0.0,remains remaining
3848,calmed,word,116,116,VERB,0.0,0.0,0.0,1.0,0.0,0.0,0.0,0.0,0.0,0.0,0.0,0.0,0.0,0.0,0.0,0.0,0.0,
3913,cherished,word,116,116,VERB,0.0,0.0,0.0,0.871,0.129,0.0,0.0,0.0,0.0,0.0,0.0,0.0,0.0,0.0,0.0,0.0,0.0,
4017,sits,word,116,116,VERB,0.0,0.0,0.0,1.0,0.0,0.0,0.0,0.0,0.0,0.0,0.0,0.0,0.0,0.0,0.0,0.0,0.0,
3805,dimmed,word,115,115,VERB,0.0,0.0,0.0,1.0,0.0,0.0,0.0,0.0,0.0,0.0,0.0,0.0,0.0,0.0,0.0,0.0,0.0,
3884,counted,word,115,115,VERB,0.0,0.0,0.0,1.0,0.0,0.0,0.0,0.0,0.0,0.0,0.0,0.0,0.0,0.0,0.0,0.0,0.0,
3991,glittering,word,114,114,VERB,0.0,0.0,0.0,0.991,0.009,0.0,0.0,0.0,0.0,0.0,0.0,0.0,0.0,0.0,0.0,0.0,0.0,
3914,growled,word,113,113,VERB,0.0,0.0,0.0,1.0,0.0,0.0,0.0,0.0,0.0,0.0,0.0,0.0,0.0,0.0,0.0,0.0,0.0,
3905,starts,word,112,112,VERB,0.0,0.0,0.018,0.982,0.0,0.0,0.0,0.0,0.0,0.0,0.0,0.0,0.0,0.0,0.0,0.0,0.0,
3976,claim,word,112,67,VERB,0.0,0.0,0.027,0.973,0.0,0.0,0.0,0.0,0.0,0.0,0.0,0.0,0.0,0.0,0.0,0.0,0.0,claiming claims
3629,ringing,word,111,111,VERB,0.0,0.0,0.0,1.0,0.0,0.0,0.0,0.0,0.0,0.0,0.0,0.0,0.0,0.0,0.0,0.0,0.0,
3646,rolling,word,111,111,VERB,0.0,0.0,0.009,0.937,0.054,0.0,0.0,0.0,0.0,0.0,0.0,0.0,0.0,0.0,0.0,0.0,0.0,
3666,tangled,word,111,111,VERB,0.0,0.0,0.0,0.928,0.072,0.0,0.0,0.0,0.0,0.0,0.0,0.0,0.0,0.0,0.0,0.0,0.0,
3749,cleaned,word,111,111,VERB,0.0,0.0,0.0,1.0,0.0,0.0,0.0,0.0,0.0,0.0,0.0,0.0,0.0,0.0,0.0,0.0,0.0,
3883,buzzing,word,111,111,VERB,0.0,0.0,0.225,0.775,0.0,0.0,0.0,0.0,0.0,0.0,0.0,0.0,0.0,0.0,0.0,0.0,0.0,
4018,decorated,word,111,111,VERB,0.0,0.0,0.0,1.0,0.0,0.0,0.0,0.0,0.0,0.0,0.0,0.0,0.0,0.0,0.0,0.0,0.0,
3639,bubbled,word,110,110,VERB,0.0,0.0,0.0,1.0,0.0,0.0,0.0,0.0,0.0,0.0,0.0,0.0,0.0,0.0,0.0,0.0,0.0,
3735,rustled,word,110,110,VERB,0.0,0.0,0.0,1.0,0.0,0.0,0.0,0.0,0.0,0.0,0.0,0.0,0.0,0.0,0.0,0.0,0.0,
3680,perched,word,109,109,VERB,0.0,0.0,0.0,1.0,0.0,0.0,0.0,0.0,0.0,0.0,0.0,0.0,0.0,0.0,0.0,0.0,0.0,
3660,opens,word,108,108,VERB,0.0,0.0,0.009,0.991,0.0,0.0,0.0,0.0,0.0,0.0,0.0,0.0,0.0,0.0,0.0,0.0,0.0,
3808,eating,word,108,108,VERB,0.0,0.0,0.037,0.954,0.009,0.0,0.0,0.0,0.0,0.0,0.0,0.0,0.0,0.0,0.0,0.0,0.0,
3864,headed,word,108,108,VERB,0.0,0.0,0.0,0.991,0.009,0.0,0.0,0.0,0.0,0.0,0.0,0.0,0.0,0.0,0.0,0.0,0.0,
3920,adding,word,108,108,VERB,0.0,0.0,0.0,1.0,0.0,0.0,0.0,0.0,0.0,0.0,0.0,0.0,0.0,0.0,0.0,0.0,0.0,
3899,begins,word,106,106,VERB,0.0,0.0,0.0,1.0,0.0,0.0,0.0,0.0,0.0,0.0,0.0,0.0,0.0,0.0,0.0,0.0,0.0,
3901,flipped,word,106,106,VERB,0.0,0.0,0.0,1.0,0.0,0.0,0.0,0.0,0.0,0.0,0.0,0.0,0.0,0.0,0.0,0.0,0.0,
3930,catching,word,106,106,VERB,0.0,0.01,0.0,1.0,0.0,0.0,0.0,0.0,0.0,0.0,0.0,0.0,0.0,0.0,0.0,0.0,0.0,
3983,breathing,word,106,106,VERB,0.0,0.031,0.066,0.934,0.0,0.0,0.0,0.0,0.0,0.0,0.0,0.0,0.0,0.0,0.0,0.0,0.0,
3760,carved,word,105,105,VERB,0.0,0.0,0.0,0.981,0.019,0.0,0.0,0.0,0.0,0.0,0.0,0.0,0.0,0.0,0.0,0.0,0.0,
3907,admire,word,105,101,VERB,0.0,0.0,0.029,0.971,0.0,0.0,0.0,0.0,0.0,0.0,0.0,0.0,0.0,0.0,0.0,0.0,0.0,admires admirer admirers
3969,swooped,word,105,105,VERB,0.0,0.0,0.0,1.0,0.0,0.0,0.0,0.0,0.0,0.0,0.0,0.0,0.0,0.0,0.0,0.0,0.0,
3954,wagged,word,104,104,VERB,0.0,0.0,0.0,1.0,0.0,0.0,0.0,0.0,0.0,0.0,0.0,0.0,0.0,0.0,0.0,0.0,0.0,
4013,begun,word,104,104,VERB,0.0,0.0,0.0,0.99,0.01,0.0,0.0,0.0,0.0,0.0,0.0,0.0,0.0,0.0,0.0,0.0,0.0,
3944,matters,word,103,103,VERB,0.0,0.0,0.272,0.728,0.0,0.0,0.0,0.0,0.0,0.0,0.0,0.0,0.0,0.0,0.0,0.0,0.0,
3947,sensing,word,103,103,VERB,0.0,0.0,0.0,1.0,0.0,0.0,0.0,0.0,0.0,0.0,0.0,0.0,0.0,0.0,0.0,0.0,0.0,
4004,defeated,word,103,103,VERB,0.0,0.029,0.0,1.0,0.0,0.0,0.0,0.0,0.0,0.0,0.0,0.0,0.0,0.0,0.0,0.0,0.0,
3908,loves,word,102,102,VERB,0.0,0.0,0.137,0.863,0.0,0.0,0.0,0.0,0.0,0.0,0.0,0.0,0.0,0.0,0.0,0.0,0.0,
3981,succeed,word,102,63,VERB,0.0,0.0,0.0,1.0,0.0,0.0,0.0,0.0,0.0,0.0,0.0,0.0,0.0,0.0,0.0,0.0,0.0,succeeded
3985,teased,word,101,101,VERB,0.0,0.0,0.0,1.0,0.0,0.0,0.0,0.0,0.0,0.0,0.0,0.0,0.0,0.0,0.0,0.0,0.0,
1952,begin,word,98,95,VERB,0.0,0.0,0.031,0.969,0.0,0.0,0.0,0.0,0.0,0.0,0.0,0.0,0.0,0.0,0.0,0.0,0.0,beginner
3996,bounced,word,97,97,VERB,0.0,0.0,0.0,1.0,0.0,0.0,0.0,0.0,0.0,0.0,0.0,0.0,0.0,0.0,0.0,0.0,0.0,
3775,hummed,word,96,96,VERB,0.0,0.0,0.0,1.0,0.0,0.0,0.0,0.0,0.0,0.0,0.0,0.0,0.0,0.0,0.0,0.0,0.0,
3970,baking,word,96,96,VERB,0.0,0.0,0.219,0.781,0.0,0.0,0.0,0.0,0.0,0.0,0.0,0.0,0.0,0.0,0.0,0.0,0.0,
3800,joining,word,95,95,VERB,0.011,0.033,0.0,0.989,0.0,0.0,0.011,0.0,0.0,0.0,0.0,0.0,0.0,0.0,0.0,0.0,0.0,
3979,glided,word,94,94,VERB,0.0,0.0,0.0,1.0,0.0,0.0,0.0,0.0,0.0,0.0,0.0,0.0,0.0,0.0,0.0,0.0,0.0,
3865,connecting,word,93,93,VERB,0.0,0.0,0.0,1.0,0.0,0.0,0.0,0.0,0.0,0.0,0.0,0.0,0.0,0.0,0.0,0.0,0.0,
2759,scream,word,91,51,VERB,0.0,0.0,0.385,0.615,0.0,0.0,0.0,0.0,0.0,0.0,0.0,0.0,0.0,0.0,0.0,0.0,0.0,screams screaming
4011,decides,word,91,91,VERB,0.0,0.0,0.0,1.0,0.0,0.0,0.0,0.0,0.0,0.0,0.0,0.0,0.0,0.0,0.0,0.0,0.0,
4002,plotted,word,86,86,VERB,0.0,0.0,0.0,1.0,0.0,0.0,0.0,0.0,0.0,0.0,0.0,0.0,0.0,0.0,0.0,0.0,0.0,
1746,betray,word,83,52,VERB,0.0,0.0,0.277,0.723,0.0,0.0,0.0,0.0,0.0,0.0,0.0,0.0,0.0,0.0,0.0,0.0,0.0,betrayer betraying betrayers
2542,flood,word,81,47,VERB,0.0,0.0,0.407,0.593,0.0,0.0,0.0,0.0,0.0,0.0,0.0,0.0,0.0,0.0,0.0,0.0,0.0,flooding floods floodlights
3955,settled,word,81,81,VERB,0.0,0.0,0.0,1.0,0.0,0.0,0.0,0.0,0.0,0.0,0.0,0.0,0.0,0.0,0.0,0.0,0.0,
720,bet,word,41,39,VERB,0.0,0.0,0.049,0.951,0.0,0.0,0.0,0.0,0.0,0.0,0.0,0.0,0.0,0.0,0.0,0.0,0.0,betrothal bets
479,un,prefix,679,0,ADJ,,,0.162,0.09,0.705,0.031,0.012,0.0,0.0,0.0,0.0,0.0,0.0,0.0,0.0,0.0,0.0,unable unusual uncertainty
304,ma,prefix,551,0,ADJ,,,0.349,0.007,0.395,0.002,0.247,0.0,0.0,0.0,0.0,0.0,0.0,0.0,0.0,0.0,0.0,maze mad massive
514,fa,prefix,548,0,ADJ,,,0.392,0.108,0.456,0.002,0.042,0.0,0.0,0.0,0.0,0.0,0.0,0.0,0.0,0.0,0.0,fake faith fascinated
2060,eas,prefix,267,0,ADJ,,,0.206,0.124,0.318,0.311,0.041,0.0,0.0,0.0,0.0,0.0,0.0,0.0,0.0,0.0,0.0,easier easily ease
192,wor,prefix,211,0,ADJ,,,0.45,0.009,0.526,0.0,0.014,0.0,0.0,0.0,0.0,0.0,0.0,0.0,0.0,0.0,0.0,worm worse worst
3110,bitter,prefix,197,92,ADJ,0.067,0.093,0.107,0.025,0.761,0.076,0.03,0.0,0.0,0.0,0.0,0.0,0.0,0.0,0.0,0.0,0.0,bittersweet bitterness bitterly
287,bri,prefix,188,0,ADJ,,,0.271,0.085,0.585,0.043,0.016,0.0,0.0,0.0,0.0,0.0,0.0,0.0,0.0,0.0,0.0,brilliant brief brick
216,ne,prefix,187,0,ADJ,,,0.278,0.037,0.38,0.08,0.07,0.0,0.134,0.0,0.0,0.0,0.021,0.0,0.0,0.0,0.0,neat neither nebula
401,fl,prefix,181,0,ADJ,,,0.144,0.398,0.42,0.0,0.039,0.0,0.0,0.0,0.0,0.0,0.0,0.0,0.0,0.0,0.0,fleeting fled flee
575,fin,prefix,177,11,ADJ,0.0,0.0,0.356,0.0,0.503,0.011,0.0,0.0,0.0,0.0,0.0,0.0,0.0,0.0,0.0,0.13,0.0,fine fins finest
3356,complet,prefix,170,0,ADJ,,,0.024,0.306,0.4,0.265,0.006,0.0,0.0,0.0,0.0,0.0,0.0,0.0,0.0,0.0,0.0,complete completely completed
3622,fright,prefix,159,10,ADJ,0.0,0.0,0.044,0.289,0.591,0.038,0.038,0.0,0.0,0.0,0.0,0.0,0.0,0.0,0.0,0.0,0.0,frightened frightening frighten
3655,rad,prefix,141,0,ADJ,,,0.305,0.106,0.567,0.0,0.021,0.0,0.0,0.0,0.0,0.0,0.0,0.0,0.0,0.0,0.0,radiant radio radiating
3635,terri,prefix,140,0,ADJ,,,0.014,0.15,0.821,0.014,0.0,0.0,0.0,0.0,0.0,0.0,0.0,0.0,0.0,0.0,0.0,terrible terrified terrifying
3700,emb,prefix,138,0,ADJ,,,0.152,0.159,0.659,0.0,0.029,0.0,0.0,0.0,0.0,0.0,0.0,0.0,0.0,0.0,0.0,embarrassed embers embark
1922,clu,prefix,137,0,ADJ,,,0.175,0.197,0.372,0.036,0.219,0.0,0.0,0.0,0.0,0.0,0.0,0.0,0.0,0.0,0.0,clung clumsy cluster
2798,har,prefix,128,0,ADJ,,,0.461,0.047,0.461,0.031,0.0,0.0,0.0,0.0,0.0,0.0,0.0,0.0,0.0,0.0,0.0,harsh hare harp
3771,loc,prefix,114,0,ADJ,,,0.333,0.018,0.64,0.0,0.009,0.0,0.0,0.0,0.0,0.0,0.0,0.0,0.0,0.0,0.0,local location locals
3753,gloom,prefix,113,33,ADJ,0.172,0.172,0.257,0.0,0.372,0.035,0.336,0.0,0.0,0.0,0.0,0.0,0.0,0.0,0.0,0.0,0.0,gloomy gloomily gloomwood
885,ann,prefix,112,0,ADJ,,,0.161,0.116,0.705,0.0,0.018,0.0,0.0,0.0,0.0,0.0,0.0,0.0,0.0,0.0,0.0,annual annoyed anniversary
2353,cor,prefix,98,0,ADJ,,,0.306,0.041,0.347,0.245,0.061,0.0,0.0,0.0,0.0,0.0,0.0,0.0,0.0,0.0,0.0,correct correctly core
2445,desp,prefix,93,0,ADJ,,,0.151,0.011,0.559,0.247,0.032,0.0,0.0,0.0,0.0,0.0,0.0,0.0,0.0,0.0,0.0,desperate desperately desperation
1382,imp,prefix,92,4,ADJ,0.0,0.0,0.25,0.065,0.652,0.022,0.011,0.0,0.0,0.0,0.0,0.0,0.0,0.0,0.0,0.0,0.0,impossible impact imperfect
3086,unf,prefix,92,0,ADJ,,,0.022,0.109,0.848,0.011,0.011,0.0,0.0,0.0,0.0,0.0,0.0,0.0,0.0,0.0,0.0,unforgettable unfulfilled unfair
1608,unt,prefix,85,0,ADJ,,,0.012,0.353,0.635,0.0,0.0,0.0,0.0,0.0,0.0,0.0,0.0,0.0,0.0,0.0,0.0,untouched untangle untold
352,happ,prefix,80,0,ADJ,,,0.0,0.0,1.0,0.0,0.0,0.0,0.0,0.0,0.0,0.0,0.0,0.0,0.0,0.0,0.0,happiest
2582,min,prefix,77,0,ADJ,,,0.143,0.351,0.377,0.0,0.13,0.0,0.0,0.0,0.0,0.0,0.0,0.0,0.0,0.0,0.0,miniature mingling mingled
1711,rust,prefix,69,12,ADJ,0.0,0.0,0.145,0.304,0.536,0.0,0.014,0.0,0.0,0.0,0.0,0.0,0.0,0.0,0.0,0.0,0.0,rusted rusting rustiest
2842,gre,prefix,69,0,ADJ,,,0.261,0.043,0.507,0.0,0.188,0.0,0.0,0.0,0.0,0.0,0.0,0.0,0.0,0.0,0.0,grey greebles greywood
2439,ent,prefix,67,0,ADJ,,,0.269,0.164,0.358,0.194,0.015,0.0,0.0,0.0,0.0,0.0,0.0,0.0,0.0,0.0,0.0,entire entry entirely
3441,adventur,prefix,66,0,ADJ,,,0.0,0.0,0.788,0.167,0.045,0.0,0.0,0.0,0.0,0.0,0.0,0.0,0.0,0.0,0.0,adventurous adventurously
521,bel,prefix,64,0,ADJ,,,0.172,0.047,0.766,0.0,0.016,0.0,0.0,0.0,0.0,0.0,0.0,0.0,0.0,0.0,0.0,beloved belt belittle
3450,ele,prefix,64,0,ADJ,,,0.25,0.0,0.672,0.031,0.0,0.0,0.0,0.0,0.0,0.0,0.0,0.0,0.047,0.0,0.0,electric elegant elevator
366,mag,prefix,62,0,ADJ,,,0.194,0.016,0.758,0.032,0.0,0.0,0.0,0.0,0.0,0.0,0.0,0.0,0.0,0.0,0.0,magnificent magnifying magazines
477,pe,prefix,60,0,ADJ,,,0.3,0.067,0.533,0.0,0.1,0.0,0.0,0.0,0.0,0.0,0.0,0.0,0.0,0.0,0.0,peculiar peppers pews
1195,lon,prefix,58,0,ADJ,,,0.034,0.0,0.914,0.0,0.052,0.0,0.0,0.0,0.0,0.0,0.0,0.0,0.0,0.0,0.0,lone lonesome loner
1910,sou,prefix,58,0,ADJ,,,0.017,0.0,0.931,0.052,0.0,0.0,0.0,0.0,0.0,0.0,0.0,0.0,0.0,0.0,0.0,sour south souvenir
3027,delic,prefix,57,0,ADJ,,,0.0,0.0,0.86,0.14,0.0,0.0,0.0,0.0,0.0,0.0,0.0,0.0,0.0,0.0,0.0,delicate delicately
431,creat,prefix,54,0,ADJ,,,0.315,0.0,0.63,0.037,0.019,0.0,0.0,0.0,0.0,0.0,0.0,0.0,0.0,0.0,0.0,creative creator creators
804,wond,prefix,37,0,ADJ,,,0.0,0.0,0.892,0.108,0.0,0.0,0.0,0.0,0.0,0.0,0.0,0.0,0.0,0.0,0.0,wondrous wondrously
2026,abs,prefix,35,0,ADJ,,,0.086,0.343,0.429,0.143,0.0,0.0,0.0,0.0,0.0,0.0,0.0,0.0,0.0,0.0,0.0,absent absorbed absorbing
1792,fier,prefix,31,0,ADJ,,,0.032,0.0,0.968,0.0,0.0,0.0,0.0,0.0,0.0,0.0,0.0,0.0,0.0,0.0,0.0,fiery
2451,independ,prefix,30,0,ADJ,,,0.0,0.0,1.0,0.0,0.0,0.0,0.0,0.0,0.0,0.0,0.0,0.0,0.0,0.0,0.0,independent
175,sm,prefix,29,0,ADJ,,,0.172,0.379,0.448,0.0,0.0,0.0,0.0,0.0,0.0,0.0,0.0,0.0,0.0,0.0,0.0,smoky smudged smashed
636,im,prefix,28,0,ADJ,,,0.179,0.286,0.286,0.214,0.036,0.0,0.0,0.0,0.0,0.0,0.0,0.0,0.0,0.0,0.0,immense immediately imitate
1772,ench,prefix,28,0,ADJ,,,0.179,0.357,0.429,0.0,0.036,0.0,0.0,0.0,0.0,0.0,0.0,0.0,0.0,0.0,0.0,enchanting enchantment enchantingly
2396,intri,prefix,22,0,ADJ,,,0.318,0.0,0.636,0.045,0.0,0.0,0.0,0.0,0.0,0.0,0.0,0.0,0.0,0.0,0.0,intricate intrigue intriguing
338,trea,prefix,15,0,ADJ,,,0.133,0.333,0.533,0.0,0.0,0.0,0.0,0.0,0.0,0.0,0.0,0.0,0.0,0.0,0.0,treacherous tread treachery
716,com,prefix,15,0,ADJ,,,0.267,0.0,0.733,0.0,0.0,0.0,0.0,0.0,0.0,0.0,0.0,0.0,0.0,0.0,0.0,comic comfy comrades
2371,unk,prefix,12,0,ADJ,,,0.083,0.0,0.917,0.0,0.0,0.0,0.0,0.0,0.0,0.0,0.0,0.0,0.0,0.0,0.0,unkind
1349,bree,prefix,9,0,ADJ,,,0.0,0.111,0.333,0.222,0.333,0.0,0.0,0.0,0.0,0.0,0.0,0.0,0.0,0.0,0.0,breezy breezily breeds
1578,doub,prefix,9,0,ADJ,,,0.0,0.222,0.778,0.0,0.0,0.0,0.0,0.0,0.0,0.0,0.0,0.0,0.0,0.0,0.0,double doubled
3591,unse,prefix,9,0,ADJ,,,0.0,0.0,1.0,0.0,0.0,0.0,0.0,0.0,0.0,0.0,0.0,0.0,0.0,0.0,0.0,unsettling unsent
509,shad,prefix,8,0,ADJ,,,0.0,0.0,1.0,0.0,0.0,0.0,0.0,0.0,0.0,0.0,0.0,0.0,0.0,0.0,0.0,shady
905,jum,prefix,8,0,ADJ,,,0.25,0.125,0.625,0.0,0.0,0.0,0.0,0.0,0.0,0.0,0.0,0.0,0.0,0.0,0.0,jumbled jumble
1516,fut,prefix,8,0,ADJ,,,0.0,0.0,1.0,0.0,0.0,0.0,0.0,0.0,0.0,0.0,0.0,0.0,0.0,0.0,0.0,futuristic futile
512,shin,prefix,7,0,ADJ,,,0.0,0.0,1.0,0.0,0.0,0.0,0.0,0.0,0.0,0.0,0.0,0.0,0.0,0.0,0.0,shiniest
710,memor,prefix,7,0,ADJ,,,0.0,0.429,0.571,0.0,0.0,0.0,0.0,0.0,0.0,0.0,0.0,0.0,0.0,0.0,0.0,memorable memorized memorizing
2964,lonel,prefix,5,0,ADJ,,,0.4,0.0,0.6,0.0,0.0,0.0,0.0,0.0,0.0,0.0,0.0,0.0,0.0,0.0,0.0,loneliest lonelier
3426,resili,prefix,5,0,ADJ,,,0.0,0.0,1.0,0.0,0.0,0.0,0.0,0.0,0.0,0.0,0.0,0.0,0.0,0.0,0.0,resilient
748,sear,prefix,1,0,ADJ,,,0.0,0.0,1.0,0.0,0.0,0.0,0.0,0.0,0.0,0.0,0.0,0.0,0.0,0.0,0.0,searing
2009,univer,prefix,1,0,ADJ,,,0.0,0.0,1.0,0.0,0.0,0.0,0.0,0.0,0.0,0.0,0.0,0.0,0.0,0.0,0.0,universal
2143,unexp,prefix,1,0,ADJ,,,0.0,0.0,1.0,0.0,0.0,0.0,0.0,0.0,0.0,0.0,0.0,0.0,0.0,0.0,0.0,unexplainable
3287,unli,prefix,1,0,ADJ,,,0.0,0.0,1.0,0.0,0.0,0.0,0.0,0.0,0.0,0.0,0.0,0.0,0.0,0.0,0.0,unlived
232,ab,prefix,267,0,ADV,,,0.225,0.0,0.307,0.434,0.034,0.0,0.0,0.0,0.0,0.0,0.0,0.0,0.0,0.0,0.0,abruptly able ability
841,heav,prefix,256,0,ADV,,,0.234,0.0,0.32,0.445,0.0,0.0,0.0,0.0,0.0,0.0,0.0,0.0,0.0,0.0,0.0,heavily heavier heaviness
3819,cautious,prefix,131,59,ADV,0.0,0.0,0.0,0.0,0.45,0.55,0.0,0.0,0.0,0.0,0.0,0.0,0.0,0.0,0.0,0.0,0.0,cautiously
1802,sim,prefix,84,0,ADV,,,0.024,0.012,0.19,0.774,0.0,0.0,0.0,0.0,0.0,0.0,0.0,0.0,0.0,0.0,0.0,simply similar simplicity
2300,ind,prefix,63,0,ADV,,,0.206,0.048,0.19,0.54,0.016,0.0,0.0,0.0,0.0,0.0,0.0,0.0,0.0,0.0,0.0,indeed indoors indifferent
532,af,prefix,50,0,ADV,,,0.08,0.36,0.0,0.56,0.0,0.0,0.0,0.0,0.0,0.0,0.0,0.0,0.0,0.0,0.0,afloat affected afford
1069,oc,prefix,36,0,ADV,,,0.139,0.167,0.028,0.639,0.028,0.0,0.0,0.0,0.0,0.0,0.0,0.0,0.0,0.0,0.0,occasionally occurred occasions
2763,stead,prefix,31,0,ADV,,,0.0,0.419,0.032,0.548,0.0,0.0,0.0,0.0,0.0,0.0,0.0,0.0,0.0,0.0,0.0,steadily steadied steadier
3462,incred,prefix,30,0,ADV,,,0.0,0.0,0.0,1.0,0.0,0.0,0.0,0.0,0.0,0.0,0.0,0.0,0.0,0.0,0.0,incredibly
2125,unco,prefix,8,0,ADV,,,0.0,0.25,0.125,0.625,0.0,0.0,0.0,0.0,0.0,0.0,0.0,0.0,0.0,0.0,0.0,uncontrollably uncorked uncomfortable
403,somet,prefix,5,0,ADV,,,0.0,0.0,0.0,1.0,0.0,0.0,0.0,0.0,0.0,0.0,0.0,0.0,0.0,0.0,0.0,sometime
1686,bubb,prefix,5,0,ADV,,,0.2,0.0,0.0,0.8,0.0,0.0,0.0,0.0,0.0,0.0,0.0,0.0,0.0,0.0,0.0,bubbly
1599,invis,prefix,3,0,ADV,,,0.0,0.0,0.0,1.0,0.0,0.0,0.0,0.0,0.0,0.0,0.0,0.0,0.0,0.0,0.0,invisibly
2394,unkn,prefix,3,0,ADV,,,0.0,0.0,0.0,1.0,0.0,0.0,0.0,0.0,0.0,0.0,0.0,0.0,0.0,0.0,0.0,unknowingly
2178,ord,prefix,1,0,ADV,,,0.0,0.0,0.0,1.0,0.0,0.0,0.0,0.0,0.0,0.0,0.0,0.0,0.0,0.0,0.0,ordinarily
52,u,prefix,97,0,INTJ,,,0.01,0.0,0.206,0.082,0.186,0.0,0.0,0.0,0.0,0.0,0.0,0.0,0.0,0.515,0.0,uh ufo ugly
51,t,prefix,5436,187,NOUN,0.93,1.0,0.429,0.264,0.031,0.015,0.26,0.0,0.0,0.0,0.0,0.0,0.0,0.001,0.0,0.0,0.0,teddy tide tilted
1465,don,prefix,1024,0,NOUN,,,0.651,0.326,0.0,0.0,0.023,0.0,0.0,0.0,0.0,0.0,0.0,0.0,0.0,0.0,0.0,donut donuts donned
44,m,prefix,994,0,NOUN,,,0.81,0.066,0.027,0.009,0.053,0.0,0.0,0.0,0.0,0.0,0.0,0.0,0.035,0.0,0.0,mice miles milk
114,st,prefix,951,0,NOUN,,,0.463,0.366,0.148,0.002,0.02,0.0,0.0,0.0,0.0,0.0,0.0,0.0,0.0,0.0,0.0,sting stunning stir
503,sc,prefix,918,0,NOUN,,,0.528,0.465,0.0,0.0,0.007,0.0,0.0,0.0,0.0,0.0,0.0,0.0,0.0,0.0,0.0,score scored science
792,gl,prefix,861,0,NOUN,,,0.519,0.339,0.101,0.009,0.031,0.0,0.0,0.0,0.0,0.0,0.0,0.0,0.0,0.0,0.0,globe glad glinting
468,cr,prefix,845,0,NOUN,,,0.4,0.394,0.193,0.006,0.007,0.0,0.0,0.0,0.0,0.0,0.0,0.0,0.0,0.0,0.0,cries crisp crunched
172,sp,prefix,726,0,NOUN,,,0.565,0.317,0.092,0.001,0.025,0.0,0.0,0.0,0.0,0.0,0.0,0.0,0.0,0.0,0.0,spooky spider spices
45,n,prefix,661,1,NOUN,,,0.515,0.27,0.098,0.021,0.089,0.0,0.0,0.0,0.0,0.002,0.0,0.0,0.005,0.0,0.0,nuts numbers nudged
958,ra,prefix,637,0,NOUN,,,0.634,0.204,0.03,0.121,0.011,0.0,0.0,0.0,0.0,0.0,0.0,0.0,0.0,0.0,0.0,rays raft rage
279,ro,prefix,635,0,NOUN,,,0.729,0.213,0.055,0.0,0.003,0.0,0.0,0.0,0.0,0.0,0.0,0.0,0.0,0.0,0.0,rope role rowed
593,pa,prefix,634,0,NOUN,,,0.705,0.276,0.008,0.0,0.011,0.0,0.0,0.0,0.0,0.0,0.0,0.0,0.0,0.0,0.0,pair paws paid
2404,ve,prefix,591,0,NOUN,,,0.842,0.002,0.023,0.002,0.13,0.0,0.0,0.0,0.0,0.0,0.0,0.0,0.0,0.0,0.0,vegetables vehicle version
105,th,prefix,546,0,NOUN,,,0.514,0.051,0.301,0.022,0.004,0.0,0.0,0.0,0.0,0.0,0.0,0.0,0.108,0.0,0.0,thud thin thieves
1580,de,prefix,536,0,NOUN,,,0.569,0.302,0.108,0.0,0.019,0.0,0.0,0.0,0.0,0.0,0.0,0.0,0.0,0.0,0.002,deadline demanded deal
268,co,prefix,531,3,NOUN,0.0,0.0,0.849,0.081,0.013,0.0,0.056,0.0,0.0,0.0,0.0,0.0,0.0,0.0,0.0,0.0,0.0,cocoa cove code
36,e,prefix,521,1,NOUN,,,0.282,0.2,0.259,0.058,0.131,0.017,0.015,0.0,0.0,0.0,0.017,0.0,0.021,0.0,0.0,eerie elf etched
1843,po,prefix,515,0,NOUN,,,0.534,0.272,0.155,0.023,0.016,0.0,0.0,0.0,0.0,0.0,0.0,0.0,0.0,0.0,0.0,pop popcorn poor
2547,ri,prefix,501,0,NOUN,,,0.581,0.24,0.156,0.0,0.024,0.0,0.0,0.0,0.0,0.0,0.0,0.0,0.0,0.0,0.0,risk riding ribbon
580,sn,prefix,493,0,NOUN,,,0.509,0.426,0.004,0.002,0.059,0.0,0.0,0.0,0.0,0.0,0.0,0.0,0.0,0.0,0.0,snake snack snuck
2231,fla,prefix,474,0,NOUN,,,0.595,0.281,0.103,0.006,0.015,0.0,0.0,0.0,0.0,0.0,0.0,0.0,0.0,0.0,0.0,flapping flap flag
276,ar,prefix,472,0,NOUN,,,0.699,0.263,0.006,0.0,0.028,0.0,0.0,0.0,0.0,0.0,0.0,0.0,0.0,0.004,0.0,arm armor archway
180,la,prefix,443,3,NOUN,,,0.409,0.354,0.093,0.135,0.007,0.0,0.0,0.0,0.0,0.0,0.0,0.0,0.0,0.0,0.002,laid lazily lair
1558,cla,prefix,439,0,NOUN,,,0.64,0.346,0.002,0.0,0.011,0.0,0.0,0.0,0.0,0.0,0.0,0.0,0.0,0.0,0.0,clarity clapping claws
761,gu,prefix,426,0,NOUN,,,0.756,0.035,0.127,0.0,0.082,0.0,0.0,0.0,0.0,0.0,0.0,0.0,0.0,0.0,0.0,guidance guests gummy
993,tri,prefix,426,0,NOUN,,,0.77,0.101,0.028,0.021,0.08,0.0,0.0,0.0,0.0,0.0,0.0,0.0,0.0,0.0,0.0,tries trials triceratops
2131,bar,prefix,426,54,NOUN,0.0,0.0,0.615,0.007,0.185,0.183,0.009,0.0,0.0,0.0,0.0,0.0,0.0,0.0,0.0,0.0,0.0,barn barely bare
420,dec,prefix,421,0,NOUN,,,0.684,0.29,0.017,0.0,0.01,0.0,0.0,0.0,0.0,0.0,0.0,0.0,0.0,0.0,0.0,decision deception deck
142,sa,prefix,412,0,NOUN,,,0.68,0.092,0.192,0.0,0.036,0.0,0.0,0.0,0.0,0.0,0.0,0.0,0.0,0.0,0.0,salty sage salt
1253,res,prefix,411,0,NOUN,,,0.423,0.416,0.105,0.007,0.049,0.0,0.0,0.0,0.0,0.0,0.0,0.0,0.0,0.0,0.0,resolve resist resourcefulness
628,mar,prefix,403,0,NOUN,,,0.531,0.345,0.01,0.0,0.114,0.0,0.0,0.0,0.0,0.0,0.0,0.0,0.0,0.0,0.0,marshmallows marveled marched
484,mo,prefix,397,0,NOUN,,,0.738,0.217,0.02,0.003,0.023,0.0,0.0,0.0,0.0,0.0,0.0,0.0,0.0,0.0,0.0,model movie mood
46,o,prefix,389,1,NOUN,,,0.497,0.028,0.08,0.067,0.246,0.0,0.0,0.0,0.0,0.0,0.0,0.0,0.0,0.08,0.0,ostrich oven oops
322,su,prefix,385,0,NOUN,,,0.665,0.223,0.062,0.031,0.018,0.0,0.0,0.0,0.0,0.0,0.0,0.0,0.0,0.0,0.0,sugar suit suffer
681,dis,prefix,380,0,NOUN,,,0.676,0.276,0.029,0.003,0.016,0.0,0.0,0.0,0.0,0.0,0.0,0.0,0.0,0.0,0.0,dish dishes disbelief
3301,ban,prefix,374,0,NOUN,,,0.858,0.051,0.008,0.0,0.083,0.0,0.0,0.0,0.0,0.0,0.0,0.0,0.0,0.0,0.0,bank banana bang
349,ag,prefix,373,0,NOUN,,,0.764,0.214,0.016,0.0,0.005,0.0,0.0,0.0,0.0,0.0,0.0,0.0,0.0,0.0,0.0,age agreement ages
569,tw,prefix,370,0,NOUN,,,0.654,0.105,0.019,0.089,0.032,0.0,0.0,0.0,0.0,0.0,0.0,0.0,0.1,0.0,0.0,twinge twigs twilight
214,ch,prefix,358,0,NOUN,,,0.62,0.226,0.0,0.0,0.154,0.0,0.0,0.0,0.0,0.0,0.0,0.0,0.0,0.0,0.0,church chimed chips
144,li,prefix,351,0,NOUN,,,0.729,0.211,0.034,0.0,0.026,0.0,0.0,0.0,0.0,0.0,0.0,0.0,0.0,0.0,0.0,lips lizard linked
1050,pi,prefix,349,0,NOUN,,,0.708,0.126,0.017,0.003,0.146,0.0,0.0,0.0,0.0,0.0,0.0,0.0,0.0,0.0,0.0,pine pit pity
698,di,prefix,348,0,NOUN,,,0.428,0.319,0.221,0.006,0.026,0.0,0.0,0.0,0.0,0.0,0.0,0.0,0.0,0.0,0.0,diving diary dizzy
2712,rum,prefix,342,2,NOUN,,,0.55,0.409,0.015,0.0,0.026,0.0,0.0,0.0,0.0,0.0,0.0,0.0,0.0,0.0,0.0,rumors rumble rumbled
2684,crack,prefix,340,169,NOUN,0.0,0.006,0.576,0.421,0.003,0.0,0.0,0.0,0.0,0.0,0.0,0.0,0.0,0.0,0.0,0.0,0.0,crackled cracks crackling
600,gra,prefix,339,0,NOUN,,,0.575,0.224,0.018,0.168,0.015,0.0,0.0,0.0,0.0,0.0,0.0,0.0,0.0,0.0,0.0,grasp gradually grasped
1158,ga,prefix,337,0,NOUN,,,0.562,0.435,0.0,0.003,0.0,0.0,0.0,0.0,0.0,0.0,0.0,0.0,0.0,0.0,0.0,gained gain gap
1476,da,prefix,337,3,NOUN,0.0,0.0,0.596,0.199,0.086,0.047,0.071,0.0,0.0,0.0,0.0,0.0,0.0,0.0,0.0,0.0,0.0,daisies daily dazzling
1765,mark,prefix,322,110,NOUN,0.037,0.037,0.851,0.134,0.0,0.0,0.016,0.0,0.0,0.0,0.0,0.0,0.0,0.0,0.0,0.0,0.0,markings marks marking
2147,fur,prefix,320,134,NOUN,0.0,0.0,0.591,0.031,0.312,0.05,0.016,0.0,0.0,0.0,0.0,0.0,0.0,0.0,0.0,0.0,0.0,furry furious furniture
2646,ll,prefix,314,0,NOUN,,,0.7,0.0,0.0,0.0,0.3,0.0,0.0,0.0,0.0,0.0,0.0,0.0,0.0,0.0,0.0,llama llamas
3520,thr,prefix,305,0,NOUN,,,0.934,0.026,0.003,0.0,0.036,0.0,0.0,0.0,0.0,0.0,0.0,0.0,0.0,0.0,0.0,thread throne throat
34,c,prefix,301,0,NOUN,,,0.924,0.013,0.03,0.0,0.033,0.0,0.0,0.0,0.0,0.0,0.0,0.0,0.0,0.0,0.0,cities ceiling cycle
486,con,prefix,300,8,NOUN,0.0,0.0,0.73,0.24,0.023,0.0,0.007,0.0,0.0,0.0,0.0,0.0,0.0,0.0,0.0,0.0,0.0,conversation concern concert
42,k,prefix,299,0,NOUN,,,0.405,0.291,0.05,0.023,0.231,0.0,0.0,0.0,0.0,0.0,0.0,0.0,0.0,0.0,0.0,kick kicking kart
411,bea,prefix,299,0,NOUN,,,0.893,0.1,0.003,0.0,0.003,0.0,0.0,0.0,0.0,0.0,0.0,0.0,0.0,0.0,0.0,beacon beam beams
182,lo,prefix,297,0,NOUN,,,0.465,0.205,0.178,0.013,0.138,0.0,0.0,0.0,0.0,0.0,0.0,0.0,0.0,0.0,0.0,loving loyalty loyal
35,d,prefix,296,0,NOUN,,,0.734,0.147,0.066,0.0,0.031,0.0,0.0,0.023,0.0,0.0,0.0,0.0,0.0,0.0,0.0,duty dusk dying
2775,scr,prefix,296,0,NOUN,,,0.635,0.331,0.02,0.0,0.014,0.0,0.0,0.0,0.0,0.0,0.0,0.0,0.0,0.0,0.0,scroll scraps scrolls
233,kn,prefix,295,0,NOUN,,,0.803,0.193,0.0,0.0,0.003,0.0,0.0,0.0,0.0,0.0,0.0,0.0,0.0,0.0,0.0,knock knot knife
3177,hi,prefix,295,72,NOUN,0.0,0.0,0.437,0.278,0.041,0.0,0.007,0.0,0.0,0.0,0.0,0.0,0.0,0.0,0.0,0.237,0.0,hint hike hiked
455,fo,prefix,293,0,NOUN,,,0.386,0.276,0.075,0.003,0.058,0.0,0.0,0.0,0.0,0.0,0.0,0.0,0.201,0.0,0.0,folded four foe
2963,cons,prefix,287,1,NOUN,,,0.589,0.345,0.031,0.007,0.028,0.0,0.0,0.0,0.0,0.0,0.0,0.0,0.0,0.0,0.0,conscience constellations considered
185,pl,prefix,285,0,NOUN,,,0.435,0.309,0.225,0.011,0.018,0.0,0.0,0.0,0.0,0.0,0.004,0.0,0.0,0.0,0.0,plain placing plate
2151,gri,prefix,284,0,NOUN,,,0.514,0.426,0.035,0.004,0.021,0.0,0.0,0.0,0.0,0.0,0.0,0.0,0.0,0.0,0.0,grip gripping grief
2062,hu,prefix,282,0,NOUN,,,0.532,0.433,0.011,0.0,0.025,0.0,0.0,0.0,0.0,0.0,0.0,0.0,0.0,0.0,0.0,huddled hues hut
2066,cur,prefix,281,0,NOUN,,,0.694,0.196,0.11,0.0,0.0,0.0,0.0,0.0,0.0,0.0,0.0,0.0,0.0,0.0,0.0,curtain current curled
1888,int,prefix,273,0,NOUN,,,0.542,0.158,0.103,0.194,0.004,0.0,0.0,0.0,0.0,0.0,0.0,0.0,0.0,0.0,0.0,intelligence intently intentions
1430,pro,prefix,267,8,NOUN,0.0,0.0,0.521,0.363,0.075,0.03,0.011,0.0,0.0,0.0,0.0,0.0,0.0,0.0,0.0,0.0,0.0,process progress proposed
1803,stud,prefix,266,0,NOUN,,,0.605,0.395,0.0,0.0,0.0,0.0,0.0,0.0,0.0,0.0,0.0,0.0,0.0,0.0,0.0,student study studying
545,bu,prefix,260,0,NOUN,,,0.635,0.308,0.008,0.004,0.046,0.0,0.0,0.0,0.0,0.0,0.0,0.0,0.0,0.0,0.0,bumped bump bullies
2680,shiver,prefix,260,129,NOUN,0.0,0.0,0.488,0.431,0.081,0.0,0.0,0.0,0.0,0.0,0.0,0.0,0.0,0.0,0.0,0.0,0.0,shivered shivering shivers
193,al,prefix,256,0,NOUN,,,0.625,0.059,0.105,0.02,0.012,0.0,0.0,0.0,0.0,0.0,0.0,0.102,0.0,0.078,0.0,alarms altar alarm
2752,phot,prefix,251,0,NOUN,,,1.0,0.0,0.0,0.0,0.0,0.0,0.0,0.0,0.0,0.0,0.0,0.0,0.0,0.0,0.0,photos photo photographs
3849,ju,prefix,249,0,NOUN,,,0.45,0.213,0.169,0.0,0.169,0.0,0.0,0.0,0.0,0.0,0.0,0.0,0.0,0.0,0.0,juice juicy juggled
345,gr,prefix,247,0,NOUN,,,0.453,0.441,0.024,0.016,0.065,0.0,0.0,0.0,0.0,0.0,0.0,0.0,0.0,0.0,0.0,grove grumbled groaned
1561,vi,prefix,246,0,NOUN,,,0.565,0.0,0.232,0.138,0.065,0.0,0.0,0.0,0.0,0.0,0.0,0.0,0.0,0.0,0.0,video vivid violently
360,br,prefix,245,0,NOUN,,,0.678,0.041,0.224,0.0,0.057,0.0,0.0,0.0,0.0,0.0,0.0,0.0,0.0,0.0,0.0,brown broom brook
38,g,prefix,239,0,NOUN,,,0.908,0.071,0.0,0.0,0.021,0.0,0.0,0.0,0.0,0.0,0.0,0.0,0.0,0.0,0.0,gym gear gears
962,mis,prefix,239,0,NOUN,,,0.527,0.176,0.238,0.046,0.013,0.0,0.0,0.0,0.0,0.0,0.0,0.0,0.0,0.0,0.0,mischief mischievous misunderstood
1714,sol,prefix,239,0,NOUN,,,0.427,0.347,0.13,0.029,0.067,0.0,0.0,0.0,0.0,0.0,0.0,0.0,0.0,0.0,0.0,solving solitude solace
1727,cha,prefix,229,4,NOUN,0.0,0.0,0.707,0.183,0.105,0.0,0.004,0.0,0.0,0.0,0.0,0.0,0.0,0.0,0.0,0.0,0.0,chains chain chapter
1801,bat,prefix,226,81,NOUN,0.0,0.0,0.726,0.27,0.004,0.0,0.0,0.0,0.0,0.0,0.0,0.0,0.0,0.0,0.0,0.0,0.0,batter bathed battling
1132,cra,prefix,218,0,NOUN,,,0.56,0.211,0.22,0.0,0.009,0.0,0.0,0.0,0.0,0.0,0.0,0.0,0.0,0.0,0.0,crayons crazy craved
2377,ten,prefix,217,54,NOUN,0.0,0.0,0.548,0.009,0.184,0.009,0.0,0.0,0.0,0.0,0.0,0.0,0.0,0.0,0.249,0.0,0.0,tennis tense tent
2568,glanc,prefix,217,0,NOUN,,,0.631,0.364,0.005,0.0,0.0,0.0,0.0,0.0,0.0,0.0,0.0,0.0,0.0,0.0,0.0,glances glancing glance
2952,invent,prefix,215,32,NOUN,0.0,0.0,0.767,0.2,0.0,0.0,0.033,0.0,0.0,0.0,0.0,0.0,0.0,0.0,0.0,0.0,0.0,invention inventor inventions
262,tr,prefix,210,0,NOUN,,,0.767,0.2,0.024,0.005,0.005,0.0,0.0,0.0,0.0,0.0,0.0,0.0,0.0,0.0,0.0,trophy truck trudged
3143,exper,prefix,208,0,NOUN,,,0.846,0.144,0.01,0.0,0.0,0.0,0.0,0.0,0.0,0.0,0.0,0.0,0.0,0.0,0.0,experience experiences experienced
458,che,prefix,203,0,NOUN,,,0.552,0.315,0.03,0.0,0.103,0.0,0.0,0.0,0.0,0.0,0.0,0.0,0.0,0.0,0.0,chef cheat cheated
497,qu,prefix,201,0,NOUN,,,0.418,0.269,0.06,0.119,0.08,0.0,0.035,0.0,0.0,0.0,0.0,0.0,0.0,0.02,0.0,quite quilt quill
3776,bun,prefix,201,2,NOUN,,,0.662,0.179,0.015,0.0,0.144,0.0,0.0,0.0,0.0,0.0,0.0,0.0,0.0,0.0,0.0,bunny bundled bunch
677,pat,prefix,200,2,NOUN,,,0.54,0.08,0.225,0.15,0.005,0.0,0.0,0.0,0.0,0.0,0.0,0.0,0.0,0.0,0.0,patterns patient patiently
3158,ripp,prefix,200,0,NOUN,,,0.565,0.41,0.02,0.0,0.0,0.0,0.005,0.0,0.0,0.0,0.0,0.0,0.0,0.0,0.0,ripples rippled ripple
3537,cou,prefix,200,0,NOUN,,,0.95,0.05,0.0,0.0,0.0,0.0,0.0,0.0,0.0,0.0,0.0,0.0,0.0,0.0,0.0,couple couch cousin
1065,cont,prefix,199,0,NOUN,,,0.623,0.251,0.121,0.005,0.0,0.0,0.0,0.0,0.0,0.0,0.0,0.0,0.0,0.0,0.0,contradictions contradiction contagious
3763,stra,prefix,198,0,NOUN,,,0.414,0.182,0.157,0.247,0.0,0.0,0.0,0.0,0.0,0.0,0.0,0.0,0.0,0.0,0.0,straight strategy stray
589,cu,prefix,197,0,NOUN,,,0.782,0.015,0.173,0.005,0.025,0.0,0.0,0.0,0.0,0.0,0.0,0.0,0.0,0.0,0.0,culture cunning customers
2097,wea,prefix,195,0,NOUN,,,0.421,0.421,0.0,0.0,0.159,0.0,0.0,0.0,0.0,0.0,0.0,0.0,0.0,0.0,0.0,weave weapon weaver
3804,cupc,prefix,195,0,NOUN,,,0.974,0.0,0.0,0.0,0.026,0.0,0.0,0.0,0.0,0.0,0.0,0.0,0.0,0.0,0.0,cupcake cupcakes
433,war,prefix,194,59,NOUN,0.017,0.017,0.443,0.356,0.098,0.0,0.103,0.0,0.0,0.0,0.0,0.0,0.0,0.0,0.0,0.0,0.0,warn warehouse wary
2073,pan,prefix,194,16,NOUN,0.0,0.0,0.716,0.268,0.0,0.0,0.015,0.0,0.0,0.0,0.0,0.0,0.0,0.0,0.0,0.0,0.0,panting panel pancakes
3060,dest,prefix,191,0,NOUN,,,0.571,0.424,0.0,0.0,0.005,0.0,0.0,0.0,0.0,0.0,0.0,0.0,0.0,0.0,0.0,destination destroy destruction
1369,comp,prefix,189,0,NOUN,,,0.481,0.392,0.069,0.0,0.058,0.0,0.0,0.0,0.0,0.0,0.0,0.0,0.0,0.0,0.0,computer complained compared
1217,mat,prefix,187,5,NOUN,0.0,0.0,0.92,0.011,0.053,0.0,0.016,0.0,0.0,0.0,0.0,0.0,0.0,0.0,0.0,0.0,0.0,math materials material
537,bra,prefix,184,0,NOUN,,,0.668,0.266,0.011,0.0,0.054,0.0,0.0,0.0,0.0,0.0,0.0,0.0,0.0,0.0,0.0,bracelet brain bragged
3405,sorcer,prefix,184,0,NOUN,,,0.94,0.0,0.0,0.0,0.06,0.0,0.0,0.0,0.0,0.0,0.0,0.0,0.0,0.0,0.0,sorcerer sorceress
579,vo,prefix,183,0,NOUN,,,0.672,0.208,0.0,0.0,0.12,0.0,0.0,0.0,0.0,0.0,0.0,0.0,0.0,0.0,0.0,volcano vowing vortex
56,y,prefix,181,0,NOUN,,,0.331,0.177,0.144,0.0,0.182,0.0,0.0,0.0,0.0,0.0,0.0,0.0,0.0,0.166,0.0,yummy yarn yum
608,wr,prefix,181,0,NOUN,,,0.735,0.182,0.072,0.006,0.006,0.0,0.0,0.0,0.0,0.0,0.0,0.0,0.0,0.0,0.0,wrist wreck wrench
3361,compet,prefix,181,0,NOUN,,,0.569,0.37,0.061,0.0,0.0,0.0,0.0,0.0,0.0,0.0,0.0,0.0,0.0,0.0,0.0,competition compete competing
3509,skate,prefix,181,41,NOUN,0.0,0.0,0.608,0.381,0.006,0.006,0.0,0.0,0.0,0.0,0.0,0.0,0.0,0.0,0.0,0.0,0.0,skateboard skated skates
3487,cap,prefix,179,43,NOUN,0.0,0.0,0.939,0.045,0.017,0.0,0.0,0.0,0.0,0.0,0.0,0.0,0.0,0.0,0.0,0.0,0.0,cape capes capsule
3536,bow,prefix,179,72,NOUN,0.0,0.0,0.782,0.218,0.0,0.0,0.0,0.0,0.0,0.0,0.0,0.0,0.0,0.0,0.0,0.0,0.0,bowl bowed bowls
3474,det,prefix,177,0,NOUN,,,0.938,0.034,0.011,0.0,0.017,0.0,0.0,0.0,0.0,0.0,0.0,0.0,0.0,0.0,0.0,detective detail details
3939,cham,prefix,175,0,NOUN,,,0.989,0.0,0.006,0.0,0.006,0.0,0.0,0.0,0.0,0.0,0.0,0.0,0.0,0.0,0.0,chamber champion champions
272,le,prefix,173,0,NOUN,,,0.89,0.006,0.006,0.006,0.092,0.0,0.0,0.0,0.0,0.0,0.0,0.0,0.0,0.0,0.0,lemonade lemon lemons
3332,sandw,prefix,173,0,NOUN,,,0.983,0.0,0.0,0.0,0.017,0.0,0.0,0.0,0.0,0.0,0.0,0.0,0.0,0.0,0.0,sandwich sandwiches
2538,foot,prefix,172,81,NOUN,0.099,0.099,0.953,0.0,0.0,0.0,0.047,0.0,0.0,0.0,0.0,0.0,0.0,0.0,0.0,0.0,0.0,footprints football footprint
186,rea,prefix,163,0,NOUN,,,0.564,0.393,0.043,0.0,0.0,0.0,0.0,0.0,0.0,0.0,0.0,0.0,0.0,0.0,0.0,reason reasons reassured
2288,hor,prefix,163,0,NOUN,,,0.963,0.006,0.0,0.012,0.018,0.0,0.0,0.0,0.0,0.0,0.0,0.0,0.0,0.0,0.0,horse horn horror
3559,charac,prefix,163,0,NOUN,,,1.0,0.0,0.0,0.0,0.0,0.0,0.0,0.0,0.0,0.0,0.0,0.0,0.0,0.0,0.0,characters character
3493,card,prefix,162,48,NOUN,0.0,0.0,0.951,0.0,0.025,0.025,0.0,0.0,0.0,0.0,0.0,0.0,0.0,0.0,0.0,0.0,0.0,cardboard cards
3640,sprink,prefix,162,0,NOUN,,,0.543,0.451,0.006,0.0,0.0,0.0,0.0,0.0,0.0,0.0,0.0,0.0,0.0,0.0,0.0,sprinkled sprinkles sprinkle
1390,sha,prefix,158,0,NOUN,,,0.475,0.177,0.038,0.0,0.0,0.0,0.0,0.0,0.31,0.0,0.0,0.0,0.0,0.0,0.0,shame shall shatter
2322,ba,prefix,156,0,NOUN,,,0.91,0.013,0.013,0.0,0.064,0.0,0.0,0.0,0.0,0.0,0.0,0.0,0.0,0.0,0.0,baby bay bamboo
3472,direct,prefix,156,0,NOUN,,,0.936,0.019,0.0,0.038,0.006,0.0,0.0,0.0,0.0,0.0,0.0,0.0,0.0,0.0,0.0,directions direction directly
3359,ped,prefix,155,0,NOUN,,,0.548,0.445,0.006,0.0,0.0,0.0,0.0,0.0,0.0,0.0,0.0,0.0,0.0,0.0,0.0,pedaled pedestal pedant
3440,duck,prefix,153,50,NOUN,0.196,0.196,0.693,0.248,0.0,0.0,0.059,0.0,0.0,0.0,0.0,0.0,0.0,0.0,0.0,0.0,0.0,ducks ducked duckling
3464,sprou,prefix,153,0,NOUN,,,0.562,0.418,0.013,0.007,0.0,0.0,0.0,0.0,0.0,0.0,0.0,0.0,0.0,0.0,0.0,sprout sprouted sprouts
3376,gn,prefix,151,0,NOUN,,,0.675,0.325,0.0,0.0,0.0,0.0,0.0,0.0,0.0,0.0,0.0,0.0,0.0,0.0,0.0,gnome gnarled gnawed
3512,eng,prefix,150,0,NOUN,,,0.793,0.187,0.013,0.0,0.007,0.0,0.0,0.0,0.0,0.0,0.0,0.0,0.0,0.0,0.0,engine engines engulfed
2612,log,prefix,148,51,NOUN,0.0,0.0,0.628,0.372,0.0,0.0,0.0,0.0,0.0,0.0,0.0,0.0,0.0,0.0,0.0,0.0,0.0,logged logs logging
187,ha,prefix,146,10,NOUN,,,0.658,0.171,0.055,0.0,0.048,0.0,0.0,0.0,0.0,0.0,0.0,0.0,0.0,0.068,0.0,hacker haze hay
1224,des,prefix,146,0,NOUN,,,0.671,0.288,0.041,0.0,0.0,0.0,0.0,0.0,0.0,0.0,0.0,0.0,0.0,0.0,0.0,design designs designed
1285,pu,prefix,146,0,NOUN,,,0.568,0.315,0.048,0.0,0.068,0.0,0.0,0.0,0.0,0.0,0.0,0.0,0.0,0.0,0.0,puff puffed puck
3560,camp,prefix,145,49,NOUN,0.0,0.0,0.807,0.193,0.0,0.0,0.0,0.0,0.0,0.0,0.0,0.0,0.0,0.0,0.0,0.0,0.0,campfire camping camped
3417,jelly,prefix,144,48,NOUN,0.0,0.0,0.729,0.014,0.201,0.028,0.028,0.0,0.0,0.0,0.0,0.0,0.0,0.0,0.0,0.0,0.0,jellyfish jellybeans jellybean
1858,acc,prefix,143,0,NOUN,,,0.42,0.161,0.021,0.399,0.0,0.0,0.0,0.0,0.0,0.0,0.0,0.0,0.0,0.0,0.0,accidentally accident accomplishment
227,whe,prefix,142,0,NOUN,,,0.718,0.007,0.0,0.0,0.049,0.0,0.0,0.0,0.0,0.0,0.0,0.225,0.0,0.0,0.0,wheel whether whee
506,op,prefix,141,0,NOUN,,,0.723,0.028,0.227,0.0,0.021,0.0,0.0,0.0,0.0,0.0,0.0,0.0,0.0,0.0,0.0,optimism opponent opportunity
2037,ph,prefix,141,0,NOUN,,,0.702,0.0,0.05,0.0,0.248,0.0,0.0,0.0,0.0,0.0,0.0,0.0,0.0,0.0,0.0,philosopher phoenix phantom
3243,pul,prefix,139,0,NOUN,,,0.662,0.317,0.022,0.0,0.0,0.0,0.0,0.0,0.0,0.0,0.0,0.0,0.0,0.0,0.0,pulse pulsing pulsating
3643,jud,prefix,137,0,NOUN,,,0.847,0.153,0.0,0.0,0.0,0.0,0.0,0.0,0.0,0.0,0.0,0.0,0.0,0.0,0.0,judges judge judgment
3752,emot,prefix,137,0,NOUN,,,0.978,0.0,0.022,0.0,0.0,0.0,0.0,0.0,0.0,0.0,0.0,0.0,0.0,0.0,0.0,emotions emotion emotional
850,inst,prefix,136,0,NOUN,,,0.743,0.235,0.0,0.015,0.007,0.0,0.0,0.0,0.0,0.0,0.0,0.0,0.0,0.0,0.0,instincts instructed instruments
1135,crea,prefix,136,0,NOUN,,,0.456,0.331,0.191,0.0,0.022,0.0,0.0,0.0,0.0,0.0,0.0,0.0,0.0,0.0,0.0,creak creaking creaky
3547,tem,prefix,135,0,NOUN,,,0.63,0.2,0.163,0.007,0.0,0.0,0.0,0.0,0.0,0.0,0.0,0.0,0.0,0.0,0.0,temple tempting tempted
1766,par,prefix,134,0,NOUN,,,0.799,0.037,0.022,0.0,0.142,0.0,0.0,0.0,0.0,0.0,0.0,0.0,0.0,0.0,0.0,parade paradise paralyzed
3755,kne,prefix,134,0,NOUN,,,0.612,0.388,0.0,0.0,0.0,0.0,0.0,0.0,0.0,0.0,0.0,0.0,0.0,0.0,0.0,kneeling knees knee
3665,pumpk,prefix,133,0,NOUN,,,0.97,0.023,0.008,0.0,0.0,0.0,0.0,0.0,0.0,0.0,0.0,0.0,0.0,0.0,0.0,pumpkin pumpkins
3745,heartb,prefix,133,0,NOUN,,,0.684,0.105,0.053,0.0,0.158,0.0,0.0,0.0,0.0,0.0,0.0,0.0,0.0,0.0,0.0,heartbeat heartbroken heartbeats
3689,mushroom,prefix,129,51,NOUN,0.098,0.098,0.961,0.0,0.0,0.0,0.039,0.0,0.0,0.0,0.0,0.0,0.0,0.0,0.0,0.0,0.0,mushrooms
2884,ast,prefix,128,0,NOUN,,,0.719,0.031,0.148,0.094,0.0,0.0,0.0,0.008,0.0,0.0,0.0,0.0,0.0,0.0,0.0,asteroid astray asteroids
1719,hesit,prefix,125,0,NOUN,,,0.4,0.184,0.224,0.112,0.08,0.0,0.0,0.0,0.0,0.0,0.0,0.0,0.0,0.0,0.0,hesitation hesitant hesitating
3975,mer,prefix,125,0,NOUN,,,0.408,0.048,0.264,0.192,0.088,0.0,0.0,0.0,0.0,0.0,0.0,0.0,0.0,0.0,0.0,merchant mere merry
129,wit,prefix,124,19,NOUN,0.0,0.0,0.629,0.306,0.016,0.0,0.048,0.0,0.0,0.0,0.0,0.0,0.0,0.0,0.0,0.0,0.0,witness wits witnessed
2312,comm,prefix,124,0,NOUN,,,0.387,0.282,0.331,0.0,0.0,0.0,0.0,0.0,0.0,0.0,0.0,0.0,0.0,0.0,0.0,common commanded command
3773,cott,prefix,124,0,NOUN,,,0.992,0.0,0.0,0.0,0.008,0.0,0.0,0.0,0.0,0.0,0.0,0.0,0.0,0.0,0.0,cotton cottage
1214,cho,prefix,123,0,NOUN,,,0.715,0.285,0.0,0.0,0.0,0.0,0.0,0.0,0.0,0.0,0.0,0.0,0.0,0.0,0.0,chores chord chorus
3552,seashe,prefix,122,0,NOUN,,,1.0,0.0,0.0,0.0,0.0,0.0,0.0,0.0,0.0,0.0,0.0,0.0,0.0,0.0,0.0,seashells seashell
2679,gener,prefix,121,0,NOUN,,,0.653,0.0,0.347,0.0,0.0,0.0,0.0,0.0,0.0,0.0,0.0,0.0,0.0,0.0,0.0,generations generous generation
3887,storyt,prefix,121,0,NOUN,,,0.926,0.066,0.0,0.0,0.008,0.0,0.0,0.0,0.0,0.0,0.0,0.0,0.0,0.0,0.0,storyteller storytelling storytellers
3837,master,prefix,120,41,NOUN,0.244,0.244,0.842,0.033,0.0,0.0,0.125,0.0,0.0,0.0,0.0,0.0,0.0,0.0,0.0,0.0,0.0,masterpiece masters mastered
3952,reward,prefix,118,53,NOUN,0.0,0.0,0.754,0.11,0.136,0.0,0.0,0.0,0.0,0.0,0.0,0.0,0.0,0.0,0.0,0.0,0.0,rewards rewarding rewarded
3992,lung,prefix,118,0,NOUN,,,0.585,0.407,0.008,0.0,0.0,0.0,0.0,0.0,0.0,0.0,0.0,0.0,0.0,0.0,0.0,lungs lunged lunges
496,em,prefix,116,0,NOUN,,,0.56,0.233,0.06,0.0,0.147,0.0,0.0,0.0,0.0,0.0,0.0,0.0,0.0,0.0,0.0,empathy empowered emma
2306,gen,prefix,116,0,NOUN,,,0.75,0.0,0.052,0.0,0.198,0.0,0.0,0.0,0.0,0.0,0.0,0.0,0.0,0.0,0.0,genie genius genuine
3862,inno,prefix,115,0,NOUN,,,0.574,0.035,0.322,0.017,0.052,0.0,0.0,0.0,0.0,0.0,0.0,0.0,0.0,0.0,0.0,innovation innocent innocence
3937,wound,prefix,112,28,NOUN,0.0,0.0,0.777,0.214,0.009,0.0,0.0,0.0,0.0,0.0,0.0,0.0,0.0,0.0,0.0,0.0,0.0,wounds wounded
3796,fact,prefix,110,13,NOUN,0.0,0.0,0.991,0.0,0.0,0.0,0.009,0.0,0.0,0.0,0.0,0.0,0.0,0.0,0.0,0.0,0.0,factory facts
2156,pri,prefix,109,0,NOUN,,,0.716,0.147,0.101,0.0,0.037,0.0,0.0,0.0,0.0,0.0,0.0,0.0,0.0,0.0,0.0,prison priest prisoner
2697,clo,prefix,108,0,NOUN,,,0.898,0.019,0.074,0.0,0.009,0.0,0.0,0.0,0.0,0.0,0.0,0.0,0.0,0.0,0.0,clown clowns clover
3953,cos,prefix,108,0,NOUN,,,0.556,0.0,0.148,0.0,0.296,0.0,0.0,0.0,0.0,0.0,0.0,0.0,0.0,0.0,0.0,cosmos cosmic cosmo
41,j,prefix,106,0,NOUN,,,0.519,0.217,0.094,0.019,0.151,0.0,0.0,0.0,0.0,0.0,0.0,0.0,0.0,0.0,0.0,jacket jingled jibber
531,gar,prefix,105,0,NOUN,,,0.867,0.0,0.0,0.0,0.133,0.0,0.0,0.0,0.0,0.0,0.0,0.0,0.0,0.0,0.0,garage gardy garbage
261,str,prefix,104,0,NOUN,,,0.519,0.442,0.038,0.0,0.0,0.0,0.0,0.0,0.0,0.0,0.0,0.0,0.0,0.0,0.0,structure strummed strum
3051,pal,prefix,104,2,NOUN,,,0.923,0.01,0.058,0.0,0.01,0.0,0.0,0.0,0.0,0.0,0.0,0.0,0.0,0.0,0.0,palm palms palpable
1474,sy,prefix,103,0,NOUN,,,0.981,0.01,0.01,0.0,0.0,0.0,0.0,0.0,0.0,0.0,0.0,0.0,0.0,0.0,0.0,system symphony sympathy
3879,umbrell,prefix,103,0,NOUN,,,0.893,0.0,0.0,0.0,0.107,0.0,0.0,0.0,0.0,0.0,0.0,0.0,0.0,0.0,0.0,umbrella umbrellas
53,v,prefix,100,0,NOUN,,,0.7,0.0,0.24,0.0,0.06,0.0,0.0,0.0,0.0,0.0,0.0,0.0,0.0,0.0,0.0,vase vulnerability vault
1543,sho,prefix,99,0,NOUN,,,0.889,0.101,0.01,0.0,0.0,0.0,0.0,0.0,0.0,0.0,0.0,0.0,0.0,0.0,0.0,shoe shoelaces shove
1693,pers,prefix,99,0,NOUN,,,0.818,0.101,0.02,0.0,0.061,0.0,0.0,0.0,0.0,0.0,0.0,0.0,0.0,0.0,0.0,perseverance perspective persevere
3823,fisher,prefix,99,1,NOUN,,,0.99,0.0,0.01,0.0,0.0,0.0,0.0,0.0,0.0,0.0,0.0,0.0,0.0,0.0,0.0,fisherman fishermen fishers
3821,pill,prefix,98,0,NOUN,,,1.0,0.0,0.0,0.0,0.0,0.0,0.0,0.0,0.0,0.0,0.0,0.0,0.0,0.0,0.0,pillow pillows pillar
874,imag,prefix,96,0,NOUN,,,0.75,0.0,0.25,0.0,0.0,0.0,0.0,0.0,0.0,0.0,0.0,0.0,0.0,0.0,0.0,image imaginary imaginable
581,hea,prefix,95,0,NOUN,,,0.947,0.032,0.021,0.0,0.0,0.0,0.0,0.0,0.0,0.0,0.0,0.0,0.0,0.0,0.0,heat heap heated
2007,ang,prefix,95,0,NOUN,,,0.768,0.0,0.053,0.179,0.0,0.0,0.0,0.0,0.0,0.0,0.0,0.0,0.0,0.0,0.0,angels angel angrily
3089,stat,prefix,95,0,NOUN,,,1.0,0.0,0.0,0.0,0.0,0.0,0.0,0.0,0.0,0.0,0.0,0.0,0.0,0.0,0.0,station state statement
3943,sche,prefix,95,0,NOUN,,,0.853,0.137,0.011,0.0,0.0,0.0,0.0,0.0,0.0,0.0,0.0,0.0,0.0,0.0,0.0,scheme schemes schemer
231,fr,prefix,94,0,NOUN,,,0.436,0.245,0.096,0.17,0.053,0.0,0.0,0.0,0.0,0.0,0.0,0.0,0.0,0.0,0.0,frame frantically frayed
1268,hon,prefix,93,0,NOUN,,,0.946,0.032,0.022,0.0,0.0,0.0,0.0,0.0,0.0,0.0,0.0,0.0,0.0,0.0,0.0,honey honked honk
2838,firef,prefix,93,0,NOUN,,,1.0,0.0,0.0,0.0,0.0,0.0,0.0,0.0,0.0,0.0,0.0,0.0,0.0,0.0,0.0,firefly firefighters
3161,gal,prefix,92,0,NOUN,,,0.728,0.13,0.0,0.0,0.141,0.0,0.0,0.0,0.0,0.0,0.0,0.0,0.0,0.0,0.0,gallery galloped galactic
1689,myster,prefix,90,0,NOUN,,,1.0,0.0,0.0,0.0,0.0,0.0,0.0,0.0,0.0,0.0,0.0,0.0,0.0,0.0,0.0,mysteries
2666,shel,prefix,90,0,NOUN,,,1.0,0.0,0.0,0.0,0.0,0.0,0.0,0.0,0.0,0.0,0.0,0.0,0.0,0.0,0.0,shelves
4009,raind,prefix,90,0,NOUN,,,1.0,0.0,0.0,0.0,0.0,0.0,0.0,0.0,0.0,0.0,0.0,0.0,0.0,0.0,0.0,raindrops raindrop
358,rem,prefix,89,0,NOUN,,,0.461,0.393,0.135,0.011,0.0,0.0,0.0,0.0,0.0,0.0,0.0,0.0,0.0,0.0,0.0,remnants removed remote
922,sil,prefix,89,0,NOUN,,,0.697,0.045,0.258,0.0,0.0,0.0,0.0,0.0,0.0,0.0,0.0,0.0,0.0,0.0,0.0,silk silliest silliness
2991,glit,prefix,89,0,NOUN,,,0.82,0.146,0.011,0.0,0.022,0.0,0.0,0.0,0.0,0.0,0.0,0.0,0.0,0.0,0.0,glitter glitch glittered
2177,pupp,prefix,88,0,NOUN,,,0.977,0.0,0.011,0.0,0.011,0.0,0.0,0.0,0.0,0.0,0.0,0.0,0.0,0.0,0.0,puppet puppies puppets
769,fam,prefix,85,0,NOUN,,,1.0,0.0,0.0,0.0,0.0,0.0,0.0,0.0,0.0,0.0,0.0,0.0,0.0,0.0,0.0,fame
1046,ama,prefix,83,0,NOUN,,,0.964,0.024,0.0,0.0,0.012,0.0,0.0,0.0,0.0,0.0,0.0,0.0,0.0,0.0,0.0,amazement amaze amateur
2067,leg,prefix,83,37,NOUN,0.0,0.0,0.964,0.0,0.036,0.0,0.0,0.0,0.0,0.0,0.0,0.0,0.0,0.0,0.0,0.0,0.0,legacy legged
2904,disappoin,prefix,82,0,NOUN,,,0.927,0.037,0.0,0.0,0.037,0.0,0.0,0.0,0.0,0.0,0.0,0.0,0.0,0.0,0.0,disappointment disappoint disappointments
3047,ill,prefix,78,12,NOUN,0.0,0.0,0.795,0.026,0.103,0.038,0.038,0.0,0.0,0.0,0.0,0.0,0.0,0.0,0.0,0.0,0.0,illusion illusions illness
238,stor,prefix,77,0,NOUN,,,0.896,0.091,0.0,0.0,0.013,0.0,0.0,0.0,0.0,0.0,0.0,0.0,0.0,0.0,0.0,store stored stores
1006,din,prefix,76,0,NOUN,,,0.684,0.026,0.026,0.0,0.263,0.0,0.0,0.0,0.0,0.0,0.0,0.0,0.0,0.0,0.0,dino diner dinged
252,shar,prefix,75,0,NOUN,,,0.867,0.0,0.0,0.0,0.133,0.0,0.0,0.0,0.0,0.0,0.0,0.0,0.0,0.0,0.0,shark sharks shard
1456,pea,prefix,75,0,NOUN,,,1.0,0.0,0.0,0.0,0.0,0.0,0.0,0.0,0.0,0.0,0.0,0.0,0.0,0.0,0.0,peacock peach peanut
1762,circ,prefix,75,0,NOUN,,,0.813,0.147,0.013,0.0,0.027,0.0,0.0,0.0,0.0,0.0,0.0,0.0,0.0,0.0,0.0,circuits circling circus
887,journ,prefix,73,0,NOUN,,,1.0,0.0,0.0,0.0,0.0,0.0,0.0,0.0,0.0,0.0,0.0,0.0,0.0,0.0,0.0,journal journals
897,flo,prefix,72,0,NOUN,,,0.5,0.25,0.083,0.0,0.167,0.0,0.0,0.0,0.0,0.0,0.0,0.0,0.0,0.0,0.0,flock flopped floria
1572,dou,prefix,69,0,NOUN,,,0.942,0.014,0.0,0.0,0.043,0.0,0.0,0.0,0.0,0.0,0.0,0.0,0.0,0.0,0.0,dough doug dousing
3028,frustr,prefix,67,0,NOUN,,,0.97,0.0,0.03,0.0,0.0,0.0,0.0,0.0,0.0,0.0,0.0,0.0,0.0,0.0,0.0,frustration frustrating
47,p,prefix,66,2,NOUN,,,0.8,0.0,0.0,0.0,0.2,0.0,0.0,0.0,0.0,0.0,0.0,0.0,0.0,0.0,0.0,pterodactyl pterodactyls pyramids
321,tre,prefix,66,0,NOUN,,,0.47,0.333,0.076,0.106,0.015,0.0,0.0,0.0,0.0,0.0,0.0,0.0,0.0,0.0,0.0,trekked trench tremor
2774,melo,prefix,66,0,NOUN,,,0.848,0.0,0.121,0.015,0.015,0.0,0.0,0.0,0.0,0.0,0.0,0.0,0.0,0.0,0.0,melodies melodic melodious
1500,mon,prefix,65,0,NOUN,,,0.877,0.046,0.046,0.0,0.031,0.0,0.0,0.0,0.0,0.0,0.0,0.0,0.0,0.0,0.0,month monitors monstrous
1986,fing,prefix,65,0,NOUN,,,1.0,0.0,0.0,0.0,0.0,0.0,0.0,0.0,0.0,0.0,0.0,0.0,0.0,0.0,0.0,finger fingertips
3662,pil,prefix,65,0,NOUN,,,0.815,0.185,0.0,0.0,0.0,0.0,0.0,0.0,0.0,0.0,0.0,0.0,0.0,0.0,0.0,pilot piling pilots
1312,mor,prefix,64,0,NOUN,,,0.625,0.188,0.141,0.0,0.047,0.0,0.0,0.0,0.0,0.0,0.0,0.0,0.0,0.0,0.0,moral morality morphed
3224,reb,prefix,64,0,NOUN,,,0.609,0.109,0.281,0.0,0.0,0.0,0.0,0.0,0.0,0.0,0.0,0.0,0.0,0.0,0.0,rebellion reborn rebel
2348,poss,prefix,62,0,NOUN,,,0.887,0.097,0.0,0.016,0.0,0.0,0.0,0.0,0.0,0.0,0.0,0.0,0.0,0.0,0.0,possibility possession possessed
3271,unea,prefix,62,0,NOUN,,,0.565,0.403,0.016,0.016,0.0,0.0,0.0,0.0,0.0,0.0,0.0,0.0,0.0,0.0,0.0,unease unearthed unearthing
2315,clot,prefix,61,0,NOUN,,,1.0,0.0,0.0,0.0,0.0,0.0,0.0,0.0,0.0,0.0,0.0,0.0,0.0,0.0,0.0,cloth clothing cloths
3314,compan,prefix,60,0,NOUN,,,1.0,0.0,0.0,0.0,0.0,0.0,0.0,0.0,0.0,0.0,0.0,0.0,0.0,0.0,0.0,companion companionship companions
2163,respons,prefix,59,0,NOUN,,,0.983,0.0,0.0,0.017,0.0,0.0,0.0,0.0,0.0,0.0,0.0,0.0,0.0,0.0,0.0,response responsibilities responsibly
2527,vic,prefix,58,0,NOUN,,,0.586,0.0,0.379,0.017,0.017,0.0,0.0,0.0,0.0,0.0,0.0,0.0,0.0,0.0,0.0,victories victorious victim
226,hel,prefix,57,0,NOUN,,,0.947,0.0,0.0,0.0,0.053,0.0,0.0,0.0,0.0,0.0,0.0,0.0,0.0,0.0,0.0,helmet helm helmets
2558,lad,prefix,57,0,NOUN,,,0.965,0.0,0.035,0.0,0.0,0.0,0.0,0.0,0.0,0.0,0.0,0.0,0.0,0.0,0.0,ladder ladies ladders
3105,chee,prefix,57,0,NOUN,,,0.807,0.0,0.158,0.018,0.018,0.0,0.0,0.0,0.0,0.0,0.0,0.0,0.0,0.0,0.0,cheek cheeky cheetah
370,tur,prefix,56,0,NOUN,,,0.339,0.0,0.321,0.0,0.339,0.0,0.0,0.0,0.0,0.0,0.0,0.0,0.0,0.0,0.0,turbulent turkey turmoil
3532,bounc,prefix,55,0,NOUN,,,0.473,0.4,0.018,0.0,0.109,0.0,0.0,0.0,0.0,0.0,0.0,0.0,0.0,0.0,0.0,bounce bouncy
2772,roo,prefix,54,0,NOUN,,,0.704,0.259,0.019,0.0,0.019,0.0,0.0,0.0,0.0,0.0,0.0,0.0,0.0,0.0,0.0,root rooster rooted
1806,libr,prefix,53,0,NOUN,,,1.0,0.0,0.0,0.0,0.0,0.0,0.0,0.0,0.0,0.0,0.0,0.0,0.0,0.0,0.0,librarian librarians
1907,surf,prefix,52,14,NOUN,0.0,0.0,0.673,0.308,0.0,0.019,0.0,0.0,0.0,0.0,0.0,0.0,0.0,0.0,0.0,0.0,0.0,surfing surfboard surfers
3164,mid,prefix,51,6,NOUN,0.0,0.0,0.941,0.0,0.039,0.02,0.0,0.0,0.0,0.0,0.0,0.0,0.0,0.0,0.0,0.0,0.0,midst midway
2932,aut,prefix,50,0,NOUN,,,0.96,0.04,0.0,0.0,0.0,0.0,0.0,0.0,0.0,0.0,0.0,0.0,0.0,0.0,0.0,author authors authorized
1055,tou,prefix,49,0,NOUN,,,0.959,0.041,0.0,0.0,0.0,0.0,0.0,0.0,0.0,0.0,0.0,0.0,0.0,0.0,0.0,tournament tour tourists
3413,frag,prefix,49,0,NOUN,,,0.755,0.0,0.245,0.0,0.0,0.0,0.0,0.0,0.0,0.0,0.0,0.0,0.0,0.0,0.0,fragments fragrant fragility
875,rob,prefix,47,3,NOUN,0.0,0.0,0.702,0.17,0.021,0.0,0.106,0.0,0.0,0.0,0.0,0.0,0.0,0.0,0.0,0.0,0.0,robes robe robo
198,fri,prefix,45,0,NOUN,,,0.6,0.0,0.044,0.0,0.356,0.0,0.0,0.0,0.0,0.0,0.0,0.0,0.0,0.0,0.0,frisbee fridge friday
2758,spar,prefix,44,1,NOUN,,,0.591,0.318,0.091,0.0,0.0,0.0,0.0,0.0,0.0,0.0,0.0,0.0,0.0,0.0,0.0,sparrow spare sparse
3188,ble,prefix,43,0,NOUN,,,0.488,0.349,0.163,0.0,0.0,0.0,0.0,0.0,0.0,0.0,0.0,0.0,0.0,0.0,0.0,blessed blessing blessings
1546,ner,prefix,42,0,NOUN,,,0.952,0.0,0.0,0.0,0.048,0.0,0.0,0.0,0.0,0.0,0.0,0.0,0.0,0.0,0.0,nerves nerve nereus
1900,lan,prefix,42,0,NOUN,,,1.0,0.0,0.0,0.0,0.0,0.0,0.0,0.0,0.0,0.0,0.0,0.0,0.0,0.0,0.0,language lane languages
3151,rac,prefix,42,0,NOUN,,,1.0,0.0,0.0,0.0,0.0,0.0,0.0,0.0,0.0,0.0,0.0,0.0,0.0,0.0,0.0,racket racquet rackets
3209,galax,prefix,42,0,NOUN,,,1.0,0.0,0.0,0.0,0.0,0.0,0.0,0.0,0.0,0.0,0.0,0.0,0.0,0.0,0.0,galaxies
1537,cre,prefix,41,0,NOUN,,,0.829,0.0,0.0,0.0,0.171,0.0,0.0,0.0,0.0,0.0,0.0,0.0,0.0,0.0,0.0,creek credit crescent
2423,nec,prefix,41,0,NOUN,,,0.634,0.0,0.171,0.0,0.195,0.0,0.0,0.0,0.0,0.0,0.0,0.0,0.0,0.0,0.0,nectar necessary nectars
2673,inc,prefix,40,0,NOUN,,,0.525,0.15,0.15,0.0,0.175,0.0,0.0,0.0,0.0,0.0,0.0,0.0,0.0,0.0,0.0,inch incas incomplete
2732,snowfla,prefix,40,0,NOUN,,,1.0,0.0,0.0,0.0,0.0,0.0,0.0,0.0,0.0,0.0,0.0,0.0,0.0,0.0,0.0,snowflake
2807,fis,prefix,38,0,NOUN,,,1.0,0.0,0.0,0.0,0.0,0.0,0.0,0.0,0.0,0.0,0.0,0.0,0.0,0.0,0.0,fists fist
2857,bal,prefix,38,0,NOUN,,,0.868,0.132,0.0,0.0,0.0,0.0,0.0,0.0,0.0,0.0,0.0,0.0,0.0,0.0,0.0,balcony balancing balm
3384,firew,prefix,38,0,NOUN,,,0.974,0.0,0.0,0.0,0.026,0.0,0.0,0.0,0.0,0.0,0.0,0.0,0.0,0.0,0.0,firework firewood firewalls
1331,cand,prefix,37,0,NOUN,,,1.0,0.0,0.0,0.0,0.0,0.0,0.0,0.0,0.0,0.0,0.0,0.0,0.0,0.0,0.0,candies
3211,ber,prefix,37,0,NOUN,,,0.973,0.0,0.0,0.0,0.027,0.0,0.0,0.0,0.0,0.0,0.0,0.0,0.0,0.0,0.0,berry
1764,shi,prefix,36,0,NOUN,,,1.0,0.0,0.0,0.0,0.0,0.0,0.0,0.0,0.0,0.0,0.0,0.0,0.0,0.0,0.0,shirt shirts
2264,tor,prefix,35,0,NOUN,,,0.714,0.257,0.029,0.0,0.0,0.0,0.0,0.0,0.0,0.0,0.0,0.0,0.0,0.0,0.0,torch tore torches
2866,minut,prefix,35,0,NOUN,,,1.0,0.0,0.0,0.0,0.0,0.0,0.0,0.0,0.0,0.0,0.0,0.0,0.0,0.0,0.0,minute
1303,sch,prefix,34,0,NOUN,,,0.912,0.0,0.0,0.0,0.088,0.0,0.0,0.0,0.0,0.0,0.0,0.0,0.0,0.0,0.0,scholar scholars scholarship
2428,buz,prefix,34,0,NOUN,,,0.588,0.265,0.0,0.0,0.147,0.0,0.0,0.0,0.0,0.0,0.0,0.0,0.0,0.0,0.0,buzz buzzer buzzy
1344,wee,prefix,33,0,NOUN,,,0.636,0.364,0.0,0.0,0.0,0.0,0.0,0.0,0.0,0.0,0.0,0.0,0.0,0.0,0.0,weed weep weeping
3204,enem,prefix,32,0,NOUN,,,1.0,0.0,0.0,0.0,0.0,0.0,0.0,0.0,0.0,0.0,0.0,0.0,0.0,0.0,0.0,enemies
1890,pret,prefix,31,0,NOUN,,,0.677,0.0,0.323,0.0,0.0,0.0,0.0,0.0,0.0,0.0,0.0,0.0,0.0,0.0,0.0,prettiest prettier pretension
883,explor,prefix,28,0,NOUN,,,1.0,0.0,0.0,0.0,0.0,0.0,0.0,0.0,0.0,0.0,0.0,0.0,0.0,0.0,0.0,exploration
2391,cher,prefix,28,0,NOUN,,,1.0,0.0,0.0,0.0,0.0,0.0,0.0,0.0,0.0,0.0,0.0,0.0,0.0,0.0,0.0,cherry cherries
2523,swimm,prefix,28,0,NOUN,,,1.0,0.0,0.0,0.0,0.0,0.0,0.0,0.0,0.0,0.0,0.0,0.0,0.0,0.0,0.0,swimmer swimmers
3489,caut,prefix,28,0,NOUN,,,0.964,0.0,0.036,0.0,0.0,0.0,0.0,0.0,0.0,0.0,0.0,0.0,0.0,0.0,0.0,caution cautionary
1552,prin,prefix,26,0,NOUN,,,0.885,0.115,0.0,0.0,0.0,0.0,0.0,0.0,0.0,0.0,0.0,0.0,0.0,0.0,0.0,prints print printed
502,rememb,prefix,25,0,NOUN,,,0.88,0.0,0.0,0.0,0.12,0.0,0.0,0.0,0.0,0.0,0.0,0.0,0.0,0.0,0.0,remembrance
1524,cal,prefix,24,0,NOUN,,,0.5,0.417,0.0,0.0,0.083,0.0,0.0,0.0,0.0,0.0,0.0,0.0,0.0,0.0,0.0,calculated calf caldera
2332,coun,prefix,24,0,NOUN,,,0.833,0.0,0.0,0.0,0.167,0.0,0.0,0.0,0.0,0.0,0.0,0.0,0.0,0.0,0.0,council counsel
1269,sen,prefix,23,0,NOUN,,,0.957,0.0,0.043,0.0,0.0,0.0,0.0,0.0,0.0,0.0,0.0,0.0,0.0,0.0,0.0,sensors sensation sensitive
39,h,prefix,22,0,NOUN,,,0.455,0.0,0.0,0.0,0.136,0.0,0.0,0.0,0.0,0.0,0.0,0.0,0.0,0.409,0.0,hmm hymn hyena
1154,appro,prefix,22,0,NOUN,,,0.864,0.136,0.0,0.0,0.0,0.0,0.0,0.0,0.0,0.0,0.0,0.0,0.0,0.0,0.0,approval approve approved
2630,unic,prefix,22,0,NOUN,,,1.0,0.0,0.0,0.0,0.0,0.0,0.0,0.0,0.0,0.0,0.0,0.0,0.0,0.0,0.0,unicycle unicycles
795,spec,prefix,21,0,NOUN,,,0.714,0.0,0.048,0.048,0.19,0.0,0.0,0.0,0.0,0.0,0.0,0.0,0.0,0.0,0.0,spectrum specter spectacle
2905,port,prefix,21,9,NOUN,0.0,0.0,1.0,0.0,0.0,0.0,0.0,0.0,0.0,0.0,0.0,0.0,0.0,0.0,0.0,0.0,0.0,portraits portrait portion
1722,tow,prefix,20,1,NOUN,,,0.95,0.0,0.0,0.0,0.05,0.0,0.0,0.0,0.0,0.0,0.0,0.0,0.0,0.0,0.0,towel towels
1979,cent,prefix,20,0,NOUN,,,0.9,0.0,0.1,0.0,0.0,0.0,0.0,0.0,0.0,0.0,0.0,0.0,0.0,0.0,0.0,centuries centaur central
3230,aud,prefix,20,0,NOUN,,,0.8,0.15,0.05,0.0,0.0,0.0,0.0,0.0,0.0,0.0,0.0,0.0,0.0,0.0,0.0,auditions audition auditorium
1341,fest,prefix,19,1,NOUN,,,0.579,0.105,0.316,0.0,0.0,0.0,0.0,0.0,0.0,0.0,0.0,0.0,0.0,0.0,0.0,festivities festive festered
1056,cel,prefix,18,0,NOUN,,,0.389,0.0,0.389,0.0,0.222,0.0,0.0,0.0,0.0,0.0,0.0,0.0,0.0,0.0,0.0,celestial cell cellar
1812,cann,prefix,18,0,NOUN,,,1.0,0.0,0.0,0.0,0.0,0.0,0.0,0.0,0.0,0.0,0.0,0.0,0.0,0.0,0.0,cannons cannonballs cannonball
3378,ter,prefix,18,0,NOUN,,,0.833,0.167,0.0,0.0,0.0,0.0,0.0,0.0,0.0,0.0,0.0,0.0,0.0,0.0,0.0,terror terrain terrorized
1037,fig,prefix,17,0,NOUN,,,0.882,0.0,0.0,0.118,0.0,0.0,0.0,0.0,0.0,0.0,0.0,0.0,0.0,0.0,0.0,figment figuratively figments
1728,wra,prefix,17,0,NOUN,,,1.0,0.0,0.0,0.0,0.0,0.0,0.0,0.0,0.0,0.0,0.0,0.0,0.0,0.0,0.0,wrath
944,id,prefix,16,1,NOUN,,,0.688,0.188,0.062,0.0,0.062,0.0,0.0,0.0,0.0,0.0,0.0,0.0,0.0,0.0,0.0,identity identified identify
2995,eff,prefix,16,0,NOUN,,,0.938,0.0,0.0,0.062,0.0,0.0,0.0,0.0,0.0,0.0,0.0,0.0,0.0,0.0,0.0,effect efficiency effects
347,dan,prefix,14,0,NOUN,,,0.714,0.286,0.0,0.0,0.0,0.0,0.0,0.0,0.0,0.0,0.0,0.0,0.0,0.0,0.0,dandelions dandelion dangled
848,disco,prefix,14,5,NOUN,0.0,0.0,0.357,0.357,0.286,0.0,0.0,0.0,0.0,0.0,0.0,0.0,0.0,0.0,0.0,0.0,0.0,discouraged disconnected
2711,snowf,prefix,14,0,NOUN,,,1.0,0.0,0.0,0.0,0.0,0.0,0.0,0.0,0.0,0.0,0.0,0.0,0.0,0.0,0.0,snowfolk snowfall
3053,rhy,prefix,14,0,NOUN,,,0.786,0.214,0.0,0.0,0.0,0.0,0.0,0.0,0.0,0.0,0.0,0.0,0.0,0.0,0.0,rhymes rhyme
3394,stea,prefix,14,0,NOUN,,,0.929,0.071,0.0,0.0,0.0,0.0,0.0,0.0,0.0,0.0,0.0,0.0,0.0,0.0,0.0,steam steaming
3831,anx,prefix,14,0,NOUN,,,1.0,0.0,0.0,0.0,0.0,0.0,0.0,0.0,0.0,0.0,0.0,0.0,0.0,0.0,0.0,anxiety
1164,empt,prefix,12,0,NOUN,,,0.583,0.083,0.333,0.0,0.0,0.0,0.0,0.0,0.0,0.0,0.0,0.0,0.0,0.0,0.0,emptier emptied
1737,kit,prefix,12,4,NOUN,0.0,0.0,0.833,0.0,0.0,0.0,0.167,0.0,0.0,0.0,0.0,0.0,0.0,0.0,0.0,0.0,0.0,kitty kits
3238,distr,prefix,12,0,NOUN,,,0.917,0.0,0.083,0.0,0.0,0.0,0.0,0.0,0.0,0.0,0.0,0.0,0.0,0.0,0.0,distress distrust distrustful
3584,riverb,prefix,11,0,NOUN,,,0.818,0.0,0.0,0.0,0.182,0.0,0.0,0.0,0.0,0.0,0.0,0.0,0.0,0.0,0.0,riverbed riverbend
706,pow,prefix,10,0,NOUN,,,1.0,0.0,0.0,0.0,0.0,0.0,0.0,0.0,0.0,0.0,0.0,0.0,0.0,0.0,0.0,powder powders powdery
3896,tapest,prefix,10,0,NOUN,,,1.0,0.0,0.0,0.0,0.0,0.0,0.0,0.0,0.0,0.0,0.0,0.0,0.0,0.0,0.0,tapestries
43,l,prefix,9,0,NOUN,,,0.667,0.0,0.0,0.0,0.333,0.0,0.0,0.0,0.0,0.0,0.0,0.0,0.0,0.0,0.0,lyrics lyra
3220,sto,prefix,9,0,NOUN,,,1.0,0.0,0.0,0.0,0.0,0.0,0.0,0.0,0.0,0.0,0.0,0.0,0.0,0.0,0.0,stove stock stockings
3320,chees,prefix,9,0,NOUN,,,0.667,0.0,0.333,0.0,0.0,0.0,0.0,0.0,0.0,0.0,0.0,0.0,0.0,0.0,0.0,cheesy
3713,ancest,prefix,9,0,NOUN,,,1.0,0.0,0.0,0.0,0.0,0.0,0.0,0.0,0.0,0.0,0.0,0.0,0.0,0.0,0.0,ancestor
1296,fea,prefix,8,0,NOUN,,,1.0,0.0,0.0,0.0,0.0,0.0,0.0,0.0,0.0,0.0,0.0,0.0,0.0,0.0,0.0,feature features
1328,hur,prefix,7,0,NOUN,,,0.714,0.286,0.0,0.0,0.0,0.0,0.0,0.0,0.0,0.0,0.0,0.0,0.0,0.0,0.0,hurdle hurries hurdles
2155,ig,prefix,7,0,NOUN,,,1.0,0.0,0.0,0.0,0.0,0.0,0.0,0.0,0.0,0.0,0.0,0.0,0.0,0.0,0.0,iguana
2237,bran,prefix,7,0,NOUN,,,0.714,0.286,0.0,0.0,0.0,0.0,0.0,0.0,0.0,0.0,0.0,0.0,0.0,0.0,0.0,brand brandished
568,rit,prefix,6,0,NOUN,,,1.0,0.0,0.0,0.0,0.0,0.0,0.0,0.0,0.0,0.0,0.0,0.0,0.0,0.0,0.0,rituals
1914,soc,prefix,6,0,NOUN,,,0.667,0.0,0.167,0.0,0.167,0.0,0.0,0.0,0.0,0.0,0.0,0.0,0.0,0.0,0.0,societies socrates social
3160,nar,prefix,6,0,NOUN,,,0.833,0.167,0.0,0.0,0.0,0.0,0.0,0.0,0.0,0.0,0.0,0.0,0.0,0.0,0.0,narrator narrative narrated
3073,renew,prefix,5,0,NOUN,,,1.0,0.0,0.0,0.0,0.0,0.0,0.0,0.0,0.0,0.0,0.0,0.0,0.0,0.0,0.0,renewal renewing
3514,chick,prefix,5,0,NOUN,,,1.0,0.0,0.0,0.0,0.0,0.0,0.0,0.0,0.0,0.0,0.0,0.0,0.0,0.0,0.0,chicks
293,wan,prefix,4,0,NOUN,,,0.5,0.25,0.0,0.0,0.25,0.0,0.0,0.0,0.0,0.0,0.0,0.0,0.0,0.0,0.0,wane wanna waning
467,wal,prefix,4,0,NOUN,,,1.0,0.0,0.0,0.0,0.0,0.0,0.0,0.0,0.0,0.0,0.0,0.0,0.0,0.0,0.0,waltz walrus
1108,pir,prefix,4,0,NOUN,,,1.0,0.0,0.0,0.0,0.0,0.0,0.0,0.0,0.0,0.0,0.0,0.0,0.0,0.0,0.0,piracy pirouette
1416,chas,prefix,4,0,NOUN,,,1.0,0.0,0.0,0.0,0.0,0.0,0.0,0.0,0.0,0.0,0.0,0.0,0.0,0.0,0.0,chasm
1060,celebr,prefix,3,0,NOUN,,,1.0,0.0,0.0,0.0,0.0,0.0,0.0,0.0,0.0,0.0,0.0,0.0,0.0,0.0,0.0,celebrity celebrants
2584,merm,prefix,3,0,NOUN,,,1.0,0.0,0.0,0.0,0.0,0.0,0.0,0.0,0.0,0.0,0.0,0.0,0.0,0.0,0.0,merman mermen
3219,astron,prefix,3,0,NOUN,,,1.0,0.0,0.0,0.0,0.0,0.0,0.0,0.0,0.0,0.0,0.0,0.0,0.0,0.0,0.0,astronomy astronomer
153,fel,prefix,2,0,NOUN,,,1.0,0.0,0.0,0.0,0.0,0.0,0.0,0.0,0.0,0.0,0.0,0.0,0.0,0.0,0.0,feline
620,curi,prefix,2,0,NOUN,,,1.0,0.0,0.0,0.0,0.0,0.0,0.0,0.0,0.0,0.0,0.0,0.0,0.0,0.0,0.0,curiosities
659,bir,prefix,2,0,NOUN,,,1.0,0.0,0.0,0.0,0.0,0.0,0.0,0.0,0.0,0.0,0.0,0.0,0.0,0.0,0.0,biryani
1829,bas,prefix,2,0,NOUN,,,0.5,0.0,0.0,0.0,0.5,0.0,0.0,0.0,0.0,0.0,0.0,0.0,0.0,0.0,0.0,bash
2695,hol,prefix,2,0,NOUN,,,1.0,0.0,0.0,0.0,0.0,0.0,0.0,0.0,0.0,0.0,0.0,0.0,0.0,0.0,0.0,hologram holograms
2931,pudd,prefix,2,0,NOUN,,,1.0,0.0,0.0,0.0,0.0,0.0,0.0,0.0,0.0,0.0,0.0,0.0,0.0,0.0,0.0,pudding
3528,tel,prefix,2,0,NOUN,,,1.0,0.0,0.0,0.0,0.0,0.0,0.0,0.0,0.0,0.0,0.0,0.0,0.0,0.0,0.0,telephone
48,q,prefix,1,0,NOUN,,,1.0,0.0,0.0,0.0,0.0,0.0,0.0,0.0,0.0,0.0,0.0,0.0,0.0,0.0,0.0,qoo
1420,wel,prefix,1,0,NOUN,,,1.0,0.0,0.0,0.0,0.0,0.0,0.0,0.0,0.0,0.0,0.0,0.0,0.0,0.0,0.0,welding
2050,pear,prefix,1,0,NOUN,,,1.0,0.0,0.0,0.0,0.0,0.0,0.0,0.0,0.0,0.0,0.0,0.0,0.0,0.0,0.0,pears
2604,digg,prefix,1,0,NOUN,,,1.0,0.0,0.0,0.0,0.0,0.0,0.0,0.0,0.0,0.0,0.0,0.0,0.0,0.0,0.0,digger
3037,scen,prefix,1,0,NOUN,,,1.0,0.0,0.0,0.0,0.0,0.0,0.0,0.0,0.0,0.0,0.0,0.0,0.0,0.0,0.0,scenario
3583,spea,prefix,1,0,NOUN,,,1.0,0.0,0.0,0.0,0.0,0.0,0.0,0.0,0.0,0.0,0.0,0.0,0.0,0.0,0.0,spear
3588,conqu,prefix,1,0,NOUN,,,1.0,0.0,0.0,0.0,0.0,0.0,0.0,0.0,0.0,0.0,0.0,0.0,0.0,0.0,0.0,conquest
3614,pizz,prefix,1,0,NOUN,,,1.0,0.0,0.0,0.0,0.0,0.0,0.0,0.0,0.0,0.0,0.0,0.0,0.0,0.0,0.0,pizzeria
3743,clea,prefix,1,0,NOUN,,,1.0,0.0,0.0,0.0,0.0,0.0,0.0,0.0,0.0,0.0,0.0,0.0,0.0,0.0,0.0,cleats
2087,hun,prefix,13,0,NUM,,,0.0,0.385,0.0,0.0,0.0,0.0,0.0,0.0,0.0,0.0,0.0,0.0,0.615,0.0,0.0,hundred hunched
50,s,prefix,15792,2,PROPN,,,0.0,0.0,0.0,0.0,1.0,0.0,0.0,0.0,0.0,0.0,0.0,0.0,0.0,0.0,0.0,
57,z,prefix,321,0,PROPN,,,0.202,0.28,0.003,0.0,0.486,0.0,0.0,0.0,0.0,0.0,0.0,0.0,0.028,0.0,0.0,zipped zorp zog
3782,frost,prefix,142,41,PROPN,0.174,0.174,0.296,0.183,0.141,0.0,0.38,0.0,0.0,0.0,0.0,0.0,0.0,0.0,0.0,0.0,0.0,frosty frosting frostwood
1259,lu,prefix,122,0,PROPN,,,0.262,0.033,0.205,0.0,0.5,0.0,0.0,0.0,0.0,0.0,0.0,0.0,0.0,0.0,0.0,luna lump lullaby
3626,bud,prefix,120,11,PROPN,0.0,0.0,0.317,0.283,0.0,0.0,0.4,0.0,0.0,0.0,0.0,0.0,0.0,0.0,0.0,0.0,0.0,buddy budge buds
464,gi,prefix,94,0,PROPN,,,0.436,0.0,0.074,0.021,0.468,0.0,0.0,0.0,0.0,0.0,0.0,0.0,0.0,0.0,0.0,giraffe gigi gingerbread
2085,fluff,prefix,80,40,PROPN,0.829,0.829,0.062,0.225,0.087,0.0,0.625,0.0,0.0,0.0,0.0,0.0,0.0,0.0,0.0,0.0,0.0,flufferson fluffed fluffiest
343,wis,prefix,67,0,PROPN,,,0.06,0.0,0.403,0.015,0.522,0.0,0.0,0.0,0.0,0.0,0.0,0.0,0.0,0.0,0.0,wistfully wistful wisps
3634,ev,prefix,66,0,PROPN,,,0.273,0.091,0.015,0.0,0.621,0.0,0.0,0.0,0.0,0.0,0.0,0.0,0.0,0.0,0.0,eve evidence eva
2390,val,prefix,64,0,PROPN,,,0.016,0.0,0.0,0.031,0.953,0.0,0.0,0.0,0.0,0.0,0.0,0.0,0.0,0.0,0.0,valentine valoria valara
2719,eld,prefix,39,0,PROPN,,,0.0,0.0,0.0,0.0,1.0,0.0,0.0,0.0,0.0,0.0,0.0,0.0,0.0,0.0,0.0,eldoria
3696,glor,prefix,19,0,PROPN,,,0.105,0.0,0.421,0.0,0.474,0.0,0.0,0.0,0.0,0.0,0.0,0.0,0.0,0.0,0.0,glorp glorious glories
49,r,prefix,18,0,PROPN,,,0.2,0.0,0.0,0.0,0.8,0.0,0.0,0.0,0.0,0.0,0.0,0.0,0.0,0.0,0.0,rv ryndor
2929,woo,prefix,15,0,PROPN,,,0.133,0.0,0.0,0.0,0.867,0.0,0.0,0.0,0.0,0.0,0.0,0.0,0.0,0.0,0.0,woof woohoo wool
351,tim,prefix,14,0,PROPN,,,0.286,0.0,0.0,0.0,0.714,0.0,0.0,0.0,0.0,0.0,0.0,0.0,0.0,0.0,0.0,timmy timberwolves timing
1291,gigg,prefix,13,0,PROPN,,,0.077,0.0,0.0,0.308,0.615,0.0,0.0,0.0,0.0,0.0,0.0,0.0,0.0,0.0,0.0,giggly gigglygon
627,fir,prefix,7,0,PROPN,,,0.0,0.143,0.0,0.0,0.857,0.0,0.0,0.0,0.0,0.0,0.0,0.0,0.0,0.0,0.0,fira firing
606,tal,prefix,6,0,PROPN,,,0.167,0.0,0.0,0.0,0.833,0.0,0.0,0.0,0.0,0.0,0.0,0.0,0.0,0.0,0.0,talar talons
2502,fro,prefix,5,1,PROPN,,,0.0,0.4,0.2,0.0,0.4,0.0,0.0,0.0,0.0,0.0,0.0,0.0,0.0,0.0,0.0,frolic frolicking
37,f,prefix,3,1,PROPN,,,0.0,0.0,0.0,0.0,1.0,0.0,0.0,0.0,0.0,0.0,0.0,0.0,0.0,0.0,0.0,fsh
2285,saf,prefix,3,0,PROPN,,,0.333,0.0,0.0,0.0,0.667,0.0,0.0,0.0,0.0,0.0,0.0,0.0,0.0,0.0,0.0,saffron
722,pic,prefix,2,0,PROPN,,,0.0,0.0,0.0,0.0,1.0,0.0,0.0,0.0,0.0,0.0,0.0,0.0,0.0,0.0,0.0,picchu
1112,anim,prefix,2,0,PROPN,,,0.0,0.0,0.0,0.0,1.0,0.0,0.0,0.0,0.0,0.0,0.0,0.0,0.0,0.0,0.0,anima
1788,mach,prefix,2,0,PROPN,,,0.0,0.0,0.0,0.0,1.0,0.0,0.0,0.0,0.0,0.0,0.0,0.0,0.0,0.0,0.0,machu
2664,wiz,prefix,2,0,PROPN,,,0.0,0.0,0.0,0.0,1.0,0.0,0.0,0.0,0.0,0.0,0.0,0.0,0.0,0.0,0.0,wizz
1128,twink,prefix,1,0,PROPN,,,0.0,0.0,0.0,0.0,1.0,0.0,0.0,0.0,0.0,0.0,0.0,0.0,0.0,0.0,0.0,twinkly
585,bo,prefix,1134,0,VERB,,,0.399,0.434,0.132,0.0,0.035,0.0,0.0,0.0,0.0,0.0,0.0,0.0,0.0,0.0,0.0,bought boomed bored
633,re,prefix,626,2,VERB,,,0.375,0.625,0.0,0.0,0.0,0.0,0.0,0.0,0.0,0.0,0.0,0.0,0.0,0.0,0.0,rejoiced reunion reigned
54,w,prefix,592,0,VERB,,,0.284,0.542,0.13,0.015,0.029,0.0,0.0,0.0,0.0,0.0,0.0,0.0,0.0,0.0,0.0,wires wicked wiped
2013,rest,prefix,478,217,VERB,0.0,0.0,0.255,0.607,0.13,0.008,0.0,0.0,0.0,0.0,0.0,0.0,0.0,0.0,0.0,0.0,0.0,rested restless restore
508,bl,prefix,446,0,VERB,,,0.244,0.57,0.054,0.018,0.114,0.0,0.0,0.0,0.0,0.0,0.0,0.0,0.0,0.0,0.0,blast blind blinded
154,wh,prefix,419,0,VERB,,,0.368,0.432,0.093,0.024,0.084,0.0,0.0,0.0,0.0,0.0,0.0,0.0,0.0,0.0,0.0,whirred whiskers whimsical
649,ho,prefix,417,1,VERB,,,0.391,0.516,0.012,0.0,0.082,0.0,0.0,0.0,0.0,0.0,0.0,0.0,0.0,0.0,0.0,hooted host hovered
1486,rec,prefix,411,0,VERB,,,0.375,0.589,0.027,0.005,0.005,0.0,0.0,0.0,0.0,0.0,0.0,0.0,0.0,0.0,0.0,recipe reclaim recognized
243,ex,prefix,397,0,VERB,,,0.189,0.602,0.139,0.068,0.003,0.0,0.0,0.0,0.0,0.0,0.0,0.0,0.0,0.0,0.0,exist examined existed
3106,dar,prefix,358,0,VERB,,,0.036,0.799,0.12,0.042,0.003,0.0,0.0,0.0,0.0,0.0,0.0,0.0,0.0,0.0,0.0,darted dares dare
2184,ign,prefix,353,0,VERB,,,0.153,0.847,0.0,0.0,0.0,0.0,0.0,0.0,0.0,0.0,0.0,0.0,0.0,0.0,0.0,ignored ignited ignite
1323,ru,prefix,345,0,VERB,,,0.423,0.449,0.064,0.006,0.058,0.0,0.0,0.0,0.0,0.0,0.0,0.0,0.0,0.0,0.0,rule rubbed ruler
2496,sleep,prefix,345,157,VERB,0.0,0.0,0.264,0.487,0.243,0.003,0.003,0.0,0.0,0.0,0.0,0.0,0.0,0.0,0.0,0.0,0.0,sleeping sleepy sleeps
1594,dri,prefix,341,0,VERB,,,0.185,0.686,0.129,0.0,0.0,0.0,0.0,0.0,0.0,0.0,0.0,0.0,0.0,0.0,0.0,driven dripping dripped
623,dr,prefix,334,0,VERB,,,0.356,0.614,0.027,0.003,0.0,0.0,0.0,0.0,0.0,0.0,0.0,0.0,0.0,0.0,0.0,drove dread drowning
2766,tick,prefix,330,73,VERB,0.0,0.0,0.442,0.521,0.012,0.0,0.024,0.0,0.0,0.0,0.0,0.0,0.0,0.0,0.0,0.0,0.0,ticking tickle tickled
2966,sneak,prefix,305,101,VERB,0.0,0.0,0.016,0.702,0.22,0.003,0.059,0.0,0.0,0.0,0.0,0.0,0.0,0.0,0.0,0.0,0.0,sneaky sneaked sneaking
1915,rel,prefix,293,0,VERB,,,0.184,0.611,0.15,0.051,0.003,0.0,0.0,0.0,0.0,0.0,0.0,0.0,0.0,0.0,0.0,relieved relic relax
1639,cook,prefix,284,96,VERB,0.011,0.011,0.37,0.62,0.004,0.0,0.007,0.0,0.0,0.0,0.0,0.0,0.0,0.0,0.0,0.0,0.0,cooking cooked cooks
3153,si,prefix,284,0,VERB,,,0.261,0.345,0.042,0.028,0.067,0.0,0.0,0.0,0.0,0.0,0.0,0.25,0.007,0.0,0.0,since sipped sipping
796,wo,prefix,283,135,VERB,0.0,0.0,0.151,0.44,0.05,0.0,0.036,0.0,0.0,0.0,0.323,0.0,0.0,0.0,0.0,0.0,0.0,woven wobbled wobble
1547,capt,prefix,280,0,VERB,,,0.007,0.946,0.046,0.0,0.0,0.0,0.0,0.0,0.0,0.0,0.0,0.0,0.0,0.0,0.0,captivated captured capture
278,se,prefix,272,0,VERB,,,0.232,0.654,0.107,0.0,0.0,0.0,0.0,0.0,0.0,0.0,0.0,0.0,0.007,0.0,0.0,selling sell selves
1611,sli,prefix,271,0,VERB,,,0.232,0.406,0.063,0.262,0.037,0.0,0.0,0.0,0.0,0.0,0.0,0.0,0.0,0.0,0.0,slightly slid slice
2236,ser,prefix,271,0,VERB,,,0.38,0.48,0.026,0.0,0.114,0.0,0.0,0.0,0.0,0.0,0.0,0.0,0.0,0.0,0.0,serpent served serve
1225,squ,prefix,268,0,VERB,,,0.164,0.787,0.011,0.004,0.034,0.0,0.0,0.0,0.0,0.0,0.0,0.0,0.0,0.0,0.0,squeezed squawked squinted
341,sk,prefix,266,0,VERB,,,0.199,0.726,0.071,0.0,0.004,0.0,0.0,0.0,0.0,0.0,0.0,0.0,0.0,0.0,0.0,skipped skip skating
374,ad,prefix,265,1,VERB,,,0.445,0.487,0.053,0.0,0.015,0.0,0.0,0.0,0.0,0.0,0.0,0.0,0.0,0.0,0.0,adults advised adjusted
3686,count,prefix,264,60,VERB,0.0,0.0,0.367,0.545,0.087,0.0,0.0,0.0,0.0,0.0,0.0,0.0,0.0,0.0,0.0,0.0,0.0,counting counter counts
2883,inter,prefix,260,0,VERB,,,0.292,0.454,0.212,0.042,0.0,0.0,0.0,0.0,0.0,0.0,0.0,0.0,0.0,0.0,0.0,intertwined interest interrupted
774,tra,prefix,258,0,VERB,,,0.388,0.422,0.116,0.019,0.054,0.0,0.0,0.0,0.0,0.0,0.0,0.0,0.0,0.0,0.0,traced tragedy tragic
3375,fu,prefix,257,0,VERB,,,0.249,0.525,0.198,0.0,0.027,0.0,0.0,0.0,0.0,0.0,0.0,0.0,0.0,0.0,0.0,fueled fuel fuzzy
3000,throw,prefix,254,126,VERB,0.0,0.0,0.075,0.925,0.0,0.0,0.0,0.0,0.0,0.0,0.0,0.0,0.0,0.0,0.0,0.0,0.0,throwing thrown throws
3380,crumb,prefix,244,20,VERB,0.0,0.0,0.234,0.734,0.02,0.0,0.012,0.0,0.0,0.0,0.0,0.0,0.0,0.0,0.0,0.0,0.0,crumbling crumbled crumble
2528,def,prefix,237,0,VERB,,,0.245,0.713,0.013,0.017,0.013,0.0,0.0,0.0,0.0,0.0,0.0,0.0,0.0,0.0,0.0,defeat defend define
2382,awa,prefix,232,0,VERB,,,0.177,0.569,0.233,0.004,0.017,0.0,0.0,0.0,0.0,0.0,0.0,0.0,0.0,0.0,0.0,awakened awake awaits
412,reali,prefix,230,0,VERB,,,0.152,0.839,0.009,0.0,0.0,0.0,0.0,0.0,0.0,0.0,0.0,0.0,0.0,0.0,0.0,realizes realize realization
415,hop,prefix,230,90,VERB,0.0,0.0,0.126,0.804,0.0,0.0,0.07,0.0,0.0,0.0,0.0,0.0,0.0,0.0,0.0,0.0,0.0,hopping hops hopper
2996,perfor,prefix,229,0,VERB,,,0.45,0.55,0.0,0.0,0.0,0.0,0.0,0.0,0.0,0.0,0.0,0.0,0.0,0.0,0.0,performance perform performed
400,ta,prefix,227,3,VERB,,,0.41,0.41,0.119,0.026,0.035,0.0,0.0,0.0,0.0,0.0,0.0,0.0,0.0,0.0,0.0,tattered target taunted
3672,block,prefix,227,54,VERB,0.0,0.0,0.436,0.564,0.0,0.0,0.0,0.0,0.0,0.0,0.0,0.0,0.0,0.0,0.0,0.0,0.0,blocked blocks
3139,lur,prefix,223,0,VERB,,,0.094,0.861,0.0,0.0,0.045,0.0,0.0,0.0,0.0,0.0,0.0,0.0,0.0,0.0,0.0,lurked lurking lure
3731,pra,prefix,223,0,VERB,,,0.395,0.605,0.0,0.0,0.0,0.0,0.0,0.0,0.0,0.0,0.0,0.0,0.0,0.0,0.0,praised prank praise
2814,sket,prefix,222,0,VERB,,,0.437,0.563,0.0,0.0,0.0,0.0,0.0,0.0,0.0,0.0,0.0,0.0,0.0,0.0,0.0,sketched sketchbook sketching
2914,press,prefix,222,40,VERB,0.0,0.0,0.473,0.523,0.0,0.0,0.005,0.0,0.0,0.0,0.0,0.0,0.0,0.0,0.0,0.0,0.0,pressure pressing presses
1175,forg,prefix,221,0,VERB,,,0.357,0.638,0.005,0.0,0.0,0.0,0.0,0.0,0.0,0.0,0.0,0.0,0.0,0.0,0.0,forgiveness forgive forged
2252,sl,prefix,218,0,VERB,,,0.248,0.587,0.165,0.0,0.0,0.0,0.0,0.0,0.0,0.0,0.0,0.0,0.0,0.0,0.0,slept slammed sleek
2985,ins,prefix,217,0,VERB,,,0.12,0.793,0.078,0.0,0.009,0.0,0.0,0.0,0.0,0.0,0.0,0.0,0.0,0.0,0.0,insisted inserted inseparable
1832,prep,prefix,212,0,VERB,,,0.014,0.986,0.0,0.0,0.0,0.0,0.0,0.0,0.0,0.0,0.0,0.0,0.0,0.0,0.0,prepare preparing prepares
96,wa,prefix,210,0,VERB,,,0.119,0.776,0.024,0.0,0.081,0.0,0.0,0.0,0.0,0.0,0.0,0.0,0.0,0.0,0.0,waking waded wacky
2773,shr,prefix,210,0,VERB,,,0.319,0.648,0.024,0.0,0.01,0.0,0.0,0.0,0.0,0.0,0.0,0.0,0.0,0.0,0.0,shrank shrouded shrimp
2083,pee,prefix,208,0,VERB,,,0.139,0.856,0.0,0.0,0.005,0.0,0.0,0.0,0.0,0.0,0.0,0.0,0.0,0.0,0.0,peeking peering peek
1503,bur,prefix,207,0,VERB,,,0.169,0.826,0.005,0.0,0.0,0.0,0.0,0.0,0.0,0.0,0.0,0.0,0.0,0.0,0.0,burned burning burn
3017,fli,prefix,207,0,VERB,,,0.213,0.71,0.01,0.0,0.068,0.0,0.0,0.0,0.0,0.0,0.0,0.0,0.0,0.0,0.0,flies flitted flipping
704,ste,prefix,206,0,VERB,,,0.262,0.558,0.029,0.0,0.15,0.0,0.0,0.0,0.0,0.0,0.0,0.0,0.0,0.0,0.0,steer steered stegosaurus
3266,chat,prefix,201,28,VERB,0.0,0.0,0.323,0.642,0.035,0.0,0.0,0.0,0.0,0.0,0.0,0.0,0.0,0.0,0.0,0.0,0.0,chatted chatter chatting
582,app,prefix,196,9,VERB,0.0,0.0,0.49,0.51,0.0,0.0,0.0,0.0,0.0,0.0,0.0,0.0,0.0,0.0,0.0,0.0,0.0,applause appreciate appreciated
1387,mu,prefix,196,6,VERB,1.0,1.0,0.189,0.714,0.031,0.0,0.066,0.0,0.0,0.0,0.0,0.0,0.0,0.0,0.0,0.0,0.0,munching muttered munched
3054,tend,prefix,196,15,VERB,0.0,0.0,0.128,0.668,0.051,0.143,0.01,0.0,0.0,0.0,0.0,0.0,0.0,0.0,0.0,0.0,0.0,tended tending tender
830,expl,prefix,194,0,VERB,,,0.072,0.928,0.0,0.0,0.0,0.0,0.0,0.0,0.0,0.0,0.0,0.0,0.0,0.0,0.0,exploded explain explaining
3101,drift,prefix,194,76,VERB,0.0,0.0,0.247,0.753,0.0,0.0,0.0,0.0,0.0,0.0,0.0,0.0,0.0,0.0,0.0,0.0,0.0,drifting driftwood drifts
422,sw,prefix,190,0,VERB,,,0.437,0.447,0.068,0.0,0.047,0.0,0.0,0.0,0.0,0.0,0.0,0.0,0.0,0.0,0.0,sweat switch swan
1426,att,prefix,187,0,VERB,,,0.358,0.642,0.0,0.0,0.0,0.0,0.0,0.0,0.0,0.0,0.0,0.0,0.0,0.0,0.0,attack attempt attacking
248,fe,prefix,186,0,VERB,,,0.151,0.683,0.054,0.027,0.081,0.0,0.0,0.0,0.0,0.0,0.0,0.0,0.0,0.0,0.005,fed feeding feed
507,en,prefix,180,0,VERB,,,0.317,0.472,0.189,0.0,0.022,0.0,0.0,0.0,0.0,0.0,0.0,0.0,0.0,0.0,0.0,envy ensuring enormous
832,fi,prefix,180,3,VERB,1.0,1.0,0.233,0.328,0.028,0.0,0.106,0.0,0.0,0.0,0.0,0.0,0.0,0.0,0.306,0.0,0.0,five filtered files
3355,arg,prefix,179,0,VERB,,,0.24,0.76,0.0,0.0,0.0,0.0,0.0,0.0,0.0,0.0,0.0,0.0,0.0,0.0,0.0,argue arguing argument
1032,ben,prefix,178,9,VERB,1.0,1.0,0.067,0.775,0.056,0.0,0.101,0.0,0.0,0.0,0.0,0.0,0.0,0.0,0.0,0.0,0.0,bent bend bending
3327,desc,prefix,178,0,VERB,,,0.056,0.944,0.0,0.0,0.0,0.0,0.0,0.0,0.0,0.0,0.0,0.0,0.0,0.0,0.0,described descended describing
3286,encourag,prefix,175,0,VERB,,,0.4,0.583,0.017,0.0,0.0,0.0,0.0,0.0,0.0,0.0,0.0,0.0,0.0,0.0,0.0,encouraging encouragement encourage
3972,transform,prefix,174,50,VERB,0.0,0.0,0.42,0.58,0.0,0.0,0.0,0.0,0.0,0.0,0.0,0.0,0.0,0.0,0.0,0.0,0.0,transformation transforming transforms
695,rep,prefix,170,0,VERB,,,0.206,0.788,0.0,0.006,0.0,0.0,0.0,0.0,0.0,0.0,0.0,0.0,0.0,0.0,0.0,represented repaired repeated
223,lau,prefix,168,0,VERB,,,0.304,0.625,0.036,0.006,0.03,0.0,0.0,0.0,0.0,0.0,0.0,0.0,0.0,0.0,0.0,launched launch laundry
1786,conf,prefix,168,0,VERB,,,0.357,0.542,0.018,0.0,0.083,0.0,0.0,0.0,0.0,0.0,0.0,0.0,0.0,0.0,0.0,confessed conflict confetti
673,ac,prefix,165,0,VERB,,,0.188,0.727,0.085,0.0,0.0,0.0,0.0,0.0,0.0,0.0,0.0,0.0,0.0,0.0,0.0,achieve aching academic
3241,blend,prefix,164,52,VERB,0.0,0.0,0.098,0.902,0.0,0.0,0.0,0.0,0.0,0.0,0.0,0.0,0.0,0.0,0.0,0.0,0.0,blending blended blends
1840,aw,prefix,163,0,VERB,,,0.025,0.693,0.147,0.104,0.031,0.0,0.0,0.0,0.0,0.0,0.0,0.0,0.0,0.0,0.0,awoke awkward awkwardly
3866,distract,prefix,162,65,VERB,0.0,0.0,0.247,0.716,0.037,0.0,0.0,0.0,0.0,0.0,0.0,0.0,0.0,0.0,0.0,0.0,0.0,distracted distraction distractions
3467,brew,prefix,161,20,VERB,0.0,0.0,0.025,0.969,0.006,0.0,0.0,0.0,0.0,0.0,0.0,0.0,0.0,0.0,0.0,0.0,0.0,brewing brewed brews
3582,arri,prefix,161,0,VERB,,,0.224,0.77,0.006,0.0,0.0,0.0,0.0,0.0,0.0,0.0,0.0,0.0,0.0,0.0,0.0,arriving arrive arrives
3404,threat,prefix,160,41,VERB,0.0,0.0,0.275,0.681,0.044,0.0,0.0,0.0,0.0,0.0,0.0,0.0,0.0,0.0,0.0,0.0,0.0,threatened threatening threats
361,lea,prefix,159,0,VERB,,,0.101,0.421,0.415,0.019,0.044,0.0,0.0,0.0,0.0,0.0,0.0,0.0,0.0,0.0,0.0,least leaning lean
2549,char,prefix,159,0,VERB,,,0.497,0.503,0.0,0.0,0.0,0.0,0.0,0.0,0.0,0.0,0.0,0.0,0.0,0.0,0.0,charged charge chariot
3385,unfold,prefix,159,70,VERB,0.0,0.0,0.119,0.874,0.006,0.0,0.0,0.0,0.0,0.0,0.0,0.0,0.0,0.0,0.0,0.0,0.0,unfolded unfolding unfolds
3382,dod,prefix,157,0,VERB,,,0.019,0.962,0.019,0.0,0.0,0.0,0.0,0.0,0.0,0.0,0.0,0.0,0.0,0.0,0.0,dodging dodged dodge
2158,ob,prefix,156,0,VERB,,,0.34,0.436,0.205,0.013,0.006,0.0,0.0,0.0,0.0,0.0,0.0,0.0,0.0,0.0,0.0,obstacles obscure observing
3843,craft,prefix,153,31,VERB,0.0,0.0,0.288,0.693,0.013,0.0,0.007,0.0,0.0,0.0,0.0,0.0,0.0,0.0,0.0,0.0,0.0,crafted crafting crafts
3715,tip,prefix,149,11,VERB,0.0,0.0,0.396,0.597,0.0,0.0,0.007,0.0,0.0,0.0,0.0,0.0,0.0,0.0,0.0,0.0,0.0,tiptoed tips tipped
3526,hang,prefix,143,19,VERB,0.0,0.0,0.126,0.874,0.0,0.0,0.0,0.0,0.0,0.0,0.0,0.0,0.0,0.0,0.0,0.0,0.0,hanging hangs hangar
3602,express,prefix,142,57,VERB,0.0,0.0,0.408,0.592,0.0,0.0,0.0,0.0,0.0,0.0,0.0,0.0,0.0,0.0,0.0,0.0,0.0,expression expressing expressed
1449,spl,prefix,141,0,VERB,,,0.113,0.844,0.035,0.0,0.007,0.0,0.0,0.0,0.0,0.0,0.0,0.0,0.0,0.0,0.0,split splattered splat
3657,rebu,prefix,139,0,VERB,,,0.014,0.986,0.0,0.0,0.0,0.0,0.0,0.0,0.0,0.0,0.0,0.0,0.0,0.0,0.0,rebuild rebuilt rebuilding
1054,mus,prefix,138,0,VERB,,,0.355,0.638,0.0,0.0,0.007,0.0,0.0,0.0,0.0,0.0,0.0,0.0,0.0,0.0,0.0,mused museum muscles
2046,mel,prefix,137,0,VERB,,,0.08,0.686,0.168,0.0,0.066,0.0,0.0,0.0,0.0,0.0,0.0,0.0,0.0,0.0,0.0,melt melting mellow
3490,kis,prefix,137,0,VERB,,,0.423,0.577,0.0,0.0,0.0,0.0,0.0,0.0,0.0,0.0,0.0,0.0,0.0,0.0,0.0,kissed kiss kisses
928,inv,prefix,136,0,VERB,,,0.243,0.618,0.118,0.0,0.022,0.0,0.0,0.0,0.0,0.0,0.0,0.0,0.0,0.0,0.0,investigate invitation invincible
3707,glist,prefix,136,0,VERB,,,0.169,0.824,0.007,0.0,0.0,0.0,0.0,0.0,0.0,0.0,0.0,0.0,0.0,0.0,0.0,glistening glistened glisten
132,sh,prefix,134,0,VERB,,,0.075,0.821,0.03,0.0,0.075,0.0,0.0,0.0,0.0,0.0,0.0,0.0,0.0,0.0,0.0,shut shuffled shunned
1940,pour,prefix,134,30,VERB,0.0,0.0,0.03,0.97,0.0,0.0,0.0,0.0,0.0,0.0,0.0,0.0,0.0,0.0,0.0,0.0,0.0,pouring pours
3931,stri,prefix,132,0,VERB,,,0.311,0.523,0.159,0.008,0.0,0.0,0.0,0.0,0.0,0.0,0.0,0.0,0.0,0.0,0.0,strike strict striking
2800,uni,prefix,130,0,VERB,,,0.085,0.469,0.162,0.0,0.285,0.0,0.0,0.0,0.0,0.0,0.0,0.0,0.0,0.0,0.0,unite unison unimportant
2834,decor,prefix,130,0,VERB,,,0.492,0.508,0.0,0.0,0.0,0.0,0.0,0.0,0.0,0.0,0.0,0.0,0.0,0.0,0.0,decorations decorate decorating
3720,blur,prefix,129,39,VERB,0.0,0.0,0.194,0.698,0.093,0.0,0.016,0.0,0.0,0.0,0.0,0.0,0.0,0.0,0.0,0.0,0.0,blurred blurry blurted
1855,haun,prefix,127,0,VERB,,,0.079,0.811,0.087,0.024,0.0,0.0,0.0,0.0,0.0,0.0,0.0,0.0,0.0,0.0,0.0,haunting haunt haunts
1668,ref,prefix,125,0,VERB,,,0.176,0.648,0.168,0.0,0.008,0.0,0.0,0.0,0.0,0.0,0.0,0.0,0.0,0.0,0.0,refused refreshing refusing
3912,approach,prefix,124,39,VERB,0.0,0.0,0.105,0.887,0.0,0.0,0.008,0.0,0.0,0.0,0.0,0.0,0.0,0.0,0.0,0.0,0.0,approaching approaches
1166,gas,prefix,122,10,VERB,0.0,0.0,0.361,0.623,0.0,0.0,0.016,0.0,0.0,0.0,0.0,0.0,0.0,0.0,0.0,0.0,0.0,gasping gasps gasp
3915,illumin,prefix,122,0,VERB,,,0.033,0.959,0.0,0.0,0.008,0.0,0.0,0.0,0.0,0.0,0.0,0.0,0.0,0.0,0.0,illuminating illuminated illumination
1896,coll,prefix,121,0,VERB,,,0.446,0.554,0.0,0.0,0.0,0.0,0.0,0.0,0.0,0.0,0.0,0.0,0.0,0.0,0.0,collar collapsed collapse
3741,envel,prefix,121,0,VERB,,,0.314,0.678,0.0,0.0,0.008,0.0,0.0,0.0,0.0,0.0,0.0,0.0,0.0,0.0,0.0,enveloped envelope enveloping
1087,dra,prefix,119,0,VERB,,,0.067,0.664,0.101,0.168,0.0,0.0,0.0,0.0,0.0,0.0,0.0,0.0,0.0,0.0,0.0,drank dramatically draped
1589,spr,prefix,116,0,VERB,,,0.138,0.862,0.0,0.0,0.0,0.0,0.0,0.0,0.0,0.0,0.0,0.0,0.0,0.0,0.0,sprinted sprang spray
2452,recall,prefix,116,43,VERB,0.0,0.0,0.0,1.0,0.0,0.0,0.0,0.0,0.0,0.0,0.0,0.0,0.0,0.0,0.0,0.0,0.0,recalling recalls
3768,swall,prefix,116,0,VERB,,,0.0,1.0,0.0,0.0,0.0,0.0,0.0,0.0,0.0,0.0,0.0,0.0,0.0,0.0,0.0,swallowed swallow swallowing
2148,plea,prefix,113,10,VERB,0.0,0.0,0.168,0.673,0.142,0.018,0.0,0.0,0.0,0.0,0.0,0.0,0.0,0.0,0.0,0.0,0.0,pleaded pleading pleasant
3427,tap,prefix,113,14,VERB,0.0,0.0,0.265,0.735,0.0,0.0,0.0,0.0,0.0,0.0,0.0,0.0,0.0,0.0,0.0,0.0,0.0,tapping tapped tape
3664,beep,prefix,113,35,VERB,0.0,0.0,0.283,0.699,0.0,0.0,0.018,0.0,0.0,0.0,0.0,0.0,0.0,0.0,0.0,0.0,0.0,beeped beeping beeps
3987,aband,prefix,111,0,VERB,,,0.009,0.955,0.009,0.0,0.027,0.0,0.0,0.0,0.0,0.0,0.0,0.0,0.0,0.0,0.0,abandoned abandon abandonment
2944,squea,prefix,109,0,VERB,,,0.092,0.716,0.083,0.0,0.11,0.0,0.0,0.0,0.0,0.0,0.0,0.0,0.0,0.0,0.0,squealed squeaky squealing
3855,sniff,prefix,109,7,VERB,0.0,0.0,0.018,0.963,0.0,0.0,0.018,0.0,0.0,0.0,0.0,0.0,0.0,0.0,0.0,0.0,0.0,sniffed sniffing sniffled
528,clos,prefix,108,0,VERB,,,0.074,0.926,0.0,0.0,0.0,0.0,0.0,0.0,0.0,0.0,0.0,0.0,0.0,0.0,0.0,closing closure
3875,surv,prefix,108,0,VERB,,,0.194,0.796,0.009,0.0,0.0,0.0,0.0,0.0,0.0,0.0,0.0,0.0,0.0,0.0,0.0,survive survived survival
3829,incl,prefix,106,0,VERB,,,0.0,1.0,0.0,0.0,0.0,0.0,0.0,0.0,0.0,0.0,0.0,0.0,0.0,0.0,0.0,including included include
4008,relea,prefix,103,0,VERB,,,0.175,0.825,0.0,0.0,0.0,0.0,0.0,0.0,0.0,0.0,0.0,0.0,0.0,0.0,0.0,released release releasing
3906,nur,prefix,101,0,VERB,,,0.05,0.921,0.0,0.0,0.03,0.0,0.0,0.0,0.0,0.0,0.0,0.0,0.0,0.0,0.0,nurture nurturing nurtured
1308,rev,prefix,100,0,VERB,,,0.22,0.77,0.01,0.0,0.0,0.0,0.0,0.0,0.0,0.0,0.0,0.0,0.0,0.0,0.0,reverse revive reveled
2892,scar,prefix,100,5,VERB,0.0,0.0,0.34,0.36,0.3,0.0,0.0,0.0,0.0,0.0,0.0,0.0,0.0,0.0,0.0,0.0,0.0,scaring scars scariest
2990,clut,prefix,98,0,VERB,,,0.051,0.908,0.041,0.0,0.0,0.0,0.0,0.0,0.0,0.0,0.0,0.0,0.0,0.0,0.0,clutched cluttered clutch
597,ret,prefix,97,0,VERB,,,0.031,0.959,0.01,0.0,0.0,0.0,0.0,0.0,0.0,0.0,0.0,0.0,0.0,0.0,0.0,retrieve retraced retreated
2731,wander,prefix,97,45,VERB,0.0,0.0,0.433,0.526,0.0,0.0,0.041,0.0,0.0,0.0,0.0,0.0,0.0,0.0,0.0,0.0,0.0,wanderer wanders wanderers
2004,pound,prefix,96,20,VERB,0.0,0.0,0.198,0.802,0.0,0.0,0.0,0.0,0.0,0.0,0.0,0.0,0.0,0.0,0.0,0.0,0.0,pounded pounds
2401,mur,prefix,96,0,VERB,,,0.094,0.792,0.104,0.0,0.01,0.0,0.0,0.0,0.0,0.0,0.0,0.0,0.0,0.0,0.0,murmured murmurs murky
225,loo,prefix,93,0,VERB,,,0.226,0.376,0.366,0.032,0.0,0.0,0.0,0.0,0.0,0.0,0.0,0.0,0.0,0.0,0.0,loose looming loops
3880,sne,prefix,93,0,VERB,,,0.151,0.828,0.022,0.0,0.0,0.0,0.0,0.0,0.0,0.0,0.0,0.0,0.0,0.0,0.0,sneered sneer sneezed
3892,outsm,prefix,93,0,VERB,,,0.0,0.989,0.011,0.0,0.0,0.0,0.0,0.0,0.0,0.0,0.0,0.0,0.0,0.0,0.0,outsmart outsmarted outsmarting
1670,resp,prefix,91,0,VERB,,,0.022,0.978,0.0,0.0,0.0,0.0,0.0,0.0,0.0,0.0,0.0,0.0,0.0,0.0,0.0,responded respond responding
2351,chir,prefix,91,0,VERB,,,0.297,0.538,0.088,0.0,0.077,0.0,0.0,0.0,0.0,0.0,0.0,0.0,0.0,0.0,0.0,chirping chirp chirps
250,smi,prefix,89,0,VERB,,,0.393,0.596,0.0,0.0,0.011,0.0,0.0,0.0,0.0,0.0,0.0,0.0,0.0,0.0,0.0,smirked smirk smirking
3840,comb,prefix,89,11,VERB,0.0,0.0,0.112,0.876,0.011,0.0,0.0,0.0,0.0,0.0,0.0,0.0,0.0,0.0,0.0,0.0,0.0,combined combine combining
2234,bi,prefix,88,0,VERB,,,0.239,0.568,0.091,0.011,0.091,0.0,0.0,0.0,0.0,0.0,0.0,0.0,0.0,0.0,0.0,binding bind bizarre
3909,disc,prefix,88,1,VERB,,,0.102,0.898,0.0,0.0,0.0,0.0,0.0,0.0,0.0,0.0,0.0,0.0,0.0,0.0,0.0,discuss discussed discussing
1477,thri,prefix,87,0,VERB,,,0.161,0.747,0.092,0.0,0.0,0.0,0.0,0.0,0.0,0.0,0.0,0.0,0.0,0.0,0.0,thrive thriving thrives
1588,trans,prefix,87,0,VERB,,,0.046,0.908,0.046,0.0,0.0,0.0,0.0,0.0,0.0,0.0,0.0,0.0,0.0,0.0,0.0,transported transcended transcend
2347,stret,prefix,87,0,VERB,,,0.161,0.839,0.0,0.0,0.0,0.0,0.0,0.0,0.0,0.0,0.0,0.0,0.0,0.0,0.0,stretching stretch stretches
2398,zoom,prefix,87,36,VERB,0.219,0.25,0.138,0.724,0.011,0.0,0.126,0.0,0.0,0.0,0.0,0.0,0.0,0.0,0.0,0.0,0.0,zooming zooms
363,beg,prefix,86,2,VERB,,,0.0,1.0,0.0,0.0,0.0,0.0,0.0,0.0,0.0,0.0,0.0,0.0,0.0,0.0,0.0,begged begging begs
1822,pur,prefix,86,0,VERB,,,0.221,0.756,0.0,0.0,0.023,0.0,0.0,0.0,0.0,0.0,0.0,0.0,0.0,0.0,0.0,purred purring pursuit
1950,enc,prefix,84,0,VERB,,,0.262,0.738,0.0,0.0,0.0,0.0,0.0,0.0,0.0,0.0,0.0,0.0,0.0,0.0,0.0,encountered encounter encounters
2069,sum,prefix,84,0,VERB,,,0.25,0.75,0.0,0.0,0.0,0.0,0.0,0.0,0.0,0.0,0.0,0.0,0.0,0.0,0.0,summoned summit summoning
1873,van,prefix,83,1,VERB,,,0.169,0.819,0.0,0.0,0.012,0.0,0.0,0.0,0.0,0.0,0.0,0.0,0.0,0.0,0.0,vanish vanilla vanishing
2941,scrat,prefix,82,0,VERB,,,0.073,0.927,0.0,0.0,0.0,0.0,0.0,0.0,0.0,0.0,0.0,0.0,0.0,0.0,0.0,scratching scratch scratches
3925,stro,prefix,80,0,VERB,,,0.05,0.95,0.0,0.0,0.0,0.0,0.0,0.0,0.0,0.0,0.0,0.0,0.0,0.0,0.0,strolled stroll strode
1856,trad,prefix,79,0,VERB,,,0.19,0.81,0.0,0.0,0.0,0.0,0.0,0.0,0.0,0.0,0.0,0.0,0.0,0.0,0.0,trade traded trading
3203,plot,prefix,78,33,VERB,0.0,0.0,0.372,0.628,0.0,0.0,0.0,0.0,0.0,0.0,0.0,0.0,0.0,0.0,0.0,0.0,0.0,plotting plots
396,exc,prefix,77,0,VERB,,,0.039,0.636,0.026,0.0,0.0,0.0,0.0,0.0,0.0,0.0,0.0,0.299,0.0,0.0,0.0,excuse except exclaims
1771,jo,prefix,75,0,VERB,,,0.413,0.48,0.027,0.027,0.053,0.0,0.0,0.0,0.0,0.0,0.0,0.0,0.0,0.0,0.0,joking jolt jolly
2921,rece,prefix,74,0,VERB,,,0.23,0.635,0.068,0.068,0.0,0.0,0.0,0.0,0.0,0.0,0.0,0.0,0.0,0.0,0.0,receive recess receiving
3006,inspir,prefix,72,0,VERB,,,0.0,0.986,0.014,0.0,0.0,0.0,0.0,0.0,0.0,0.0,0.0,0.0,0.0,0.0,0.0,inspiring
1837,pract,prefix,71,0,VERB,,,0.0,1.0,0.0,0.0,0.0,0.0,0.0,0.0,0.0,0.0,0.0,0.0,0.0,0.0,0.0,practicing
2215,emerg,prefix,68,0,VERB,,,0.118,0.882,0.0,0.0,0.0,0.0,0.0,0.0,0.0,0.0,0.0,0.0,0.0,0.0,0.0,emerging emerge emergency
2881,deser,prefix,68,0,VERB,,,0.0,1.0,0.0,0.0,0.0,0.0,0.0,0.0,0.0,0.0,0.0,0.0,0.0,0.0,0.0,deserve deserves deserved
3248,wagg,prefix,68,0,VERB,,,0.147,0.853,0.0,0.0,0.0,0.0,0.0,0.0,0.0,0.0,0.0,0.0,0.0,0.0,0.0,wagging
2055,supp,prefix,67,0,VERB,,,0.134,0.866,0.0,0.0,0.0,0.0,0.0,0.0,0.0,0.0,0.0,0.0,0.0,0.0,0.0,supposed supply suppose
1808,adm,prefix,66,0,VERB,,,0.318,0.682,0.0,0.0,0.0,0.0,0.0,0.0,0.0,0.0,0.0,0.0,0.0,0.0,0.0,admiring admiration admit
1423,welc,prefix,65,0,VERB,,,0.0,0.815,0.185,0.0,0.0,0.0,0.0,0.0,0.0,0.0,0.0,0.0,0.0,0.0,0.0,welcoming
1618,pre,prefix,62,0,VERB,,,0.177,0.597,0.226,0.0,0.0,0.0,0.0,0.0,0.0,0.0,0.0,0.0,0.0,0.0,0.0,preferred prefer precision
2500,reg,prefix,62,0,VERB,,,0.032,0.452,0.403,0.113,0.0,0.0,0.0,0.0,0.0,0.0,0.0,0.0,0.0,0.0,0.0,regular regain regularly
588,bec,prefix,60,0,VERB,,,0.0,0.983,0.017,0.0,0.0,0.0,0.0,0.0,0.0,0.0,0.0,0.0,0.0,0.0,0.0,beckoned beckoning beckon
1190,per,prefix,59,0,VERB,,,0.237,0.729,0.017,0.0,0.017,0.0,0.0,0.0,0.0,0.0,0.0,0.0,0.0,0.0,0.0,perked perk perfume
1327,stre,prefix,59,0,VERB,,,0.288,0.661,0.051,0.0,0.0,0.0,0.0,0.0,0.0,0.0,0.0,0.0,0.0,0.0,0.0,streaked streak streaking
494,exp,prefix,58,0,VERB,,,0.241,0.707,0.052,0.0,0.0,0.0,0.0,0.0,0.0,0.0,0.0,0.0,0.0,0.0,0.0,expose exposed expanse
794,repli,prefix,58,0,VERB,,,0.207,0.793,0.0,0.0,0.0,0.0,0.0,0.0,0.0,0.0,0.0,0.0,0.0,0.0,0.0,replies
2227,choo,prefix,57,0,VERB,,,0.018,0.982,0.0,0.0,0.0,0.0,0.0,0.0,0.0,0.0,0.0,0.0,0.0,0.0,0.0,choosing
2409,ling,prefix,57,0,VERB,,,0.123,0.842,0.035,0.0,0.0,0.0,0.0,0.0,0.0,0.0,0.0,0.0,0.0,0.0,0.0,linger lingering lingers
1156,dist,prefix,56,0,VERB,,,0.018,0.964,0.018,0.0,0.0,0.0,0.0,0.0,0.0,0.0,0.0,0.0,0.0,0.0,0.0,disturb disturbed disturbance
1740,reflec,prefix,56,0,VERB,,,0.0,0.946,0.036,0.0,0.018,0.0,0.0,0.0,0.0,0.0,0.0,0.0,0.0,0.0,0.0,reflect reflects reflective
2784,unl,prefix,56,0,VERB,,,0.0,0.839,0.0,0.0,0.0,0.0,0.0,0.0,0.0,0.0,0.0,0.161,0.0,0.0,0.0,unleashed unleash unless
2762,yel,prefix,54,0,VERB,,,0.111,0.889,0.0,0.0,0.0,0.0,0.0,0.0,0.0,0.0,0.0,0.0,0.0,0.0,0.0,yells yelling yell
1871,tast,prefix,52,0,VERB,,,0.0,0.75,0.231,0.0,0.019,0.0,0.0,0.0,0.0,0.0,0.0,0.0,0.0,0.0,0.0,tasting tastiest tastic
1935,del,prefix,52,0,VERB,,,0.192,0.673,0.019,0.115,0.0,0.0,0.0,0.0,0.0,0.0,0.0,0.0,0.0,0.0,0.0,deliver delivered delivery
2191,ap,prefix,51,0,VERB,,,0.196,0.765,0.0,0.0,0.039,0.0,0.0,0.0,0.0,0.0,0.0,0.0,0.0,0.0,0.0,apologized apologize apron
1988,tremb,prefix,50,0,VERB,,,0.32,0.46,0.22,0.0,0.0,0.0,0.0,0.0,0.0,0.0,0.0,0.0,0.0,0.0,0.0,tremble trembles
2245,chuck,prefix,49,0,VERB,,,0.245,0.592,0.061,0.0,0.102,0.0,0.0,0.0,0.0,0.0,0.0,0.0,0.0,0.0,0.0,chuckling chuckle chuckles
2910,overc,prefix,49,0,VERB,,,0.0,0.939,0.02,0.0,0.041,0.0,0.0,0.0,0.0,0.0,0.0,0.0,0.0,0.0,0.0,overcoming overcame overcast
2627,dep,prefix,48,0,VERB,,,0.396,0.604,0.0,0.0,0.0,0.0,0.0,0.0,0.0,0.0,0.0,0.0,0.0,0.0,0.0,depth depended depending
2694,impr,prefix,48,0,VERB,,,0.021,0.938,0.042,0.0,0.0,0.0,0.0,0.0,0.0,0.0,0.0,0.0,0.0,0.0,0.0,improve improved improving
3137,greet,prefix,48,23,VERB,0.136,0.136,0.417,0.5,0.0,0.0,0.083,0.0,0.0,0.0,0.0,0.0,0.0,0.0,0.0,0.0,0.0,greetings greeting greets
3325,padd,prefix,47,0,VERB,,,0.298,0.702,0.0,0.0,0.0,0.0,0.0,0.0,0.0,0.0,0.0,0.0,0.0,0.0,0.0,paddling paddle paddleboarding
1455,confu,prefix,45,0,VERB,,,0.0,0.556,0.444,0.0,0.0,0.0,0.0,0.0,0.0,0.0,0.0,0.0,0.0,0.0,0.0,confusing confuse
1495,sor,prefix,44,0,VERB,,,0.318,0.5,0.182,0.0,0.0,0.0,0.0,0.0,0.0,0.0,0.0,0.0,0.0,0.0,0.0,sorted sorts sore
2974,stom,prefix,44,0,VERB,,,0.068,0.818,0.0,0.023,0.091,0.0,0.0,0.0,0.0,0.0,0.0,0.0,0.0,0.0,0.0,stomped stomp stomping
2639,repl,prefix,43,0,VERB,,,0.023,0.977,0.0,0.0,0.0,0.0,0.0,0.0,0.0,0.0,0.0,0.0,0.0,0.0,0.0,replace replacing replayed
917,spir,prefix,42,0,VERB,,,0.095,0.619,0.286,0.0,0.0,0.0,0.0,0.0,0.0,0.0,0.0,0.0,0.0,0.0,0.0,spiraled spiral spiraling
745,len,prefix,38,0,VERB,,,0.447,0.553,0.0,0.0,0.0,0.0,0.0,0.0,0.0,0.0,0.0,0.0,0.0,0.0,0.0,lend lens lenses
3193,craw,prefix,38,0,VERB,,,0.289,0.711,0.0,0.0,0.0,0.0,0.0,0.0,0.0,0.0,0.0,0.0,0.0,0.0,0.0,crawl crawling crawls
3322,mou,prefix,38,0,VERB,,,0.211,0.658,0.079,0.053,0.0,0.0,0.0,0.0,0.0,0.0,0.0,0.0,0.0,0.0,0.0,mourned mound mourn
2532,coo,prefix,37,1,VERB,,,0.243,0.757,0.0,0.0,0.0,0.0,0.0,0.0,0.0,0.0,0.0,0.0,0.0,0.0,0.0,cooperate coop cooperated
3401,dimm,prefix,34,0,VERB,,,0.382,0.618,0.0,0.0,0.0,0.0,0.0,0.0,0.0,0.0,0.0,0.0,0.0,0.0,0.0,dimming dimmer
3473,rew,prefix,34,0,VERB,,,0.294,0.676,0.029,0.0,0.0,0.0,0.0,0.0,0.0,0.0,0.0,0.0,0.0,0.0,0.0,rewrite rewind rewound
195,cl,prefix,33,0,VERB,,,0.364,0.606,0.03,0.0,0.0,0.0,0.0,0.0,0.0,0.0,0.0,0.0,0.0,0.0,0.0,clinked clinging clinking
886,drag,prefix,32,3,VERB,0.0,0.0,0.031,0.969,0.0,0.0,0.0,0.0,0.0,0.0,0.0,0.0,0.0,0.0,0.0,0.0,0.0,dragged dragging drags
1575,sugg,prefix,32,0,VERB,,,0.062,0.938,0.0,0.0,0.0,0.0,0.0,0.0,0.0,0.0,0.0,0.0,0.0,0.0,0.0,suggests suggest suggesting
1872,esc,prefix,30,0,VERB,,,0.1,0.9,0.0,0.0,0.0,0.0,0.0,0.0,0.0,0.0,0.0,0.0,0.0,0.0,0.0,escaping escalated
1613,cle,prefix,27,0,VERB,,,0.148,0.852,0.0,0.0,0.0,0.0,0.0,0.0,0.0,0.0,0.0,0.0,0.0,0.0,0.0,clenched clenching clerk
574,sec,prefix,26,0,VERB,,,0.423,0.423,0.115,0.038,0.0,0.0,0.0,0.0,0.0,0.0,0.0,0.0,0.0,0.0,0.0,secured secure security
2999,exch,prefix,26,0,VERB,,,0.5,0.5,0.0,0.0,0.0,0.0,0.0,0.0,0.0,0.0,0.0,0.0,0.0,0.0,0.0,exchange exchanging exchanges
2689,commun,prefix,24,0,VERB,,,0.208,0.75,0.0,0.0,0.042,0.0,0.0,0.0,0.0,0.0,0.0,0.0,0.0,0.0,0.0,communicate communicated communication
1820,decl,prefix,23,0,VERB,,,0.087,0.913,0.0,0.0,0.0,0.0,0.0,0.0,0.0,0.0,0.0,0.0,0.0,0.0,0.0,declares declare declaring
2638,vent,prefix,22,0,VERB,,,0.045,0.955,0.0,0.0,0.0,0.0,0.0,0.0,0.0,0.0,0.0,0.0,0.0,0.0,0.0,venture venturing ventures
548,sur,prefix,18,0,VERB,,,0.0,0.5,0.444,0.0,0.056,0.0,0.0,0.0,0.0,0.0,0.0,0.0,0.0,0.0,0.0,surreal surging surrender
1368,shap,prefix,18,0,VERB,,,0.0,1.0,0.0,0.0,0.0,0.0,0.0,0.0,0.0,0.0,0.0,0.0,0.0,0.0,0.0,shaping
2056,challeng,prefix,17,0,VERB,,,0.0,0.588,0.412,0.0,0.0,0.0,0.0,0.0,0.0,0.0,0.0,0.0,0.0,0.0,0.0,challenging
3468,outs,prefix,17,0,VERB,,,0.118,0.706,0.176,0.0,0.0,0.0,0.0,0.0,0.0,0.0,0.0,0.0,0.0,0.0,0.0,outshine outstretched outstanding
3550,pump,prefix,17,4,VERB,0.0,0.0,0.353,0.647,0.0,0.0,0.0,0.0,0.0,0.0,0.0,0.0,0.0,0.0,0.0,0.0,0.0,pumping pumped
2636,suc,prefix,16,0,VERB,,,0.0,1.0,0.0,0.0,0.0,0.0,0.0,0.0,0.0,0.0,0.0,0.0,0.0,0.0,0.0,sucked sucking succumb
861,bef,prefix,15,0,VERB,,,0.0,1.0,0.0,0.0,0.0,0.0,0.0,0.0,0.0,0.0,0.0,0.0,0.0,0.0,0.0,befriend befriended befall
1634,brid,prefix,15,0,VERB,,,0.467,0.533,0.0,0.0,0.0,0.0,0.0,0.0,0.0,0.0,0.0,0.0,0.0,0.0,0.0,bridging bride
1232,piec,prefix,14,0,VERB,,,0.0,1.0,0.0,0.0,0.0,0.0,0.0,0.0,0.0,0.0,0.0,0.0,0.0,0.0,0.0,piecing
1541,pict,prefix,14,0,VERB,,,0.0,1.0,0.0,0.0,0.0,0.0,0.0,0.0,0.0,0.0,0.0,0.0,0.0,0.0,0.0,picturing
2477,bask,prefix,14,1,VERB,,,0.0,1.0,0.0,0.0,0.0,0.0,0.0,0.0,0.0,0.0,0.0,0.0,0.0,0.0,0.0,basking basked basks
824,beh,prefix,13,0,VERB,,,0.308,0.385,0.0,0.0,0.308,0.0,0.0,0.0,0.0,0.0,0.0,0.0,0.0,0.0,0.0,behold behave behavior
3605,fre,prefix,13,0,VERB,,,0.154,0.538,0.077,0.231,0.0,0.0,0.0,0.0,0.0,0.0,0.0,0.0,0.0,0.0,0.0,fretted frequently frenzy
3754,bic,prefix,13,0,VERB,,,0.308,0.692,0.0,0.0,0.0,0.0,0.0,0.0,0.0,0.0,0.0,0.0,0.0,0.0,0.0,bickering bickered bicker
605,ali,prefix,12,0,VERB,,,0.083,0.583,0.0,0.333,0.0,0.0,0.0,0.0,0.0,0.0,0.0,0.0,0.0,0.0,0.0,aligned alike align
1505,contin,prefix,12,0,VERB,,,0.0,1.0,0.0,0.0,0.0,0.0,0.0,0.0,0.0,0.0,0.0,0.0,0.0,0.0,0.0,continuing
1040,ow,prefix,10,2,VERB,,,0.0,0.8,0.1,0.0,0.0,0.0,0.0,0.0,0.0,0.0,0.0,0.0,0.0,0.1,0.0,owe owed
3069,ren,prefix,10,0,VERB,,,0.3,0.7,0.0,0.0,0.0,0.0,0.0,0.0,0.0,0.0,0.0,0.0,0.0,0.0,0.0,rented rent render
2093,vibr,prefix,9,0,VERB,,,0.444,0.556,0.0,0.0,0.0,0.0,0.0,0.0,0.0,0.0,0.0,0.0,0.0,0.0,0.0,vibrating vibrations vibrate
3225,bust,prefix,9,0,VERB,,,0.333,0.556,0.0,0.0,0.111,0.0,0.0,0.0,0.0,0.0,0.0,0.0,0.0,0.0,0.0,bustled bustle buster
817,cour,prefix,8,0,VERB,,,0.0,1.0,0.0,0.0,0.0,0.0,0.0,0.0,0.0,0.0,0.0,0.0,0.0,0.0,0.0,coursing
1152,vis,prefix,8,0,VERB,,,0.25,0.75,0.0,0.0,0.0,0.0,0.0,0.0,0.0,0.0,0.0,0.0,0.0,0.0,0.0,visualizing visualized visibility
1705,prot,prefix,8,0,VERB,,,0.375,0.625,0.0,0.0,0.0,0.0,0.0,0.0,0.0,0.0,0.0,0.0,0.0,0.0,0.0,protested protest protocols
332,pr,prefix,6,0,VERB,,,0.0,1.0,0.0,0.0,0.0,0.0,0.0,0.0,0.0,0.0,0.0,0.0,0.0,0.0,0.0,prying pruned pry
1793,pres,prefix,6,0,VERB,,,0.167,0.833,0.0,0.0,0.0,0.0,0.0,0.0,0.0,0.0,0.0,0.0,0.0,0.0,0.0,preserving president preserve
726,prom,prefix,5,0,VERB,,,0.0,0.6,0.0,0.4,0.0,0.0,0.0,0.0,0.0,0.0,0.0,0.0,0.0,0.0,0.0,promptly prompted prompting
1691,energ,prefix,5,0,VERB,,,0.0,0.4,0.4,0.0,0.2,0.0,0.0,0.0,0.0,0.0,0.0,0.0,0.0,0.0,0.0,energized energetic
2103,puzz,prefix,5,0,VERB,,,0.0,0.6,0.2,0.2,0.0,0.0,0.0,0.0,0.0,0.0,0.0,0.0,0.0,0.0,0.0,puzzling puzzlingly
2498,writ,prefix,4,0,VERB,,,0.25,0.75,0.0,0.0,0.0,0.0,0.0,0.0,0.0,0.0,0.0,0.0,0.0,0.0,0.0,writhed writhing
2885,por,prefix,4,0,VERB,,,0.25,0.5,0.25,0.0,0.0,0.0,0.0,0.0,0.0,0.0,0.0,0.0,0.0,0.0,0.0,porcelain pored poring
3515,whist,prefix,3,0,VERB,,,0.0,1.0,0.0,0.0,0.0,0.0,0.0,0.0,0.0,0.0,0.0,0.0,0.0,0.0,0.0,whistling
613,brea,prefix,2,0,VERB,,,0.0,1.0,0.0,0.0,0.0,0.0,0.0,0.0,0.0,0.0,0.0,0.0,0.0,0.0,0.0,breached
1400,ed,prefix,2,0,VERB,,,0.5,0.5,0.0,0.0,0.0,0.0,0.0,0.0,0.0,0.0,0.0,0.0,0.0,0.0,0.0,edit education
1732,que,prefix,2,0,VERB,,,0.0,1.0,0.0,0.0,0.0,0.0,0.0,0.0,0.0,0.0,0.0,0.0,0.0,0.0,0.0,quenching quench
671,beauti,prefix,1,0,VERB,,,0.0,1.0,0.0,0.0,0.0,0.0,0.0,0.0,0.0,0.0,0.0,0.0,0.0,0.0,0.0,beautify
927,differ,prefix,1,0,VERB,,,0.0,1.0,0.0,0.0,0.0,0.0,0.0,0.0,0.0,0.0,0.0,0.0,0.0,0.0,0.0,differing
1274,insp,prefix,1,0,VERB,,,0.0,1.0,0.0,0.0,0.0,0.0,0.0,0.0,0.0,0.0,0.0,0.0,0.0,0.0,0.0,inspect
1281,deter,prefix,1,0,VERB,,,0.0,1.0,0.0,0.0,0.0,0.0,0.0,0.0,0.0,0.0,0.0,0.0,0.0,0.0,0.0,deterred
1283,determ,prefix,1,0,VERB,,,0.0,1.0,0.0,0.0,0.0,0.0,0.0,0.0,0.0,0.0,0.0,0.0,0.0,0.0,0.0,determine
1875,disapp,prefix,1,0,VERB,,,0.0,1.0,0.0,0.0,0.0,0.0,0.0,0.0,0.0,0.0,0.0,0.0,0.0,0.0,0.0,disapproved
1920,neigh,prefix,1,0,VERB,,,0.0,1.0,0.0,0.0,0.0,0.0,0.0,0.0,0.0,0.0,0.0,0.0,0.0,0.0,0.0,neighed
2071,butt,prefix,1,0,VERB,,,0.0,1.0,0.0,0.0,0.0,0.0,0.0,0.0,0.0,0.0,0.0,0.0,0.0,0.0,0.0,butted
2722,ridd,prefix,1,0,VERB,,,0.0,1.0,0.0,0.0,0.0,0.0,0.0,0.0,0.0,0.0,0.0,0.0,0.0,0.0,0.0,ridden
3329,warri,prefix,1,0,VERB,,,0.0,1.0,0.0,0.0,0.0,0.0,0.0,0.0,0.0,0.0,0.0,0.0,0.0,0.0,0.0,warring
3916,abo,prefix,1,0,VERB,,,0.0,1.0,0.0,0.0,0.0,0.0,0.0,0.0,0.0,0.0,0.0,0.0,0.0,0.0,0.0,abound
1597,didn,prefix,838,0,,,,,,,,,,,,,,,,,,,
1827,cannot,prefix,594,0,,,,,,,,,,,,,,,,,,,
2063,couldn,prefix,509,0,,,,,,,,,,,,,,,,,,,
3412,wasn,prefix,160,0,,,,,,,,,,,,,,,,,,,
3857,isn,prefix,118,0,,,,,,,,,,,,,,,,,,,
335,ey,prefix,0,0,,,,,,,,,,,,,,,,,,,
339,treas,prefix,0,0,,,,,,,,,,,,,,,,,,,
445,danc,prefix,0,0,,,,,,,,,,,,,,,,,,,
461,excit,prefix,0,0,,,,,,,,,,,,,,,,,,,
481,whisp,prefix,0,0,,,,,,,,,,,,,,,,,,,
483,wat,prefix,0,0,,,,,,,,,,,,,,,,,,,
562,vill,prefix,0,0,,,,,,,,,,,,,,,,,,,
684,underst,prefix,0,0,,,,,,,,,,,,,,,,,,,
708,mem,prefix,0,0,,,,,,,,,,,,,,,,,,,
810,belie,prefix,0,0,,,,,,,,,,,,,,,,,,,
856,gent,prefix,0,0,,,,,,,,,,,,,,,,,,,
1025,fad,prefix,0,0,,,,,,,,,,,,,,,,,,,
1052,conn,prefix,0,0,,,,,,,,,,,,,,,,,,,
1118,shimm,prefix,0,0,,,,,,,,,,,,,,,,,,,
1208,sig,prefix,0,0,,,,,,,,,,,,,,,,,,,
1270,cryst,prefix,0,0,,,,,,,,,,,,,,,,,,,
1306,mirr,prefix,0,0,,,,,,,,,,,,,,,,,,,
1360,butterf,prefix,0,0,,,,,,,,,,,,,,,,,,,
1394,gh,prefix,0,0,,,,,,,,,,,,,,,,,,,
1512,bes,prefix,0,0,,,,,,,,,,,,,,,,,,,
1676,embr,prefix,0,0,,,,,,,,,,,,,,,,,,,
1677,hig,prefix,0,0,,,,,,,,,,,,,,,,,,,
1718,hes,prefix,0,0,,,,,,,,,,,,,,,,,,,
1797,lar,prefix,0,0,,,,,,,,,,,,,,,,,,,
1823,ok,prefix,0,0,,,,,,,,,,,,,,,,,,,
1830,glimm,prefix,0,0,,,,,,,,,,,,,,,,,,,
1863,ur,prefix,0,0,,,,,,,,,,,,,,,,,,,
1905,tradit,prefix,0,0,,,,,,,,,,,,,,,,,,,
2045,tun,prefix,0,0,,,,,,,,,,,,,,,,,,,
2076,foc,prefix,0,0,,,,,,,,,,,,,,,,,,,
2105,trou,prefix,0,0,,,,,,,,,,,,,,,,,,,
2126,alm,prefix,0,0,,,,,,,,,,,,,,,,,,,
2167,contro,prefix,0,0,,,,,,,,,,,,,,,,,,,
2173,wid,prefix,0,0,,,,,,,,,,,,,,,,,,,
2179,flut,prefix,0,0,,,,,,,,,,,,,,,,,,,
2412,purp,prefix,0,0,,,,,,,,,,,,,,,,,,,
2499,confid,prefix,0,0,,,,,,,,,,,,,,,,,,,
2508,pock,prefix,0,0,,,,,,,,,,,,,,,,,,,
2596,bloss,prefix,0,0,,,,,,,,,,,,,,,,,,,
2655,virt,prefix,0,0,,,,,,,,,,,,,,,,,,,
2659,choco,prefix,0,0,,,,,,,,,,,,,,,,,,,
2665,chocol,prefix,0,0,,,,,,,,,,,,,,,,,,,
2906,grandf,prefix,0,0,,,,,,,,,,,,,,,,,,,
3033,bak,prefix,0,0,,,,,,,,,,,,,,,,,,,
3066,civ,prefix,0,0,,,,,,,,,,,,,,,,,,,
3067,civili,prefix,0,0,,,,,,,,,,,,,,,,,,,
3133,valu,prefix,0,0,,,,,,,,,,,,,,,,,,,
3292,penc,prefix,0,0,,,,,,,,,,,,,,,,,,,
3313,backp,prefix,0,0,,,,,,,,,,,,,,,,,,,
3336,racco,prefix,0,0,,,,,,,,,,,,,,,,,,,
3425,dir,prefix,0,0,,,,,,,,,,,,,,,,,,,
3477,torto,prefix,0,0,,,,,,,,,,,,,,,,,,,
3601,grat,prefix,0,0,,,,,,,,,,,,,,,,,,,
3606,grea,prefix,0,0,,,,,,,,,,,,,,,,,,,
3670,mush,prefix,0,0,,,,,,,,,,,,,,,,,,,
3769,weal,prefix,0,0,,,,,,,,,,,,,,,,,,,
3863,esp,prefix,0,0,,,,,,,,,,,,,,,,,,,
3878,umbr,prefix,0,0,,,,,,,,,,,,,,,,,,,
234,##est,suffix,1154,0,ADJ,,,0.271,0.113,0.578,0.01,0.028,0.0,0.0,0.0,0.0,0.0,0.0,0.0,0.0,0.0,0.0,highest fastest deepest
323,##ful,suffix,625,0,ADJ,,,0.107,0.0,0.864,0.0,0.029,0.0,0.0,0.0,0.0,0.0,0.0,0.0,0.0,0.0,0.0,thankful fateful resourcefulness
1850,##less,suffix,476,0,ADJ,,,0.17,0.006,0.687,0.128,0.008,0.0,0.0,0.0,0.0,0.0,0.0,0.0,0.0,0.0,0.0,breathless restless weightless
675,##ble,suffix,466,0,ADJ,,,0.262,0.285,0.41,0.0,0.043,0.0,0.0,0.0,0.0,0.0,0.0,0.0,0.0,0.0,0.0,terrible rumble rumbled
2152,##able,suffix,374,0,ADJ,,,0.281,0.005,0.714,0.0,0.0,0.0,0.0,0.0,0.0,0.0,0.0,0.0,0.0,0.0,0.0,vegetables unable unbreakable
377,##ous,suffix,325,0,ADJ,,,0.006,0.0,0.745,0.105,0.022,0.0,0.0,0.0,0.0,0.0,0.0,0.0,0.123,0.0,0.0,adventurous generous thousand
2170,##ier,suffix,278,0,ADJ,,,0.234,0.0,0.734,0.029,0.004,0.0,0.0,0.0,0.0,0.0,0.0,0.0,0.0,0.0,0.0,easier heavier soldiers
2770,##iest,suffix,252,0,ADJ,,,0.306,0.0,0.694,0.0,0.0,0.0,0.0,0.0,0.0,0.0,0.0,0.0,0.0,0.0,0.0,happiest funniest prettiest
972,##eet,suffix,225,0,ADJ,,,0.391,0.036,0.569,0.0,0.004,0.0,0.0,0.0,0.0,0.0,0.0,0.0,0.0,0.0,0.0,teeth bittersweet fleeting
2760,##ky,suffix,185,0,ADJ,,,0.146,0.0,0.595,0.0,0.259,0.0,0.0,0.0,0.0,0.0,0.0,0.0,0.0,0.0,0.0,risky creaky squeaky
2160,##ual,suffix,181,0,ADJ,,,0.066,0.033,0.884,0.006,0.011,0.0,0.0,0.0,0.0,0.0,0.0,0.0,0.0,0.0,0.0,unusual annual usual
522,##ook,suffix,166,0,ADJ,,,0.265,0.205,0.41,0.018,0.102,0.0,0.0,0.0,0.0,0.0,0.0,0.0,0.0,0.0,0.0,spooky brook crooked
3303,##iant,suffix,161,0,ADJ,,,0.019,0.0,0.919,0.043,0.019,0.0,0.0,0.0,0.0,0.0,0.0,0.0,0.0,0.0,0.0,radiant brilliant defiantly
1431,##ious,suffix,158,0,ADJ,,,0.0,0.0,0.835,0.152,0.013,0.0,0.0,0.0,0.0,0.0,0.0,0.0,0.0,0.0,0.0,furious contagious infectious
3599,##ical,suffix,132,0,ADJ,,,0.03,0.0,0.955,0.0,0.015,0.0,0.0,0.0,0.0,0.0,0.0,0.0,0.0,0.0,0.0,mystical whimsical skeptical
173,##ag,suffix,114,0,ADJ,,,0.254,0.325,0.404,0.0,0.018,0.0,0.0,0.0,0.0,0.0,0.0,0.0,0.0,0.0,0.0,contagious spaghetti nagging
2517,##ssed,suffix,114,0,ADJ,,,0.0,0.167,0.816,0.0,0.018,0.0,0.0,0.0,0.0,0.0,0.0,0.0,0.0,0.0,0.0,embarrassed blessed obsessed
2213,##set,suffix,110,0,ADJ,,,0.0,0.118,0.845,0.0,0.036,0.0,0.0,0.0,0.0,0.0,0.0,0.0,0.0,0.0,0.0,upset
3811,##zzy,suffix,105,0,ADJ,,,0.0,0.01,0.933,0.0,0.057,0.0,0.0,0.0,0.0,0.0,0.0,0.0,0.0,0.0,0.0,dizzy fuzzy dizzying
2175,##zy,suffix,101,0,ADJ,,,0.02,0.0,0.871,0.0,0.109,0.0,0.0,0.0,0.0,0.0,0.0,0.0,0.0,0.0,0.0,crazy lazy hazy
3341,##my,suffix,95,0,ADJ,,,0.168,0.0,0.589,0.0,0.242,0.0,0.0,0.0,0.0,0.0,0.0,0.0,0.0,0.0,0.0,gummy army timmy
3107,##ource,suffix,92,0,ADJ,,,0.38,0.0,0.446,0.0,0.174,0.0,0.0,0.0,0.0,0.0,0.0,0.0,0.0,0.0,0.0,resourcefulness resourceful resources
472,##isp,suffix,90,0,ADJ,,,0.011,0.0,0.956,0.0,0.033,0.0,0.0,0.0,0.0,0.0,0.0,0.0,0.0,0.0,0.0,crisp crispy crispier
90,##ou,suffix,80,0,ADJ,,,0.075,0.425,0.487,0.013,0.0,0.0,0.0,0.0,0.0,0.0,0.0,0.0,0.0,0.0,0.0,untouched crouched crouching
1939,##icked,suffix,79,0,ADJ,,,0.051,0.013,0.848,0.076,0.013,0.0,0.0,0.0,0.0,0.0,0.0,0.0,0.0,0.0,0.0,wicked wickedly wickedness
1260,##sw,suffix,71,0,ADJ,,,0.0,0.07,0.887,0.0,0.042,0.0,0.0,0.0,0.0,0.0,0.0,0.0,0.0,0.0,0.0,bittersweet brightsway
373,##amed,suffix,66,0,ADJ,,,0.03,0.167,0.803,0.0,0.0,0.0,0.0,0.0,0.0,0.0,0.0,0.0,0.0,0.0,0.0,ashamed blamed untamed
1266,##ible,suffix,57,0,ADJ,,,0.018,0.0,0.982,0.0,0.0,0.0,0.0,0.0,0.0,0.0,0.0,0.0,0.0,0.0,0.0,impossible tangible flexible
1531,##vous,suffix,55,0,ADJ,,,0.0,0.0,0.891,0.091,0.018,0.0,0.0,0.0,0.0,0.0,0.0,0.0,0.0,0.0,0.0,mischievous mischievously
862,##oss,suffix,50,0,ADJ,,,0.0,0.0,1.0,0.0,0.0,0.0,0.0,0.0,0.0,0.0,0.0,0.0,0.0,0.0,0.0,impossible gross
1458,##oken,suffix,50,0,ADJ,,,0.0,0.1,0.9,0.0,0.0,0.0,0.0,0.0,0.0,0.0,0.0,0.0,0.0,0.0,0.0,unspoken unbroken awoken
1672,##fect,suffix,46,0,ADJ,,,0.174,0.261,0.543,0.0,0.022,0.0,0.0,0.0,0.0,0.0,0.0,0.0,0.0,0.0,0.0,infectious affected imperfect
176,##oy,suffix,45,0,ADJ,,,0.2,0.222,0.533,0.044,0.0,0.0,0.0,0.0,0.0,0.0,0.0,0.0,0.0,0.0,0.0,annoyed ahoy annoyance
220,##rou,suffix,41,0,ADJ,,,0.0,0.024,0.878,0.098,0.0,0.0,0.0,0.0,0.0,0.0,0.0,0.0,0.0,0.0,0.0,wondrous wondrously monstrous
1364,##eak,suffix,41,0,ADJ,,,0.024,0.0,0.927,0.0,0.049,0.0,0.0,0.0,0.0,0.0,0.0,0.0,0.0,0.0,0.0,unbreakable shadowpeak tweaks
2042,##lse,suffix,41,0,ADJ,,,0.0,0.0,1.0,0.0,0.0,0.0,0.0,0.0,0.0,0.0,0.0,0.0,0.0,0.0,0.0,false
1446,##lies,suffix,40,0,ADJ,,,0.375,0.025,0.55,0.0,0.05,0.0,0.0,0.0,0.0,0.0,0.0,0.0,0.0,0.0,0.0,silliest dragonflies lilies
3854,##ummy,suffix,39,0,ADJ,,,0.282,0.0,0.718,0.0,0.0,0.0,0.0,0.0,0.0,0.0,0.0,0.0,0.0,0.0,0.0,yummy tummy
3222,##inary,suffix,34,0,ADJ,,,0.0,0.0,1.0,0.0,0.0,0.0,0.0,0.0,0.0,0.0,0.0,0.0,0.0,0.0,0.0,imaginary extraordinary
1523,##ested,suffix,31,0,ADJ,,,0.0,0.097,0.903,0.0,0.0,0.0,0.0,0.0,0.0,0.0,0.0,0.0,0.0,0.0,0.0,interested protested uninterested
437,##ean,suffix,26,0,ADJ,,,0.385,0.0,0.615,0.0,0.0,0.0,0.0,0.0,0.0,0.0,0.0,0.0,0.0,0.0,0.0,subterranean vengeance demeanor
143,##rea,suffix,25,0,ADJ,,,0.12,0.12,0.64,0.0,0.12,0.0,0.0,0.0,0.0,0.0,0.0,0.0,0.0,0.0,0.0,surreal heartbreak unreal
215,##low,suffix,24,0,ADJ,,,0.042,0.083,0.5,0.0,0.375,0.0,0.0,0.0,0.0,0.0,0.0,0.0,0.0,0.0,0.0,mellow aglow goldenglow
1391,##anc,suffix,22,0,ADJ,,,0.045,0.273,0.545,0.0,0.136,0.0,0.0,0.0,0.0,0.0,0.0,0.0,0.0,0.0,0.0,melancholy balancing melancholic
160,##ound,suffix,20,0,ADJ,,,0.45,0.05,0.5,0.0,0.0,0.0,0.0,0.0,0.0,0.0,0.0,0.0,0.0,0.0,0.0,astounding rewound rebounded
2441,##found,suffix,15,0,ADJ,,,0.0,0.0,1.0,0.0,0.0,0.0,0.0,0.0,0.0,0.0,0.0,0.0,0.0,0.0,0.0,profound
1028,##ote,suffix,13,0,ADJ,,,0.385,0.077,0.538,0.0,0.0,0.0,0.0,0.0,0.0,0.0,0.0,0.0,0.0,0.0,0.0,remote promote
371,##lex,suffix,11,0,ADJ,,,0.273,0.0,0.727,0.0,0.0,0.0,0.0,0.0,0.0,0.0,0.0,0.0,0.0,0.0,0.0,complex reflexes complexity
1228,##read,suffix,10,0,ADJ,,,0.1,0.2,0.7,0.0,0.0,0.0,0.0,0.0,0.0,0.0,0.0,0.0,0.0,0.0,0.0,unreadable misread unread
2361,##iff,suffix,10,0,ADJ,,,0.3,0.1,0.6,0.0,0.0,0.0,0.0,0.0,0.0,0.0,0.0,0.0,0.0,0.0,0.0,indifferent stiff indifference
1651,##raid,suffix,6,0,ADJ,,,0.0,0.0,1.0,0.0,0.0,0.0,0.0,0.0,0.0,0.0,0.0,0.0,0.0,0.0,0.0,unafraid
2567,##aid,suffix,6,0,ADJ,,,0.0,0.167,0.667,0.0,0.167,0.0,0.0,0.0,0.0,0.0,0.0,0.0,0.0,0.0,0.0,unsaid naidoc
3517,##lier,suffix,6,0,ADJ,,,0.333,0.0,0.667,0.0,0.0,0.0,0.0,0.0,0.0,0.0,0.0,0.0,0.0,0.0,0.0,sillier friendlier
1751,##eal,suffix,5,0,ADJ,,,0.0,0.0,1.0,0.0,0.0,0.0,0.0,0.0,0.0,0.0,0.0,0.0,0.0,0.0,0.0,ethereal
2951,##away,suffix,5,0,ADJ,,,0.2,0.0,0.8,0.0,0.0,0.0,0.0,0.0,0.0,0.0,0.0,0.0,0.0,0.0,0.0,runaway getaway
2887,##anged,suffix,3,0,ADJ,,,0.0,0.0,1.0,0.0,0.0,0.0,0.0,0.0,0.0,0.0,0.0,0.0,0.0,0.0,0.0,unchanged
2956,##iliar,suffix,3,0,ADJ,,,0.0,0.0,1.0,0.0,0.0,0.0,0.0,0.0,0.0,0.0,0.0,0.0,0.0,0.0,0.0,unfamiliar
833,##xt,suffix,2,0,ADJ,,,0.0,0.0,1.0,0.0,0.0,0.0,0.0,0.0,0.0,0.0,0.0,0.0,0.0,0.0,0.0,sixth
2583,##more,suffix,2,0,ADJ,,,0.0,0.0,1.0,0.0,0.0,0.0,0.0,0.0,0.0,0.0,0.0,0.0,0.0,0.0,0.0,armored
3790,##itar,suffix,2,0,ADJ,,,0.0,0.0,1.0,0.0,0.0,0.0,0.0,0.0,0.0,0.0,0.0,0.0,0.0,0.0,0.0,solitary
1607,##anted,suffix,1,0,ADJ,,,0.0,0.0,1.0,0.0,0.0,0.0,0.0,0.0,0.0,0.0,0.0,0.0,0.0,0.0,0.0,unwanted
329,##side,suffix,102,0,ADP,,,0.069,0.0,0.01,0.431,0.01,0.0,0.0,0.48,0.0,0.0,0.0,0.0,0.0,0.0,0.0,alongside upside bedside
1169,##eath,suffix,94,0,ADP,,,0.011,0.0,0.0,0.17,0.096,0.0,0.0,0.723,0.0,0.0,0.0,0.0,0.0,0.0,0.0,underneath firebreath
145,##ly,suffix,3399,0,ADV,,,0.039,0.001,0.067,0.867,0.026,0.0,0.0,0.0,0.0,0.0,0.0,0.0,0.0,0.0,0.0,nervously warmly firefly
713,##ily,suffix,420,0,ADV,,,0.002,0.0,0.06,0.89,0.048,0.0,0.0,0.0,0.0,0.0,0.0,0.0,0.0,0.0,0.0,heavily easily lazily
783,##ward,suffix,191,0,ADV,,,0.063,0.005,0.099,0.827,0.005,0.0,0.0,0.0,0.0,0.0,0.0,0.0,0.0,0.0,0.0,backward afterward awkward
3973,##time,suffix,182,0,ADV,,,0.407,0.0,0.038,0.527,0.027,0.0,0.0,0.0,0.0,0.0,0.0,0.0,0.0,0.0,0.0,anytime lifetime bedtime
654,##ely,suffix,157,0,ADV,,,0.0,0.0,0.0,1.0,0.0,0.0,0.0,0.0,0.0,0.0,0.0,0.0,0.0,0.0,0.0,barely completely merely
121,##ght,suffix,155,0,ADV,,,0.252,0.0,0.058,0.49,0.077,0.0,0.0,0.0,0.0,0.0,0.0,0.0,0.0,0.123,0.0,slightly twilight alright
325,##ther,suffix,144,0,ADV,,,0.042,0.118,0.056,0.535,0.028,0.0,0.0,0.0,0.0,0.0,0.0,0.222,0.0,0.0,0.0,rather whether farther
644,##ile,suffix,138,0,ADV,,,0.29,0.0,0.072,0.572,0.065,0.0,0.0,0.0,0.0,0.0,0.0,0.0,0.0,0.0,0.0,meanwhile miles pitiless
3780,##rupt,suffix,125,0,ADV,,,0.072,0.184,0.04,0.704,0.0,0.0,0.0,0.0,0.0,0.0,0.0,0.0,0.0,0.0,0.0,abruptly erupt erupts
1117,##fully,suffix,110,0,ADV,,,0.0,0.0,0.0,0.682,0.318,0.0,0.0,0.0,0.0,0.0,0.0,0.0,0.0,0.0,0.0,wistfully thoughtfully delightfully
3077,##ually,suffix,104,0,ADV,,,0.0,0.0,0.0,1.0,0.0,0.0,0.0,0.0,0.0,0.0,0.0,0.0,0.0,0.0,0.0,gradually actually usually
669,##ally,suffix,102,0,ADV,,,0.0,0.0,0.0,1.0,0.0,0.0,0.0,0.0,0.0,0.0,0.0,0.0,0.0,0.0,0.0,accidentally occasionally equally
4007,##ident,suffix,98,0,ADV,,,0.408,0.0,0.01,0.582,0.0,0.0,0.0,0.0,0.0,0.0,0.0,0.0,0.0,0.0,0.0,accidentally accident residents
1593,##head,suffix,86,0,ADV,,,0.14,0.0,0.012,0.837,0.012,0.0,0.0,0.0,0.0,0.0,0.0,0.0,0.0,0.0,0.0,overhead forehead sleepyhead
423,##ew,suffix,83,0,ADV,,,0.253,0.012,0.012,0.59,0.12,0.0,0.0,0.0,0.0,0.0,0.0,0.0,0.0,0.012,0.0,anew farewell phew
3751,##ently,suffix,83,0,ADV,,,0.0,0.0,0.0,1.0,0.0,0.0,0.0,0.0,0.0,0.0,0.0,0.0,0.0,0.0,0.0,intently violently contently
3068,##ically,suffix,62,0,ADV,,,0.0,0.0,0.0,0.952,0.048,0.0,0.0,0.0,0.0,0.0,0.0,0.0,0.0,0.0,0.0,dramatically frantically whimsically
3083,##eed,suffix,36,0,ADV,,,0.028,0.0,0.028,0.944,0.0,0.0,0.0,0.0,0.0,0.0,0.0,0.0,0.0,0.0,0.0,indeed tumbleweed unneeded
3724,##airs,suffix,26,0,ADV,,,0.423,0.0,0.038,0.538,0.0,0.0,0.0,0.0,0.0,0.0,0.0,0.0,0.0,0.0,0.0,downstairs repairs upstairs
2200,##night,suffix,16,0,ADV,,,0.188,0.0,0.0,0.5,0.312,0.0,0.0,0.0,0.0,0.0,0.0,0.0,0.0,0.0,0.0,overnight goodnight evernight
429,##vent,suffix,8,0,ADV,,,0.0,0.125,0.25,0.625,0.0,0.0,0.0,0.0,0.0,0.0,0.0,0.0,0.0,0.0,0.0,fervently seventh preventing
1322,##where,suffix,7,0,ADV,,,0.0,0.0,0.0,1.0,0.0,0.0,0.0,0.0,0.0,0.0,0.0,0.0,0.0,0.0,0.0,elsewhere
2136,##exp,suffix,4,0,ADV,,,0.0,0.0,0.25,0.75,0.0,0.0,0.0,0.0,0.0,0.0,0.0,0.0,0.0,0.0,0.0,inexplicably inexplicable
3833,##ially,suffix,4,0,ADV,,,0.0,0.0,0.0,1.0,0.0,0.0,0.0,0.0,0.0,0.0,0.0,0.0,0.0,0.0,0.0,partially quintessentially
1016,##dom,suffix,3,0,ADV,,,0.0,0.0,0.333,0.667,0.0,0.0,0.0,0.0,0.0,0.0,0.0,0.0,0.0,0.0,0.0,randomly random
3578,##eless,suffix,2,0,ADV,,,0.0,0.0,0.0,1.0,0.0,0.0,0.0,0.0,0.0,0.0,0.0,0.0,0.0,0.0,0.0,nevertheless nonetheless
60,##s,suffix,21356,0,NOUN,,,0.783,0.184,0.011,0.003,0.017,0.002,0.0,0.0,0.0,0.0,0.0,0.0,0.0,0.0,0.0,socks tunnels truths
58,##e,suffix,4543,0,NOUN,,,0.601,0.216,0.114,0.005,0.056,0.0,0.0,0.0,0.0,0.0,0.0,0.0,0.002,0.006,0.0,squeezed glee fine
66,##n,suffix,4188,0,NOUN,,,0.51,0.264,0.107,0.016,0.067,0.0,0.0,0.017,0.0,0.0,0.0,0.018,0.0,0.0,0.0,barn underneath magnificent
63,##t,suffix,3947,0,NOUN,,,0.49,0.253,0.163,0.026,0.068,0.0,0.0,0.0,0.0,0.0,0.0,0.0,0.0,0.0,0.0,cart bent heat
59,##y,suffix,3803,0,NOUN,,,0.382,0.078,0.381,0.032,0.119,0.0,0.0,0.0,0.0,0.0,0.0,0.0,0.008,0.0,0.0,spooky sneaky sleepy
87,##er,suffix,3622,0,NOUN,,,0.596,0.077,0.242,0.036,0.047,0.0,0.0,0.0,0.0,0.0,0.0,0.0,0.002,0.0,0.0,sorcerer eerie shoulder
76,##m,suffix,2685,0,NOUN,,,0.638,0.146,0.116,0.015,0.076,0.003,0.0,0.0,0.0,0.0,0.0,0.0,0.0,0.007,0.0,arm normal lemonade
64,##r,suffix,2543,0,NOUN,,,0.596,0.147,0.133,0.033,0.087,0.0,0.0,0.0,0.0,0.0,0.002,0.0,0.0,0.002,0.0,writer normal wider
67,##p,suffix,2323,0,NOUN,,,0.694,0.149,0.076,0.01,0.068,0.0,0.0,0.0,0.0,0.0,0.0,0.0,0.0,0.001,0.0,grip rope serpent
98,##es,suffix,2016,0,NOUN,,,0.698,0.29,0.002,0.0,0.01,0.0,0.0,0.0,0.0,0.0,0.0,0.0,0.0,0.0,0.0,glances watches brushes
69,##h,suffix,1673,0,NOUN,,,0.574,0.073,0.09,0.091,0.099,0.0,0.0,0.0,0.0,0.0,0.0,0.0,0.0,0.073,0.0,vehicle teeth math
68,##o,suffix,1671,0,NOUN,,,0.594,0.253,0.014,0.001,0.132,0.0,0.0,0.0,0.0,0.0,0.0,0.0,0.005,0.001,0.001,photo globe exploded
75,##g,suffix,1529,0,NOUN,,,0.595,0.14,0.109,0.006,0.15,0.0,0.0,0.0,0.0,0.0,0.0,0.0,0.0,0.0,0.0,ingredients wing strategy
65,##a,suffix,1465,0,NOUN,,,0.507,0.113,0.045,0.019,0.283,0.0,0.0,0.0,0.0,0.001,0.0,0.0,0.0,0.031,0.001,umbrella area cocoa
74,##k,suffix,1427,0,NOUN,,,0.692,0.175,0.057,0.017,0.059,0.0,0.0,0.0,0.0,0.0,0.0,0.0,0.0,0.0,0.0,risk bank dusk
136,##le,suffix,1342,0,NOUN,,,0.662,0.202,0.091,0.0,0.044,0.0,0.001,0.0,0.0,0.0,0.0,0.0,0.0,0.0,0.0,vehicle rule able
191,##al,suffix,1280,0,NOUN,,,0.477,0.063,0.404,0.0,0.056,0.0,0.0,0.0,0.0,0.0,0.0,0.0,0.0,0.0,0.0,petal normal local
126,##st,suffix,1185,0,NOUN,,,0.394,0.059,0.38,0.028,0.139,0.0,0.0,0.0,0.0,0.0,0.0,0.0,0.0,0.0,0.0,least ostrich host
331,##ion,suffix,1051,0,NOUN,,,0.943,0.001,0.01,0.024,0.014,0.0,0.0,0.0,0.0,0.0,0.0,0.0,0.008,0.0,0.0,deception station invention
99,##it,suffix,1050,0,NOUN,,,0.522,0.239,0.098,0.022,0.078,0.0,0.029,0.0,0.0,0.0,0.012,0.0,0.0,0.0,0.0,split faith digital
62,##b,suffix,1029,0,NOUN,,,0.624,0.183,0.041,0.048,0.103,0.0,0.0,0.0,0.0,0.0,0.0,0.0,0.0,0.002,0.0,web ladybug grabbing
77,##v,suffix,987,0,NOUN,,,0.4,0.299,0.094,0.009,0.198,0.0,0.0,0.0,0.0,0.0,0.0,0.0,0.0,0.0,0.0,envy innovation movie
487,##ness,suffix,982,0,NOUN,,,0.895,0.047,0.032,0.0,0.026,0.0,0.0,0.0,0.0,0.0,0.0,0.0,0.0,0.0,0.0,vastness stillness forgiveness
79,##w,suffix,964,0,NOUN,,,0.471,0.243,0.083,0.096,0.107,0.0,0.0,0.0,0.0,0.0,0.0,0.0,0.0,0.0,0.0,meanwhile beware paw
73,##c,suffix,959,0,NOUN,,,0.583,0.122,0.173,0.027,0.095,0.0,0.0,0.0,0.0,0.0,0.0,0.0,0.0,0.0,0.0,landscape icy volcano
480,##se,suffix,950,0,NOUN,,,0.497,0.226,0.215,0.005,0.007,0.003,0.046,0.0,0.0,0.0,0.0,0.0,0.0,0.0,0.0,pulse horse worse
95,##or,suffix,930,0,NOUN,,,0.63,0.027,0.097,0.018,0.227,0.0,0.0,0.0,0.0,0.0,0.0,0.0,0.0,0.0,0.001,protector raptor inventor
146,##ic,suffix,915,0,NOUN,,,0.44,0.059,0.432,0.014,0.055,0.0,0.0,0.0,0.0,0.0,0.0,0.0,0.0,0.0,0.0,vehicle fabric contradictions
88,##in,suffix,901,0,NOUN,,,0.465,0.161,0.263,0.014,0.097,0.0,0.0,0.0,0.0,0.0,0.0,0.0,0.0,0.0,0.0,pumpkin thin gain
281,##ies,suffix,890,0,NOUN,,,0.951,0.035,0.0,0.0,0.015,0.0,0.0,0.0,0.0,0.0,0.0,0.0,0.0,0.0,0.0,cries mysteries daisies
71,##l,suffix,854,0,NOUN,,,0.728,0.135,0.089,0.0,0.048,0.0,0.0,0.0,0.0,0.0,0.0,0.0,0.0,0.0,0.0,growl bowl volcano
107,##at,suffix,851,0,NOUN,,,0.538,0.126,0.133,0.083,0.119,0.0,0.0,0.0,0.0,0.0,0.0,0.0,0.0,0.0,0.001,neat goat throat
78,##f,suffix,849,0,NOUN,,,0.624,0.084,0.15,0.002,0.14,0.0,0.0,0.0,0.0,0.0,0.0,0.0,0.0,0.0,0.0,chef mischief breakfast
584,##ie,suffix,828,0,NOUN,,,0.467,0.275,0.136,0.0,0.121,0.0,0.0,0.0,0.0,0.0,0.0,0.0,0.0,0.0,0.0,eerie relieved genie
209,##ch,suffix,818,0,NOUN,,,0.747,0.15,0.027,0.0,0.042,0.0,0.0,0.0,0.0,0.0,0.0,0.0,0.0,0.034,0.0,church launch sketchbook
206,##ra,suffix,812,0,NOUN,,,0.467,0.251,0.203,0.005,0.074,0.0,0.0,0.0,0.0,0.0,0.0,0.0,0.0,0.0,0.0,embarrassed camera contradictions
102,##ar,suffix,808,0,NOUN,,,0.45,0.116,0.306,0.016,0.111,0.0,0.0,0.0,0.0,0.0,0.0,0.0,0.0,0.0,0.0,embarrassed librarian caterpillar
235,##ce,suffix,796,0,NOUN,,,0.707,0.104,0.055,0.009,0.035,0.0,0.0,0.0,0.0,0.0,0.0,0.089,0.0,0.0,0.0,since performance bracelet
257,##ers,suffix,737,0,NOUN,,,0.773,0.053,0.001,0.0,0.172,0.0,0.0,0.0,0.0,0.0,0.0,0.0,0.0,0.0,0.0,numbers seekers whiskers
765,##ation,suffix,688,0,NOUN,,,0.987,0.0,0.001,0.0,0.012,0.0,0.0,0.0,0.0,0.0,0.0,0.0,0.0,0.0,0.0,frustration transformation conversation
116,##on,suffix,686,0,NOUN,,,0.679,0.16,0.085,0.004,0.071,0.0,0.0,0.0,0.0,0.0,0.0,0.0,0.0,0.0,0.0,lemonade cotton ribbon
2065,##ive,suffix,667,0,NOUN,,,0.331,0.316,0.291,0.046,0.015,0.0,0.0,0.0,0.0,0.0,0.0,0.0,0.0,0.0,0.0,detective forgiveness forgive
61,##u,suffix,661,0,NOUN,,,0.543,0.269,0.08,0.024,0.041,0.0,0.0,0.0,0.0,0.0,0.0,0.0,0.0,0.042,0.0,arguing structure situation
181,##ter,suffix,631,0,NOUN,,,0.854,0.049,0.044,0.011,0.041,0.0,0.0,0.0,0.0,0.0,0.0,0.0,0.0,0.0,0.0,trickster character chatter
97,##el,suffix,622,0,NOUN,,,0.667,0.251,0.006,0.0,0.032,0.0,0.0,0.0,0.0,0.0,0.0,0.0,0.043,0.0,0.0,wheel fueled kneeling
2548,##ment,suffix,621,0,NOUN,,,0.966,0.021,0.003,0.0,0.01,0.0,0.0,0.0,0.0,0.0,0.0,0.0,0.0,0.0,0.0,amazement disappointment agreement
122,##ut,suffix,612,0,NOUN,,,0.694,0.242,0.018,0.013,0.033,0.0,0.0,0.0,0.0,0.0,0.0,0.0,0.0,0.0,0.0,shut duty computer
2261,##ul,suffix,608,0,NOUN,,,0.554,0.087,0.304,0.016,0.038,0.0,0.0,0.0,0.0,0.0,0.0,0.0,0.0,0.0,0.0,amulet peculiar adults
134,##ri,suffix,590,0,NOUN,,,0.49,0.125,0.108,0.053,0.192,0.0,0.0,0.0,0.0,0.0,0.0,0.0,0.0,0.032,0.0,clarity sunrise christmas
163,##ke,suffix,579,0,NOUN,,,0.542,0.131,0.216,0.009,0.102,0.0,0.0,0.0,0.0,0.0,0.0,0.0,0.0,0.0,0.0,fake shopkeeper strike
100,##en,suffix,570,0,NOUN,,,0.418,0.339,0.091,0.014,0.119,0.0,0.0,0.0,0.0,0.0,0.0,0.0,0.019,0.0,0.0,halloween snowmen brighten
3099,##ct,suffix,563,0,NOUN,,,0.597,0.137,0.174,0.082,0.011,0.0,0.0,0.0,0.0,0.0,0.0,0.0,0.0,0.0,0.0,pact conflict instincts
109,##ll,suffix,548,0,NOUN,,,0.425,0.307,0.133,0.009,0.035,0.0,0.0,0.0,0.089,0.0,0.0,0.0,0.0,0.0,0.002,brilliant selling sell
124,##id,suffix,535,0,NOUN,,,0.417,0.303,0.204,0.049,0.028,0.0,0.0,0.0,0.0,0.0,0.0,0.0,0.0,0.0,0.0,guidance paid laid
155,##ur,suffix,525,0,NOUN,,,0.333,0.248,0.149,0.019,0.139,0.0,0.0,0.0,0.0,0.0,0.0,0.0,0.112,0.0,0.0,church four disturb
162,##ent,suffix,503,0,NOUN,,,0.624,0.012,0.205,0.004,0.135,0.0,0.0,0.0,0.0,0.0,0.0,0.0,0.02,0.0,0.0,student serpent agent
1535,##sh,suffix,501,0,NOUN,,,0.409,0.309,0.2,0.01,0.072,0.0,0.0,0.0,0.0,0.0,0.0,0.0,0.0,0.0,0.0,marshmallows harsh marshmallow
336,##ck,suffix,498,0,NOUN,,,0.721,0.205,0.04,0.0,0.034,0.0,0.0,0.0,0.0,0.0,0.0,0.0,0.0,0.0,0.0,shipwreck pack peacock
118,##ir,suffix,497,0,NOUN,,,0.59,0.167,0.175,0.008,0.06,0.0,0.0,0.0,0.0,0.0,0.0,0.0,0.0,0.0,0.0,pair lair stir
101,##is,suffix,484,0,NOUN,,,0.686,0.091,0.101,0.019,0.103,0.0,0.0,0.0,0.0,0.0,0.0,0.0,0.0,0.0,0.0,daisies tennis oasis
197,##ure,suffix,477,0,NOUN,,,0.635,0.268,0.082,0.002,0.013,0.0,0.0,0.0,0.0,0.0,0.0,0.0,0.0,0.0,0.0,pressure capture culture
135,##im,suffix,474,0,NOUN,,,0.405,0.369,0.116,0.055,0.055,0.0,0.0,0.0,0.0,0.0,0.0,0.0,0.0,0.0,0.0,reclaim glimpse whimsical
188,##un,suffix,467,0,NOUN,,,0.439,0.385,0.156,0.004,0.015,0.0,0.0,0.0,0.0,0.0,0.0,0.0,0.0,0.0,0.0,bound stunning fortune
113,##et,suffix,466,0,NOUN,,,0.841,0.032,0.049,0.002,0.075,0.0,0.0,0.0,0.0,0.0,0.0,0.0,0.0,0.0,0.0,amulet carpet puppet
1309,##ci,suffix,452,0,NOUN,,,0.429,0.42,0.066,0.002,0.082,0.0,0.0,0.0,0.0,0.0,0.0,0.0,0.0,0.0,0.0,conscience appreciate anticipation
1407,##ts,suffix,452,0,NOUN,,,0.942,0.058,0.0,0.0,0.0,0.0,0.0,0.0,0.0,0.0,0.0,0.0,0.0,0.0,0.0,trinkets sprouts adults
2454,##de,suffix,451,0,NOUN,,,0.78,0.078,0.126,0.004,0.011,0.0,0.0,0.0,0.0,0.0,0.0,0.0,0.0,0.0,0.0,video code ladder
971,##ss,suffix,443,0,NOUN,,,0.562,0.219,0.172,0.0,0.047,0.0,0.0,0.0,0.0,0.0,0.0,0.0,0.0,0.0,0.0,massive tossing essence
554,##ge,suffix,439,0,NOUN,,,0.779,0.157,0.016,0.007,0.041,0.0,0.0,0.0,0.0,0.0,0.0,0.0,0.0,0.0,0.0,rage cage sage
498,##ves,suffix,438,0,NOUN,,,0.824,0.176,0.0,0.0,0.0,0.0,0.0,0.0,0.0,0.0,0.0,0.0,0.0,0.0,0.0,shelves thieves selves
112,##ow,suffix,436,0,NOUN,,,0.569,0.156,0.039,0.044,0.193,0.0,0.0,0.0,0.0,0.0,0.0,0.0,0.0,0.0,0.0,eyebrow halloween pillow
246,##ig,suffix,421,0,NOUN,,,0.627,0.292,0.043,0.0,0.038,0.0,0.0,0.0,0.0,0.0,0.0,0.0,0.0,0.0,0.0,intelligence twigs investigate
998,##la,suffix,420,0,NOUN,,,0.488,0.357,0.052,0.0,0.102,0.0,0.0,0.0,0.0,0.0,0.0,0.0,0.0,0.0,0.0,applause reclaim salad
296,##us,suffix,417,0,NOUN,,,0.4,0.185,0.189,0.046,0.177,0.0,0.0,0.0,0.0,0.0,0.002,0.0,0.0,0.0,0.0,unusual dusk illusion
258,##li,suffix,416,0,NOUN,,,0.514,0.099,0.262,0.029,0.096,0.0,0.0,0.0,0.0,0.0,0.0,0.0,0.0,0.0,0.0,conflict disbelief starlit
405,##ist,suffix,414,0,NOUN,,,0.507,0.435,0.058,0.0,0.0,0.0,0.0,0.0,0.0,0.0,0.0,0.0,0.0,0.0,0.0,exist wrist scientist
2202,##ty,suffix,413,0,NOUN,,,0.901,0.002,0.053,0.002,0.041,0.0,0.0,0.0,0.0,0.0,0.0,0.0,0.0,0.0,0.0,clarity uncertainty loyalty
390,##ant,suffix,394,0,NOUN,,,0.381,0.025,0.373,0.145,0.076,0.0,0.0,0.0,0.0,0.0,0.0,0.0,0.0,0.0,0.0,pendant remnants merchant
236,##th,suffix,388,0,NOUN,,,0.621,0.064,0.126,0.049,0.072,0.0,0.0,0.0,0.0,0.0,0.0,0.067,0.0,0.0,0.0,youth month although
937,##be,suffix,385,0,NOUN,,,0.831,0.065,0.047,0.01,0.044,0.0,0.0,0.0,0.0,0.0,0.0,0.0,0.0,0.0,0.003,globe disbelief tribe
1460,##ast,suffix,382,0,NOUN,,,0.542,0.314,0.128,0.0,0.016,0.0,0.0,0.0,0.0,0.0,0.0,0.0,0.0,0.0,0.0,blast breakfast disaster
952,##ro,suffix,373,0,NOUN,,,0.539,0.362,0.019,0.011,0.07,0.0,0.0,0.0,0.0,0.0,0.0,0.0,0.0,0.0,0.0,destroy backdrop heartbroken
1183,##ions,suffix,365,0,NOUN,,,0.997,0.0,0.0,0.0,0.003,0.0,0.0,0.0,0.0,0.0,0.0,0.0,0.0,0.0,0.0,emotions directions inventions
444,##um,suffix,362,0,NOUN,,,0.588,0.287,0.05,0.0,0.022,0.0,0.0,0.0,0.0,0.0,0.0,0.0,0.0,0.052,0.0,costumes costume museum
742,##ry,suffix,358,0,NOUN,,,0.64,0.05,0.277,0.0,0.034,0.0,0.0,0.0,0.0,0.0,0.0,0.0,0.0,0.0,0.0,furry gallery berry
72,##i,suffix,357,0,NOUN,,,0.574,0.031,0.036,0.0,0.359,0.0,0.0,0.0,0.0,0.0,0.0,0.0,0.0,0.0,0.0,radio studio tiki
641,##les,suffix,354,0,NOUN,,,0.912,0.048,0.0,0.0,0.04,0.0,0.0,0.0,0.0,0.0,0.0,0.0,0.0,0.0,0.0,ripples sprinkles obstacles
3197,##lt,suffix,353,0,NOUN,,,0.552,0.193,0.204,0.006,0.045,0.0,0.0,0.0,0.0,0.0,0.0,0.0,0.0,0.0,0.0,salty culture salt
283,##ack,suffix,350,0,NOUN,,,0.62,0.249,0.0,0.089,0.026,0.0,0.0,0.0,0.0,0.0,0.0,0.0,0.0,0.017,0.0,snack flashback attack
428,##age,suffix,346,0,NOUN,,,0.876,0.023,0.052,0.017,0.032,0.0,0.0,0.0,0.0,0.0,0.0,0.0,0.0,0.0,0.0,garage cottage language
1126,##ol,suffix,344,0,NOUN,,,0.581,0.137,0.078,0.11,0.093,0.0,0.0,0.0,0.0,0.0,0.0,0.0,0.0,0.0,0.0,resolve violently keyhole
631,##br,suffix,343,0,NOUN,,,0.764,0.009,0.12,0.0,0.108,0.0,0.0,0.0,0.0,0.0,0.0,0.0,0.0,0.0,0.0,paintbrush eyebrow fabric
982,##ze,suffix,343,0,NOUN,,,0.557,0.394,0.009,0.0,0.041,0.0,0.0,0.0,0.0,0.0,0.0,0.0,0.0,0.0,0.0,realize maze amazement
418,##ip,suffix,338,0,NOUN,,,0.541,0.32,0.012,0.0,0.124,0.0,0.0,0.0,0.0,0.0,0.0,0.0,0.0,0.003,0.0,wiping chips lollipops
337,##ice,suffix,335,0,NOUN,,,0.734,0.024,0.122,0.104,0.015,0.0,0.0,0.0,0.0,0.0,0.0,0.0,0.0,0.0,0.0,juice mice magnificent
2206,##ps,suffix,333,0,NOUN,,,0.763,0.195,0.009,0.0,0.033,0.0,0.0,0.0,0.0,0.0,0.0,0.0,0.0,0.0,0.0,lips glimpse gasps
224,##op,suffix,329,0,NOUN,,,0.742,0.043,0.07,0.0,0.079,0.0,0.0,0.067,0.0,0.0,0.0,0.0,0.0,0.0,0.0,trophy philosopher workshop
667,##co,suffix,329,0,NOUN,,,0.76,0.079,0.131,0.0,0.03,0.0,0.0,0.0,0.0,0.0,0.0,0.0,0.0,0.0,0.0,cocoa popcorn peacock
138,##ot,suffix,326,0,NOUN,,,0.738,0.089,0.123,0.0,0.049,0.0,0.0,0.0,0.0,0.0,0.0,0.0,0.0,0.0,0.0,knot pilot booth
955,##ine,suffix,309,0,NOUN,,,0.615,0.191,0.045,0.0,0.139,0.0,0.0,0.0,0.0,0.0,0.0,0.0,0.01,0.0,0.0,engine routine valentine
128,##ad,suffix,300,0,NOUN,,,0.487,0.103,0.31,0.013,0.087,0.0,0.0,0.0,0.0,0.0,0.0,0.0,0.0,0.0,0.0,glad deadline paradise
699,##pt,suffix,297,0,NOUN,,,0.764,0.057,0.074,0.01,0.094,0.0,0.0,0.0,0.0,0.0,0.0,0.0,0.0,0.0,0.0,raptor velociraptor redemption
1859,##ake,suffix,293,0,NOUN,,,0.966,0.01,0.0,0.0,0.024,0.0,0.0,0.0,0.0,0.0,0.0,0.0,0.0,0.0,0.0,cupcake snake pancake
189,##os,suffix,291,0,NOUN,,,0.866,0.038,0.055,0.0,0.041,0.0,0.0,0.0,0.0,0.0,0.0,0.0,0.0,0.0,0.0,photos whoosh philosopher
315,##way,suffix,291,0,NOUN,,,0.636,0.0,0.007,0.316,0.041,0.0,0.0,0.0,0.0,0.0,0.0,0.0,0.0,0.0,0.0,anyway archway hallway
449,##ue,suffix,291,0,NOUN,,,0.533,0.351,0.045,0.0,0.052,0.0,0.0,0.021,0.0,0.0,0.0,0.0,0.0,0.0,0.0,argue rescue glue
610,##ell,suffix,290,0,NOUN,,,0.952,0.003,0.038,0.003,0.0,0.0,0.0,0.0,0.0,0.0,0.0,0.0,0.0,0.003,0.0,intelligence storyteller constellations
691,##man,suffix,290,0,NOUN,,,0.676,0.29,0.031,0.0,0.003,0.0,0.0,0.0,0.0,0.0,0.0,0.0,0.0,0.0,0.0,fisherman performance demanded
1894,##cer,suffix,284,0,NOUN,,,0.704,0.021,0.116,0.018,0.141,0.0,0.0,0.0,0.0,0.0,0.0,0.0,0.0,0.0,0.0,uncertainty triceratops concern
2090,##ience,suffix,276,0,NOUN,,,0.895,0.091,0.007,0.0,0.007,0.0,0.0,0.0,0.0,0.0,0.0,0.0,0.0,0.0,0.0,science experience experiences
161,##ill,suffix,275,0,NOUN,,,0.473,0.222,0.029,0.004,0.24,0.0,0.0,0.0,0.0,0.0,0.0,0.004,0.029,0.0,0.0,caterpillar spilling quill
1904,##mer,suffix,273,0,NOUN,,,0.652,0.322,0.007,0.004,0.015,0.0,0.0,0.0,0.0,0.0,0.0,0.0,0.0,0.0,0.0,farmer stammered mesmerized
3734,##ring,suffix,273,0,NOUN,,,0.469,0.304,0.209,0.0,0.018,0.0,0.0,0.0,0.0,0.0,0.0,0.0,0.0,0.0,0.0,herring boring peering
2677,##board,suffix,269,0,NOUN,,,0.848,0.019,0.015,0.059,0.056,0.0,0.0,0.004,0.0,0.0,0.0,0.0,0.0,0.0,0.0,skateboard cardboard hoverboard
3039,##ient,suffix,268,0,NOUN,,,0.683,0.007,0.183,0.123,0.004,0.0,0.0,0.0,0.0,0.0,0.0,0.0,0.0,0.0,0.0,ingredients scientist patient
916,##so,suffix,267,0,NOUN,,,0.607,0.101,0.079,0.0,0.213,0.0,0.0,0.0,0.0,0.0,0.0,0.0,0.0,0.0,0.0,reason unison prison
284,##to,suffix,264,0,NOUN,,,0.432,0.341,0.083,0.0,0.144,0.0,0.0,0.0,0.0,0.0,0.0,0.0,0.0,0.0,0.0,tiptoed bookstore victories
3513,##if,suffix,264,0,NOUN,,,0.716,0.064,0.212,0.008,0.0,0.0,0.0,0.0,0.0,0.0,0.0,0.0,0.0,0.0,0.0,knife wife artifact
1847,##ors,suffix,256,0,NOUN,,,0.961,0.0,0.008,0.0,0.031,0.0,0.0,0.0,0.0,0.0,0.0,0.0,0.0,0.0,0.0,rumors visitors inventors
2248,##ner,suffix,255,0,NOUN,,,0.902,0.004,0.094,0.0,0.0,0.0,0.0,0.0,0.0,0.0,0.0,0.0,0.0,0.0,0.0,partner runner winner
2447,##eat,suffix,255,0,NOUN,,,0.573,0.416,0.004,0.0,0.008,0.0,0.0,0.0,0.0,0.0,0.0,0.0,0.0,0.0,0.0,defeat heartbeat sweat
3366,##ws,suffix,255,0,NOUN,,,0.973,0.024,0.0,0.0,0.004,0.0,0.0,0.0,0.0,0.0,0.0,0.0,0.0,0.0,0.0,paws claws cows
3609,##pl,suffix,255,0,NOUN,,,0.525,0.208,0.012,0.255,0.0,0.0,0.0,0.0,0.0,0.0,0.0,0.0,0.0,0.0,0.0,simply display airplane
1928,##ili,suffix,254,0,NOUN,,,0.787,0.13,0.004,0.0,0.079,0.0,0.0,0.0,0.0,0.0,0.0,0.0,0.0,0.0,0.0,ceiling twilight ability
330,##ade,suffix,253,0,NOUN,,,0.704,0.083,0.115,0.004,0.095,0.0,0.0,0.0,0.0,0.0,0.0,0.0,0.0,0.0,0.0,lemonade parade academic
230,##get,suffix,251,0,NOUN,,,0.864,0.0,0.12,0.0,0.016,0.0,0.0,0.0,0.0,0.0,0.0,0.0,0.0,0.0,0.0,vegetables gadget gadgets
1254,##ins,suffix,251,0,NOUN,,,0.912,0.084,0.0,0.0,0.004,0.0,0.0,0.0,0.0,0.0,0.0,0.0,0.0,0.0,0.0,chains pumpkins veins
1090,##sp,suffix,250,0,NOUN,,,0.42,0.296,0.204,0.032,0.048,0.0,0.0,0.0,0.0,0.0,0.0,0.0,0.0,0.0,0.0,grasp unspoken grasped
356,##il,suffix,248,0,NOUN,,,0.657,0.153,0.069,0.0,0.121,0.0,0.0,0.0,0.0,0.0,0.0,0.0,0.0,0.0,0.0,philosopher mailbox milk
286,##as,suffix,247,0,NOUN,,,0.457,0.146,0.004,0.093,0.296,0.0,0.0,0.0,0.0,0.0,0.0,0.0,0.0,0.004,0.0,christmas oasis bananas
1494,##use,suffix,244,0,NOUN,,,0.582,0.398,0.02,0.0,0.0,0.0,0.0,0.0,0.0,0.0,0.0,0.0,0.0,0.0,0.0,applause cause pause
2225,##bo,suffix,244,0,NOUN,,,0.447,0.037,0.012,0.0,0.287,0.217,0.0,0.0,0.0,0.0,0.0,0.0,0.0,0.0,0.0,nobody mailbox harbor
150,##ver,suffix,240,0,NOUN,,,0.554,0.163,0.175,0.0,0.108,0.0,0.0,0.0,0.0,0.0,0.0,0.0,0.0,0.0,0.0,driver hovering weaver
665,##ence,suffix,237,0,NOUN,,,0.979,0.0,0.0,0.0,0.021,0.0,0.0,0.0,0.0,0.0,0.0,0.0,0.0,0.0,0.0,conscience intelligence essence
207,##one,suffix,233,0,NOUN,,,0.751,0.021,0.013,0.0,0.215,0.0,0.0,0.0,0.0,0.0,0.0,0.0,0.0,0.0,0.0,throne opponent drone
1819,##lo,suffix,233,0,NOUN,,,0.446,0.167,0.009,0.12,0.258,0.0,0.0,0.0,0.0,0.0,0.0,0.0,0.0,0.0,0.0,technology velociraptor afloat
2686,##ations,suffix,232,0,NOUN,,,1.0,0.0,0.0,0.0,0.0,0.0,0.0,0.0,0.0,0.0,0.0,0.0,0.0,0.0,0.0,decorations generations constellations
2078,##ump,suffix,229,0,NOUN,,,0.428,0.297,0.236,0.039,0.0,0.0,0.0,0.0,0.0,0.0,0.0,0.0,0.0,0.0,0.0,crumpled triumph stump
80,##x,suffix,228,0,NOUN,,,0.5,0.048,0.004,0.0,0.439,0.0,0.0,0.0,0.0,0.0,0.0,0.0,0.009,0.0,0.0,max mailbox pixie
2141,##ops,suffix,224,0,NOUN,,,0.674,0.0,0.0,0.067,0.259,0.0,0.0,0.0,0.0,0.0,0.0,0.0,0.0,0.0,0.0,crops triceratops oops
651,##ff,suffix,222,0,NOUN,,,0.64,0.14,0.126,0.0,0.095,0.0,0.0,0.0,0.0,0.0,0.0,0.0,0.0,0.0,0.0,puff staff griffin
619,##bb,suffix,219,0,NOUN,,,0.735,0.064,0.142,0.009,0.05,0.0,0.0,0.0,0.0,0.0,0.0,0.0,0.0,0.0,0.0,ribbon ribbons rubber
781,##ead,suffix,217,0,NOUN,,,0.963,0.005,0.014,0.005,0.014,0.0,0.0,0.0,0.0,0.0,0.0,0.0,0.0,0.0,0.0,thread dread threads
966,##tain,suffix,217,0,NOUN,,,0.765,0.055,0.166,0.009,0.005,0.0,0.0,0.0,0.0,0.0,0.0,0.0,0.0,0.0,0.0,uncertainty curtain curtains
3637,##int,suffix,217,0,NOUN,,,0.622,0.373,0.0,0.005,0.0,0.0,0.0,0.0,0.0,0.0,0.0,0.0,0.0,0.0,0.0,glinting footprints glint
333,##ard,suffix,216,0,NOUN,,,0.532,0.329,0.042,0.014,0.083,0.0,0.0,0.0,0.0,0.0,0.0,0.0,0.0,0.0,0.0,overheard lizard orchard
1359,##act,suffix,209,0,NOUN,,,0.742,0.024,0.038,0.124,0.072,0.0,0.0,0.0,0.0,0.0,0.0,0.0,0.0,0.0,0.0,artifact pterodactyl artifacts
1857,##ire,suffix,207,0,NOUN,,,0.618,0.072,0.106,0.145,0.058,0.0,0.0,0.0,0.0,0.0,0.0,0.0,0.0,0.0,0.0,campfire tire entire
1570,##ple,suffix,206,0,NOUN,,,0.84,0.024,0.131,0.0,0.005,0.0,0.0,0.0,0.0,0.0,0.0,0.0,0.0,0.0,0.0,couple temple ample
3295,##ition,suffix,204,0,NOUN,,,0.971,0.029,0.0,0.0,0.0,0.0,0.0,0.0,0.0,0.0,0.0,0.0,0.0,0.0,0.0,competition ambition recognition
668,##ree,suffix,202,0,NOUN,,,0.406,0.391,0.173,0.0,0.03,0.0,0.0,0.0,0.0,0.0,0.0,0.0,0.0,0.0,0.0,agreement agree carefree
169,##all,suffix,201,0,NOUN,,,0.96,0.015,0.005,0.0,0.02,0.0,0.0,0.0,0.0,0.0,0.0,0.0,0.0,0.0,0.0,marshmallows marshmallow stall
868,##ance,suffix,201,0,NOUN,,,0.9,0.025,0.04,0.0,0.035,0.0,0.0,0.0,0.0,0.0,0.0,0.0,0.0,0.0,0.0,guidance perseverance advanced
1120,##ept,suffix,201,0,NOUN,,,0.433,0.338,0.109,0.0,0.005,0.0,0.0,0.0,0.0,0.0,0.0,0.114,0.0,0.0,0.0,deception slept except
1130,##ons,suffix,201,0,NOUN,,,0.965,0.035,0.0,0.0,0.0,0.0,0.0,0.0,0.0,0.0,0.0,0.0,0.0,0.0,0.0,crayons ribbons weapons
2211,##ian,suffix,198,0,NOUN,,,0.949,0.0,0.005,0.0,0.045,0.0,0.0,0.0,0.0,0.0,0.0,0.0,0.0,0.0,0.0,musician librarian magician
254,##ome,suffix,193,0,NOUN,,,0.679,0.0,0.316,0.0,0.005,0.0,0.0,0.0,0.0,0.0,0.0,0.0,0.0,0.0,0.0,gnome handsome customers
1248,##row,suffix,192,0,NOUN,,,0.464,0.312,0.203,0.0,0.021,0.0,0.0,0.0,0.0,0.0,0.0,0.0,0.0,0.0,0.0,overgrown borrowed sparrow
81,##z,suffix,189,0,NOUN,,,0.455,0.063,0.079,0.333,0.069,0.0,0.0,0.0,0.0,0.0,0.0,0.0,0.0,0.0,0.0,lazily lizard buzz
137,##ay,suffix,188,0,NOUN,,,0.473,0.362,0.0,0.0,0.165,0.0,0.0,0.0,0.0,0.0,0.0,0.0,0.0,0.0,0.0,display displayed hooray
1093,##light,suffix,187,0,NOUN,,,0.749,0.032,0.005,0.0,0.214,0.0,0.0,0.0,0.0,0.0,0.0,0.0,0.0,0.0,0.0,starlight spotlight candlelight
2114,##ru,suffix,186,0,NOUN,,,0.72,0.21,0.027,0.0,0.043,0.0,0.0,0.0,0.0,0.0,0.0,0.0,0.0,0.0,0.0,destruction instructed instruments
1372,##og,suffix,185,0,NOUN,,,0.497,0.319,0.022,0.011,0.151,0.0,0.0,0.0,0.0,0.0,0.0,0.0,0.0,0.0,0.0,recognized photographs hedgehog
2301,##tion,suffix,185,0,NOUN,,,0.795,0.205,0.0,0.0,0.0,0.0,0.0,0.0,0.0,0.0,0.0,0.0,0.0,0.0,0.0,contradictions motion contradiction
4001,##ign,suffix,183,0,NOUN,,,0.486,0.454,0.06,0.0,0.0,0.0,0.0,0.0,0.0,0.0,0.0,0.0,0.0,0.0,0.0,design designs designed
935,##ort,suffix,182,0,NOUN,,,0.522,0.335,0.137,0.005,0.0,0.0,0.0,0.0,0.0,0.0,0.0,0.0,0.0,0.0,0.0,transported sports sport
3544,##ipe,suffix,182,0,NOUN,,,0.643,0.352,0.0,0.0,0.005,0.0,0.0,0.0,0.0,0.0,0.0,0.0,0.0,0.0,0.0,recipe wiped recipes
688,##ite,suffix,181,0,NOUN,,,0.53,0.155,0.122,0.122,0.033,0.0,0.039,0.0,0.0,0.0,0.0,0.0,0.0,0.0,0.0,ignite quite satellite
202,##ep,suffix,179,0,NOUN,,,0.821,0.0,0.067,0.011,0.101,0.0,0.0,0.0,0.0,0.0,0.0,0.0,0.0,0.0,0.0,sheep shopkeeper doorstep
1058,##ren,suffix,178,0,NOUN,,,0.674,0.022,0.219,0.0,0.084,0.0,0.0,0.0,0.0,0.0,0.0,0.0,0.0,0.0,0.0,current currents barren
1100,##umb,suffix,178,0,NOUN,,,0.618,0.303,0.039,0.006,0.034,0.0,0.0,0.0,0.0,0.0,0.0,0.0,0.0,0.0,0.0,numbers number tumbling
1794,##ph,suffix,178,0,NOUN,,,0.904,0.084,0.0,0.0,0.011,0.0,0.0,0.0,0.0,0.0,0.0,0.0,0.0,0.0,0.0,atmosphere nymph photographs
513,##ey,suffix,175,0,NOUN,,,0.766,0.16,0.006,0.0,0.069,0.0,0.0,0.0,0.0,0.0,0.0,0.0,0.0,0.0,0.0,honey volleyball obeyed
553,##and,suffix,175,0,NOUN,,,0.429,0.28,0.029,0.006,0.029,0.0,0.0,0.0,0.0,0.0,0.0,0.0,0.229,0.0,0.0,thousand husband commanded
3370,##ider,suffix,175,0,NOUN,,,0.703,0.28,0.0,0.0,0.017,0.0,0.0,0.0,0.0,0.0,0.0,0.0,0.0,0.0,0.0,spider considered glider
621,##ect,suffix,173,0,NOUN,,,0.844,0.127,0.0,0.0,0.029,0.0,0.0,0.0,0.0,0.0,0.0,0.0,0.0,0.0,0.0,detective reconnect insects
996,##ks,suffix,173,0,NOUN,,,0.832,0.11,0.0,0.0,0.058,0.0,0.0,0.0,0.0,0.0,0.0,0.0,0.0,0.0,0.0,risks banks pranks
205,##ight,suffix,171,0,NOUN,,,0.433,0.023,0.117,0.287,0.076,0.0,0.0,0.0,0.0,0.0,0.0,0.0,0.064,0.0,0.0,straight heights height
402,##wn,suffix,170,0,NOUN,,,0.835,0.024,0.059,0.0,0.082,0.0,0.0,0.0,0.0,0.0,0.0,0.0,0.0,0.0,0.0,clown pawn gown
319,##ame,suffix,168,0,NOUN,,,0.821,0.155,0.024,0.0,0.0,0.0,0.0,0.0,0.0,0.0,0.0,0.0,0.0,0.0,0.0,testament tournament frame
219,##ide,suffix,167,0,NOUN,,,0.737,0.216,0.006,0.006,0.036,0.0,0.0,0.0,0.0,0.0,0.0,0.0,0.0,0.0,0.0,tide glide evidence
1127,##orn,suffix,165,0,NOUN,,,0.479,0.2,0.309,0.012,0.0,0.0,0.0,0.0,0.0,0.0,0.0,0.0,0.0,0.0,0.0,thorns thorny adorned
2256,##ball,suffix,162,0,NOUN,,,0.92,0.0,0.0,0.0,0.08,0.0,0.0,0.0,0.0,0.0,0.0,0.0,0.0,0.0,0.0,basketball baseball volleyball
1389,##ms,suffix,161,0,NOUN,,,0.578,0.037,0.304,0.031,0.05,0.0,0.0,0.0,0.0,0.0,0.0,0.0,0.0,0.0,0.0,clumsy beams worms
3387,##ber,suffix,161,0,NOUN,,,0.87,0.025,0.006,0.0,0.099,0.0,0.0,0.0,0.0,0.0,0.0,0.0,0.0,0.0,0.0,chamber strawberries jibber
492,##ick,suffix,158,0,NOUN,,,0.671,0.304,0.0,0.0,0.025,0.0,0.0,0.0,0.0,0.0,0.0,0.0,0.0,0.0,0.0,kick crickets cricket
3291,##bs,suffix,158,0,NOUN,,,0.949,0.013,0.006,0.0,0.032,0.0,0.0,0.0,0.0,0.0,0.0,0.0,0.0,0.0,0.0,herbs cobwebs webs
249,##ess,suffix,154,0,NOUN,,,0.734,0.136,0.058,0.006,0.006,0.0,0.0,0.0,0.0,0.0,0.0,0.058,0.0,0.0,0.0,sorceress confess goddess
1234,##ary,suffix,153,0,NOUN,,,0.627,0.0,0.353,0.0,0.02,0.0,0.0,0.0,0.0,0.0,0.0,0.0,0.0,0.0,0.0,diary legendary sanctuary
2458,##hy,suffix,153,0,NOUN,,,0.824,0.0,0.111,0.0,0.065,0.0,0.0,0.0,0.0,0.0,0.0,0.0,0.0,0.0,0.0,trophy empathy sympathy
1124,##ets,suffix,152,0,NOUN,,,1.0,0.0,0.0,0.0,0.0,0.0,0.0,0.0,0.0,0.0,0.0,0.0,0.0,0.0,0.0,sheets buckets puppets
3803,##line,suffix,151,0,NOUN,,,0.768,0.0,0.06,0.172,0.0,0.0,0.0,0.0,0.0,0.0,0.0,0.0,0.0,0.0,0.0,deadline online sidelines
133,##ac,suffix,150,0,NOUN,,,0.973,0.0,0.007,0.013,0.007,0.0,0.0,0.0,0.0,0.0,0.0,0.0,0.0,0.0,0.0,legacy obstacles tentacles
884,##ap,suffix,150,0,NOUN,,,0.593,0.36,0.047,0.0,0.0,0.0,0.0,0.0,0.0,0.0,0.0,0.0,0.0,0.0,0.0,nap escaping snap
3673,##ech,suffix,150,0,NOUN,,,0.733,0.093,0.027,0.0,0.147,0.0,0.0,0.0,0.0,0.0,0.0,0.0,0.0,0.0,0.0,technology speech tech
171,##em,suffix,149,0,NOUN,,,0.846,0.087,0.007,0.06,0.0,0.0,0.0,0.0,0.0,0.0,0.0,0.0,0.0,0.0,0.0,redemption system attempt
311,##ft,suffix,148,0,NOUN,,,0.784,0.061,0.081,0.0,0.007,0.0,0.0,0.0,0.0,0.0,0.0,0.0,0.068,0.0,0.0,raft spacecraft fifteen
879,##ush,suffix,148,0,NOUN,,,0.736,0.142,0.047,0.0,0.074,0.0,0.0,0.0,0.0,0.0,0.0,0.0,0.0,0.0,0.0,paintbrush crush blush
3245,##fish,suffix,148,0,NOUN,,,0.77,0.014,0.189,0.007,0.02,0.0,0.0,0.0,0.0,0.0,0.0,0.0,0.0,0.0,0.0,starfish jellyfish goldfish
125,##om,suffix,147,0,NOUN,,,0.626,0.088,0.061,0.0,0.224,0.0,0.0,0.0,0.0,0.0,0.0,0.0,0.0,0.0,0.0,phantom boom aroma
2359,##top,suffix,147,0,NOUN,,,0.912,0.0,0.0,0.0,0.088,0.0,0.0,0.0,0.0,0.0,0.0,0.0,0.0,0.0,0.0,rooftop hilltop rooftops
530,##ings,suffix,146,0,NOUN,,,1.0,0.0,0.0,0.0,0.0,0.0,0.0,0.0,0.0,0.0,0.0,0.0,0.0,0.0,0.0,markings greetings endings
1020,##by,suffix,146,0,NOUN,,,0.849,0.0,0.0,0.0,0.151,0.0,0.0,0.0,0.0,0.0,0.0,0.0,0.0,0.0,0.0,baby ruby lullaby
2868,##ef,suffix,146,0,NOUN,,,0.671,0.007,0.281,0.034,0.007,0.0,0.0,0.0,0.0,0.0,0.0,0.0,0.0,0.0,0.0,grief disbelief brief
3168,##uts,suffix,146,0,NOUN,,,0.952,0.0,0.048,0.0,0.0,0.0,0.0,0.0,0.0,0.0,0.0,0.0,0.0,0.0,0.0,nuts coconuts donuts
1027,##uck,suffix,144,0,NOUN,,,0.507,0.438,0.0,0.0,0.056,0.0,0.0,0.0,0.0,0.0,0.0,0.0,0.0,0.0,0.0,snuck truck yuck
265,##ood,suffix,143,0,NOUN,,,0.566,0.0,0.007,0.0,0.427,0.0,0.0,0.0,0.0,0.0,0.0,0.0,0.0,0.0,0.0,driftwood misunderstood blood
1255,##per,suffix,143,0,NOUN,,,0.35,0.259,0.196,0.021,0.175,0.0,0.0,0.0,0.0,0.0,0.0,0.0,0.0,0.0,0.0,slippery cooperate wrappers
2453,##akes,suffix,143,0,NOUN,,,0.972,0.021,0.0,0.0,0.007,0.0,0.0,0.0,0.0,0.0,0.0,0.0,0.0,0.0,0.0,cupcakes pancakes stakes
3581,##ners,suffix,141,0,NOUN,,,1.0,0.0,0.0,0.0,0.0,0.0,0.0,0.0,0.0,0.0,0.0,0.0,0.0,0.0,0.0,runners partners winners
851,##ny,suffix,138,0,NOUN,,,0.746,0.014,0.029,0.0,0.21,0.0,0.0,0.0,0.0,0.0,0.0,0.0,0.0,0.0,0.0,bunny colony benny
890,##ever,suffix,138,0,NOUN,,,0.493,0.051,0.0,0.0,0.043,0.406,0.007,0.0,0.0,0.0,0.0,0.0,0.0,0.0,0.0,perseverance whoever persevere
3152,##ows,suffix,137,0,NOUN,,,0.869,0.117,0.0,0.0,0.015,0.0,0.0,0.0,0.0,0.0,0.0,0.0,0.0,0.0,0.0,marshmallows pillows browsed
3247,##ters,suffix,135,0,NOUN,,,0.941,0.03,0.0,0.0,0.03,0.0,0.0,0.0,0.0,0.0,0.0,0.0,0.0,0.0,0.0,characters craters tricksters
3436,##chie,suffix,134,0,NOUN,,,0.575,0.0,0.366,0.037,0.022,0.0,0.0,0.0,0.0,0.0,0.0,0.0,0.0,0.0,0.0,mischief mischievous mischievously
4012,##con,suffix,134,0,NOUN,,,0.955,0.0,0.0,0.0,0.045,0.0,0.0,0.0,0.0,0.0,0.0,0.0,0.0,0.0,0.0,beacon balcony coconuts
3759,##no,suffix,131,0,NOUN,,,0.542,0.038,0.13,0.0,0.29,0.0,0.0,0.0,0.0,0.0,0.0,0.0,0.0,0.0,0.0,technology juno unnoticed
1336,##ug,suffix,130,0,NOUN,,,0.654,0.031,0.023,0.008,0.285,0.0,0.0,0.0,0.0,0.0,0.0,0.0,0.0,0.0,0.0,ladybug refuge snug
3787,##ision,suffix,130,0,NOUN,,,0.792,0.208,0.0,0.0,0.0,0.0,0.0,0.0,0.0,0.0,0.0,0.0,0.0,0.0,0.0,decision envisioned decisions
772,##ial,suffix,129,0,NOUN,,,0.76,0.008,0.202,0.0,0.031,0.0,0.0,0.0,0.0,0.0,0.0,0.0,0.0,0.0,0.0,materials potential celestial
2345,##oot,suffix,129,0,NOUN,,,0.884,0.039,0.0,0.0,0.078,0.0,0.0,0.0,0.0,0.0,0.0,0.0,0.0,0.0,0.0,scooter underfoot bigfoot
1755,##tern,suffix,127,0,NOUN,,,0.858,0.0,0.134,0.0,0.008,0.0,0.0,0.0,0.0,0.0,0.0,0.0,0.0,0.0,0.0,patterns eternal pattern
3959,##ym,suffix,125,0,NOUN,,,0.992,0.0,0.0,0.0,0.008,0.0,0.0,0.0,0.0,0.0,0.0,0.0,0.0,0.0,0.0,gym nymph hymn
442,##ity,suffix,123,0,NOUN,,,1.0,0.0,0.0,0.0,0.0,0.0,0.0,0.0,0.0,0.0,0.0,0.0,0.0,0.0,0.0,opportunity gravity morality
2650,##ities,suffix,121,0,NOUN,,,0.992,0.0,0.0,0.0,0.008,0.0,0.0,0.0,0.0,0.0,0.0,0.0,0.0,0.0,0.0,cities activities festivities
2806,##let,suffix,119,0,NOUN,,,0.958,0.0,0.008,0.0,0.034,0.0,0.0,0.0,0.0,0.0,0.0,0.0,0.0,0.0,0.0,bracelet droplets bracelets
1615,##ich,suffix,118,0,NOUN,,,0.975,0.0,0.0,0.0,0.025,0.0,0.0,0.0,0.0,0.0,0.0,0.0,0.0,0.0,0.0,sandwich artichoke
1963,##arm,suffix,118,0,NOUN,,,0.881,0.059,0.042,0.0,0.017,0.0,0.0,0.0,0.0,0.0,0.0,0.0,0.0,0.0,0.0,alarms alarm alarmed
1826,##ries,suffix,117,0,NOUN,,,0.607,0.393,0.0,0.0,0.0,0.0,0.0,0.0,0.0,0.0,0.0,0.0,0.0,0.0,0.0,carries victories pastries
148,##her,suffix,115,0,NOUN,,,0.452,0.0,0.0,0.148,0.026,0.0,0.261,0.0,0.0,0.0,0.113,0.0,0.0,0.0,0.0,philosopher neither either
1335,##sion,suffix,115,0,NOUN,,,1.0,0.0,0.0,0.0,0.0,0.0,0.0,0.0,0.0,0.0,0.0,0.0,0.0,0.0,0.0,mansion version versions
3885,##its,suffix,114,0,NOUN,,,0.763,0.237,0.0,0.0,0.0,0.0,0.0,0.0,0.0,0.0,0.0,0.0,0.0,0.0,0.0,awaits limits suits
3553,##flowers,suffix,112,0,NOUN,,,1.0,0.0,0.0,0.0,0.0,0.0,0.0,0.0,0.0,0.0,0.0,0.0,0.0,0.0,0.0,wildflowers sunflowers wallflowers
920,##als,suffix,111,0,NOUN,,,0.991,0.009,0.0,0.0,0.0,0.0,0.0,0.0,0.0,0.0,0.0,0.0,0.0,0.0,0.0,trials medals locals
3859,##mos,suffix,110,0,NOUN,,,0.973,0.0,0.0,0.0,0.027,0.0,0.0,0.0,0.0,0.0,0.0,0.0,0.0,0.0,0.0,cosmos atmosphere thermos
3330,##ires,suffix,109,0,NOUN,,,0.936,0.064,0.0,0.0,0.0,0.0,0.0,0.0,0.0,0.0,0.0,0.0,0.0,0.0,0.0,wires tires requires
3910,##gar,suffix,109,0,NOUN,,,0.908,0.0,0.037,0.0,0.055,0.0,0.0,0.0,0.0,0.0,0.0,0.0,0.0,0.0,0.0,sugar vinegar sugary
1930,##ape,suffix,107,0,NOUN,,,0.925,0.065,0.0,0.0,0.009,0.0,0.0,0.0,0.0,0.0,0.0,0.0,0.0,0.0,0.0,landscape landscapes scraped
2545,##que,suffix,107,0,NOUN,,,0.729,0.224,0.028,0.019,0.0,0.0,0.0,0.0,0.0,0.0,0.0,0.0,0.0,0.0,0.0,bouquet piqued consequences
409,##ds,suffix,106,0,NOUN,,,0.896,0.104,0.0,0.0,0.0,0.0,0.0,0.0,0.0,0.0,0.0,0.0,0.0,0.0,0.0,beads gods bounds
3941,##rops,suffix,106,0,NOUN,,,0.991,0.0,0.0,0.0,0.009,0.0,0.0,0.0,0.0,0.0,0.0,0.0,0.0,0.0,0.0,raindrops gumdrops dewdrops
1738,##ots,suffix,105,0,NOUN,,,0.99,0.01,0.0,0.0,0.0,0.0,0.0,0.0,0.0,0.0,0.0,0.0,0.0,0.0,0.0,boots knots pilots
2321,##air,suffix,105,0,NOUN,,,0.505,0.343,0.143,0.0,0.01,0.0,0.0,0.0,0.0,0.0,0.0,0.0,0.0,0.0,0.0,staircase repaired unfair
2376,##aps,suffix,105,0,NOUN,,,0.505,0.495,0.0,0.0,0.0,0.0,0.0,0.0,0.0,0.0,0.0,0.0,0.0,0.0,0.0,scraps collapsed collapse
2787,##ail,suffix,105,0,NOUN,,,0.895,0.076,0.019,0.0,0.01,0.0,0.0,0.0,0.0,0.0,0.0,0.0,0.0,0.0,0.0,detail details nails
3140,##ges,suffix,105,0,NOUN,,,0.924,0.076,0.0,0.0,0.0,0.0,0.0,0.0,0.0,0.0,0.0,0.0,0.0,0.0,0.0,judges cages rages
3982,##oop,suffix,104,0,NOUN,,,0.471,0.346,0.01,0.0,0.173,0.0,0.0,0.0,0.0,0.0,0.0,0.0,0.0,0.0,0.0,scoop bloop drooping
292,##ere,suffix,101,0,NOUN,,,0.881,0.0,0.059,0.0,0.059,0.0,0.0,0.0,0.0,0.0,0.0,0.0,0.0,0.0,0.0,atmosphere cereal ceremony
3020,##ycle,suffix,101,0,NOUN,,,0.96,0.02,0.02,0.0,0.0,0.0,0.0,0.0,0.0,0.0,0.0,0.0,0.0,0.0,0.0,cycle unicycle motorcycle
700,##pr,suffix,100,0,NOUN,,,0.83,0.01,0.12,0.04,0.0,0.0,0.0,0.0,0.0,0.0,0.0,0.0,0.0,0.0,0.0,footprints footprint unpredictable
131,##ear,suffix,99,0,NOUN,,,0.667,0.273,0.02,0.0,0.04,0.0,0.0,0.0,0.0,0.0,0.0,0.0,0.0,0.0,0.0,gear researched research
253,##irl,suffix,98,0,NOUN,,,0.857,0.112,0.0,0.0,0.031,0.0,0.0,0.0,0.0,0.0,0.0,0.0,0.0,0.0,0.0,whirlwind whirling whirlpool
1332,##ater,suffix,98,0,NOUN,,,1.0,0.0,0.0,0.0,0.0,0.0,0.0,0.0,0.0,0.0,0.0,0.0,0.0,0.0,0.0,theater cheater theaters
3409,##lls,suffix,98,0,NOUN,,,0.98,0.02,0.0,0.0,0.0,0.0,0.0,0.0,0.0,0.0,0.0,0.0,0.0,0.0,0.0,seashells bills drills
194,##ust,suffix,97,0,NOUN,,,0.423,0.412,0.134,0.0,0.031,0.0,0.0,0.0,0.0,0.0,0.0,0.0,0.0,0.0,0.0,stardust adjusted exhausted
3167,##isk,suffix,97,0,NOUN,,,0.454,0.402,0.0,0.0,0.144,0.0,0.0,0.0,0.0,0.0,0.0,0.0,0.0,0.0,0.0,whiskers whisked whisk
1600,##work,suffix,96,0,NOUN,,,0.958,0.0,0.0,0.0,0.042,0.0,0.0,0.0,0.0,0.0,0.0,0.0,0.0,0.0,0.0,homework artwork patchwork
3065,##ress,suffix,96,0,NOUN,,,0.823,0.167,0.01,0.0,0.0,0.0,0.0,0.0,0.0,0.0,0.0,0.0,0.0,0.0,0.0,progress fortress actress
3571,##vers,suffix,96,0,NOUN,,,0.865,0.0,0.0,0.0,0.135,0.0,0.0,0.0,0.0,0.0,0.0,0.0,0.0,0.0,0.0,conversation conversations weavers
3595,##ase,suffix,96,0,NOUN,,,0.906,0.094,0.0,0.0,0.0,0.0,0.0,0.0,0.0,0.0,0.0,0.0,0.0,0.0,0.0,staircase vase suitcase
3180,##oll,suffix,94,0,NOUN,,,0.968,0.021,0.0,0.0,0.011,0.0,0.0,0.0,0.0,0.0,0.0,0.0,0.0,0.0,0.0,scroll scrolls recollection
664,##ise,suffix,93,0,NOUN,,,0.688,0.118,0.011,0.032,0.151,0.0,0.0,0.0,0.0,0.0,0.0,0.0,0.0,0.0,0.0,paradise praise disguise
2466,##book,suffix,93,0,NOUN,,,1.0,0.0,0.0,0.0,0.0,0.0,0.0,0.0,0.0,0.0,0.0,0.0,0.0,0.0,0.0,sketchbook storybook scrapbook
1569,##ls,suffix,92,0,NOUN,,,0.663,0.293,0.0,0.0,0.043,0.0,0.0,0.0,0.0,0.0,0.0,0.0,0.0,0.0,0.0,yells bowls models
419,##ull,suffix,89,0,NOUN,,,0.91,0.0,0.011,0.045,0.034,0.0,0.0,0.0,0.0,0.0,0.0,0.0,0.0,0.0,0.0,seagull seagulls gleefully
711,##hes,suffix,88,0,NOUN,,,0.989,0.011,0.0,0.0,0.0,0.0,0.0,0.0,0.0,0.0,0.0,0.0,0.0,0.0,0.0,dishes ashes inches
303,##ace,suffix,87,0,NOUN,,,0.724,0.264,0.0,0.0,0.011,0.0,0.0,0.0,0.0,0.0,0.0,0.0,0.0,0.0,0.0,solace replace fireplace
2342,##mor,suffix,87,0,NOUN,,,1.0,0.0,0.0,0.0,0.0,0.0,0.0,0.0,0.0,0.0,0.0,0.0,0.0,0.0,0.0,armor tremor tremors
1086,##ock,suffix,85,0,NOUN,,,0.765,0.224,0.0,0.0,0.012,0.0,0.0,0.0,0.0,0.0,0.0,0.0,0.0,0.0,0.0,knock knocks laughingstock
1623,##vor,suffix,85,0,NOUN,,,0.765,0.165,0.012,0.0,0.059,0.0,0.0,0.0,0.0,0.0,0.0,0.0,0.0,0.0,0.0,flavors flavor savoring
256,##out,suffix,84,0,NOUN,,,0.714,0.024,0.012,0.0,0.0,0.0,0.0,0.25,0.0,0.0,0.0,0.0,0.0,0.0,0.0,hideout throughout lookout
2176,##yard,suffix,84,0,NOUN,,,1.0,0.0,0.0,0.0,0.0,0.0,0.0,0.0,0.0,0.0,0.0,0.0,0.0,0.0,0.0,schoolyard graveyard courtyard
2418,##iches,suffix,84,0,NOUN,,,1.0,0.0,0.0,0.0,0.0,0.0,0.0,0.0,0.0,0.0,0.0,0.0,0.0,0.0,0.0,sandwiches
147,##oo,suffix,82,0,NOUN,,,0.707,0.049,0.098,0.012,0.134,0.0,0.0,0.0,0.0,0.0,0.0,0.0,0.0,0.0,0.0,zoo trapdoor bamboo
174,##pp,suffix,81,0,NOUN,,,0.42,0.222,0.111,0.0,0.247,0.0,0.0,0.0,0.0,0.0,0.0,0.0,0.0,0.0,0.0,reappeared flippers pineapple
1201,##mb,suffix,79,0,NOUN,,,0.456,0.392,0.101,0.0,0.051,0.0,0.0,0.0,0.0,0.0,0.0,0.0,0.0,0.0,0.0,mumbled bamboo somber
1926,##ory,suffix,79,0,NOUN,,,0.962,0.0,0.025,0.0,0.013,0.0,0.0,0.0,0.0,0.0,0.0,0.0,0.0,0.0,0.0,factory observatory unsatisfactory
741,##ement,suffix,78,0,NOUN,,,1.0,0.0,0.0,0.0,0.0,0.0,0.0,0.0,0.0,0.0,0.0,0.0,0.0,0.0,0.0,encouragement statement arrangements
3131,##mates,suffix,74,0,NOUN,,,1.0,0.0,0.0,0.0,0.0,0.0,0.0,0.0,0.0,0.0,0.0,0.0,0.0,0.0,0.0,teammates shipmates
2324,##ches,suffix,72,0,NOUN,,,0.847,0.153,0.0,0.0,0.0,0.0,0.0,0.0,0.0,0.0,0.0,0.0,0.0,0.0,0.0,sketches torches peaches
1334,##for,suffix,70,0,NOUN,,,0.871,0.129,0.0,0.0,0.0,0.0,0.0,0.0,0.0,0.0,0.0,0.0,0.0,0.0,0.0,information platform afford
110,##gh,suffix,69,0,NOUN,,,0.971,0.0,0.0,0.0,0.029,0.0,0.0,0.0,0.0,0.0,0.0,0.0,0.0,0.0,0.0,dough cough ugh
3419,##orm,suffix,68,0,NOUN,,,0.603,0.029,0.368,0.0,0.0,0.0,0.0,0.0,0.0,0.0,0.0,0.0,0.0,0.0,0.0,enormous snowstorm sandstorm
612,##hip,suffix,67,0,NOUN,,,0.94,0.0,0.0,0.0,0.06,0.0,0.0,0.0,0.0,0.0,0.0,0.0,0.0,0.0,0.0,starship companionship championship
873,##oom,suffix,67,0,NOUN,,,1.0,0.0,0.0,0.0,0.0,0.0,0.0,0.0,0.0,0.0,0.0,0.0,0.0,0.0,0.0,broom heirloom broomstick
1427,##els,suffix,67,0,NOUN,,,0.955,0.03,0.0,0.0,0.015,0.0,0.0,0.0,0.0,0.0,0.0,0.0,0.0,0.0,0.0,angels pixels rebels
2525,##bles,suffix,66,0,NOUN,,,0.788,0.015,0.0,0.0,0.197,0.0,0.0,0.0,0.0,0.0,0.0,0.0,0.0,0.0,0.0,marbles nibbles greebles
829,##iness,suffix,65,0,NOUN,,,0.985,0.0,0.015,0.0,0.0,0.0,0.0,0.0,0.0,0.0,0.0,0.0,0.0,0.0,0.0,heaviness business saltiness
2271,##enc,suffix,65,0,NOUN,,,0.677,0.277,0.031,0.0,0.015,0.0,0.0,0.0,0.0,0.0,0.0,0.0,0.0,0.0,0.0,wrench agency drenched
3231,##ime,suffix,65,0,NOUN,,,0.769,0.138,0.0,0.077,0.015,0.0,0.0,0.0,0.0,0.0,0.0,0.0,0.0,0.0,0.0,crime chime experiments
1646,##uit,suffix,62,0,NOUN,,,1.0,0.0,0.0,0.0,0.0,0.0,0.0,0.0,0.0,0.0,0.0,0.0,0.0,0.0,0.0,circuits pursuit circuit
495,##ures,suffix,61,0,NOUN,,,0.951,0.033,0.0,0.0,0.016,0.0,0.0,0.0,0.0,0.0,0.0,0.0,0.0,0.0,0.0,cultures gestures structures
901,##lly,suffix,61,0,NOUN,,,0.656,0.197,0.033,0.033,0.082,0.0,0.0,0.0,0.0,0.0,0.0,0.0,0.0,0.0,0.0,bully rallying jolly
2918,##flow,suffix,61,0,NOUN,,,0.787,0.131,0.0,0.0,0.082,0.0,0.0,0.0,0.0,0.0,0.0,0.0,0.0,0.0,0.0,sunflower overflowed overflowing
1404,##ans,suffix,60,0,NOUN,,,0.867,0.0,0.067,0.0,0.067,0.0,0.0,0.0,0.0,0.0,0.0,0.0,0.0,0.0,0.0,jellybeans expanse swans
1452,##ices,suffix,60,0,NOUN,,,1.0,0.0,0.0,0.0,0.0,0.0,0.0,0.0,0.0,0.0,0.0,0.0,0.0,0.0,0.0,spices sacrifices rejoices
2839,##cle,suffix,60,0,NOUN,,,0.717,0.0,0.25,0.0,0.033,0.0,0.0,0.0,0.0,0.0,0.0,0.0,0.0,0.0,0.0,uncle unclear muscles
3217,##ano,suffix,60,0,NOUN,,,0.983,0.0,0.017,0.0,0.0,0.0,0.0,0.0,0.0,0.0,0.0,0.0,0.0,0.0,0.0,volcano volcanoes paranoid
1433,##ination,suffix,59,0,NOUN,,,1.0,0.0,0.0,0.0,0.0,0.0,0.0,0.0,0.0,0.0,0.0,0.0,0.0,0.0,0.0,destination fascination domination
178,##ec,suffix,57,0,NOUN,,,0.86,0.053,0.07,0.0,0.018,0.0,0.0,0.0,0.0,0.0,0.0,0.0,0.0,0.0,0.0,wreck wreckage insecure
452,##tle,suffix,57,0,NOUN,,,0.719,0.246,0.018,0.0,0.018,0.0,0.0,0.0,0.0,0.0,0.0,0.0,0.0,0.0,0.0,beetle settle kettle
990,##ster,suffix,57,0,NOUN,,,0.982,0.018,0.0,0.0,0.0,0.0,0.0,0.0,0.0,0.0,0.0,0.0,0.0,0.0,0.0,poster rooster cluster
1825,##cher,suffix,56,0,NOUN,,,0.75,0.0,0.143,0.018,0.089,0.0,0.0,0.0,0.0,0.0,0.0,0.0,0.0,0.0,0.0,pitcher archery treacherous
802,##ten,suffix,55,0,NOUN,,,0.455,0.327,0.218,0.0,0.0,0.0,0.0,0.0,0.0,0.0,0.0,0.0,0.0,0.0,0.0,mitten rotten bartender
2469,##ides,suffix,51,0,NOUN,,,0.882,0.078,0.0,0.0,0.039,0.0,0.0,0.0,0.0,0.0,0.0,0.0,0.0,0.0,0.0,tides glides divides
2112,##ibility,suffix,50,0,NOUN,,,1.0,0.0,0.0,0.0,0.0,0.0,0.0,0.0,0.0,0.0,0.0,0.0,0.0,0.0,0.0,possibility visibility
1551,##ork,suffix,49,0,NOUN,,,0.959,0.041,0.0,0.0,0.0,0.0,0.0,0.0,0.0,0.0,0.0,0.0,0.0,0.0,0.0,firework snorkel snorkeling
2080,##ex,suffix,49,0,NOUN,,,0.408,0.306,0.061,0.0,0.224,0.0,0.0,0.0,0.0,0.0,0.0,0.0,0.0,0.0,0.0,vortex coexist text
2765,##eds,suffix,49,0,NOUN,,,0.918,0.082,0.0,0.0,0.0,0.0,0.0,0.0,0.0,0.0,0.0,0.0,0.0,0.0,0.0,deeds reeds feeds
1989,##amp,suffix,48,0,NOUN,,,0.667,0.292,0.0,0.0,0.042,0.0,0.0,0.0,0.0,0.0,0.0,0.0,0.0,0.0,0.0,stamp scampered example
3015,##fall,suffix,47,0,NOUN,,,0.745,0.021,0.0,0.0,0.234,0.0,0.0,0.0,0.0,0.0,0.0,0.0,0.0,0.0,0.0,downfall nightfall starfall
1591,##ak,suffix,46,0,NOUN,,,0.783,0.065,0.152,0.0,0.0,0.0,0.0,0.0,0.0,0.0,0.0,0.0,0.0,0.0,0.0,kayak streak yak
2580,##house,suffix,46,0,NOUN,,,1.0,0.0,0.0,0.0,0.0,0.0,0.0,0.0,0.0,0.0,0.0,0.0,0.0,0.0,0.0,warehouse birdhouse dollhouse
264,##ach,suffix,45,0,NOUN,,,0.911,0.089,0.0,0.0,0.0,0.0,0.0,0.0,0.0,0.0,0.0,0.0,0.0,0.0,0.0,heartache mustache bleachers
1861,##ject,suffix,44,0,NOUN,,,0.795,0.205,0.0,0.0,0.0,0.0,0.0,0.0,0.0,0.0,0.0,0.0,0.0,0.0,0.0,rejection subjects rejected
2035,##cess,suffix,44,0,NOUN,,,0.841,0.159,0.0,0.0,0.0,0.0,0.0,0.0,0.0,0.0,0.0,0.0,0.0,0.0,0.0,process processed processing
2831,##ony,suffix,43,0,NOUN,,,0.977,0.0,0.023,0.0,0.0,0.0,0.0,0.0,0.0,0.0,0.0,0.0,0.0,0.0,0.0,symphony ceremony anonymous
2216,##ground,suffix,42,0,NOUN,,,0.976,0.0,0.0,0.0,0.024,0.0,0.0,0.0,0.0,0.0,0.0,0.0,0.0,0.0,0.0,background fairground battleground
3229,##itude,suffix,42,0,NOUN,,,1.0,0.0,0.0,0.0,0.0,0.0,0.0,0.0,0.0,0.0,0.0,0.0,0.0,0.0,0.0,solitude
1467,##ines,suffix,41,0,NOUN,,,0.927,0.049,0.0,0.0,0.024,0.0,0.0,0.0,0.0,0.0,0.0,0.0,0.0,0.0,0.0,engines routines magazines
1233,##ix,suffix,40,0,NOUN,,,0.775,0.0,0.0,0.0,0.225,0.0,0.0,0.0,0.0,0.0,0.0,0.0,0.0,0.0,0.0,phoenix quix
1461,##ates,suffix,40,0,NOUN,,,0.775,0.225,0.0,0.0,0.0,0.0,0.0,0.0,0.0,0.0,0.0,0.0,0.0,0.0,0.0,plates hesitates debates
1035,##ears,suffix,39,0,NOUN,,,1.0,0.0,0.0,0.0,0.0,0.0,0.0,0.0,0.0,0.0,0.0,0.0,0.0,0.0,0.0,gears
1165,##ival,suffix,39,0,NOUN,,,1.0,0.0,0.0,0.0,0.0,0.0,0.0,0.0,0.0,0.0,0.0,0.0,0.0,0.0,0.0,carnival survival
3124,##old,suffix,39,0,NOUN,,,0.385,0.179,0.308,0.026,0.103,0.0,0.0,0.0,0.0,0.0,0.0,0.0,0.0,0.0,0.0,untold threshold behold
618,##ways,suffix,38,0,NOUN,,,0.868,0.0,0.0,0.105,0.026,0.0,0.0,0.0,0.0,0.0,0.0,0.0,0.0,0.0,0.0,hallways alleyways sideways
2628,##under,suffix,38,0,NOUN,,,0.763,0.053,0.0,0.0,0.184,0.0,0.0,0.0,0.0,0.0,0.0,0.0,0.0,0.0,0.0,misunderstood misunderstanding blunderland
2068,##ont,suffix,37,0,NOUN,,,0.757,0.0,0.027,0.0,0.216,0.0,0.0,0.0,0.0,0.0,0.0,0.0,0.0,0.0,0.0,brontosaurus paleontologist spontaneous
2924,##ention,suffix,37,0,NOUN,,,1.0,0.0,0.0,0.0,0.0,0.0,0.0,0.0,0.0,0.0,0.0,0.0,0.0,0.0,0.0,intentions intention
2633,##room,suffix,33,0,NOUN,,,0.939,0.0,0.0,0.0,0.061,0.0,0.0,0.0,0.0,0.0,0.0,0.0,0.0,0.0,0.0,bedroom vroom ballroom
2578,##rance,suffix,32,0,NOUN,,,0.906,0.0,0.0,0.0,0.094,0.0,0.0,0.0,0.0,0.0,0.0,0.0,0.0,0.0,0.0,remembrance fragrance
1078,##kes,suffix,31,0,NOUN,,,0.71,0.194,0.0,0.0,0.097,0.0,0.0,0.0,0.0,0.0,0.0,0.0,0.0,0.0,0.0,flakes strikes yikes
1566,##ents,suffix,31,0,NOUN,,,0.968,0.0,0.0,0.0,0.032,0.0,0.0,0.0,0.0,0.0,0.0,0.0,0.0,0.0,0.0,agents arguments documents
1631,##elling,suffix,30,0,NOUN,,,0.633,0.3,0.033,0.0,0.033,0.0,0.0,0.0,0.0,0.0,0.0,0.0,0.0,0.0,0.0,storytelling compelling dispelling
1324,##ger,suffix,29,0,NOUN,,,0.862,0.069,0.0,0.0,0.069,0.0,0.0,0.0,0.0,0.0,0.0,0.0,0.0,0.0,0.0,badger burgers burger
3013,##zation,suffix,29,0,NOUN,,,1.0,0.0,0.0,0.0,0.0,0.0,0.0,0.0,0.0,0.0,0.0,0.0,0.0,0.0,0.0,realization
1708,##ray,suffix,27,0,NOUN,,,0.556,0.0,0.0,0.407,0.0,0.0,0.0,0.037,0.0,0.0,0.0,0.0,0.0,0.0,0.0,astray stingray sunrays
3531,##ship,suffix,27,0,NOUN,,,0.963,0.037,0.0,0.0,0.0,0.0,0.0,0.0,0.0,0.0,0.0,0.0,0.0,0.0,0.0,leadership airship airships
1235,##here,suffix,26,0,NOUN,,,0.692,0.077,0.115,0.0,0.115,0.0,0.0,0.0,0.0,0.0,0.0,0.0,0.0,0.0,0.0,sphere tethered spheres
1258,##ash,suffix,25,0,NOUN,,,0.92,0.08,0.0,0.0,0.0,0.0,0.0,0.0,0.0,0.0,0.0,0.0,0.0,0.0,0.0,stash smash
1329,##ery,suffix,25,0,NOUN,,,0.96,0.0,0.0,0.0,0.04,0.0,0.0,0.0,0.0,0.0,0.0,0.0,0.0,0.0,0.0,trickery greenery mockery
270,##ought,suffix,23,0,NOUN,,,1.0,0.0,0.0,0.0,0.0,0.0,0.0,0.0,0.0,0.0,0.0,0.0,0.0,0.0,0.0,drought droughts
3112,##cast,suffix,23,0,NOUN,,,0.957,0.043,0.0,0.0,0.0,0.0,0.0,0.0,0.0,0.0,0.0,0.0,0.0,0.0,0.0,outcast downcast outcasts
3938,##sters,suffix,23,0,NOUN,,,1.0,0.0,0.0,0.0,0.0,0.0,0.0,0.0,0.0,0.0,0.0,0.0,0.0,0.0,0.0,posters clusters
863,##iny,suffix,22,0,NOUN,,,0.909,0.0,0.0,0.0,0.091,0.0,0.0,0.0,0.0,0.0,0.0,0.0,0.0,0.0,0.0,destiny mutiny
1882,##acks,suffix,22,0,NOUN,,,0.955,0.045,0.0,0.0,0.0,0.0,0.0,0.0,0.0,0.0,0.0,0.0,0.0,0.0,0.0,attacks stacks flashbacks
3638,##ians,suffix,22,0,NOUN,,,0.909,0.0,0.0,0.0,0.091,0.0,0.0,0.0,0.0,0.0,0.0,0.0,0.0,0.0,0.0,musicians comedians librarians
1229,##ones,suffix,20,0,NOUN,,,0.75,0.0,0.25,0.0,0.0,0.0,0.0,0.0,0.0,0.0,0.0,0.0,0.0,0.0,0.0,dishonest tombstones dishonesty
3169,##key,suffix,19,0,NOUN,,,0.737,0.0,0.0,0.0,0.263,0.0,0.0,0.0,0.0,0.0,0.0,0.0,0.0,0.0,0.0,turkey donkey
237,##ong,suffix,18,0,NOUN,,,0.889,0.0,0.0,0.0,0.111,0.0,0.0,0.0,0.0,0.0,0.0,0.0,0.0,0.0,0.0,sponge shadowsong throng
397,##ange,suffix,18,0,NOUN,,,0.722,0.278,0.0,0.0,0.0,0.0,0.0,0.0,0.0,0.0,0.0,0.0,0.0,0.0,0.0,exchange exchanges
2024,##ages,suffix,18,0,NOUN,,,1.0,0.0,0.0,0.0,0.0,0.0,0.0,0.0,0.0,0.0,0.0,0.0,0.0,0.0,0.0,passages carriages languages
212,##den,suffix,16,0,NOUN,,,0.625,0.062,0.312,0.0,0.0,0.0,0.0,0.0,0.0,0.0,0.0,0.0,0.0,0.0,0.0,trident undeniable coincidence
2877,##unk,suffix,16,0,NOUN,,,0.75,0.125,0.125,0.0,0.0,0.0,0.0,0.0,0.0,0.0,0.0,0.0,0.0,0.0,0.0,chunk chipmunk drunk
683,##eter,suffix,15,0,NOUN,,,1.0,0.0,0.0,0.0,0.0,0.0,0.0,0.0,0.0,0.0,0.0,0.0,0.0,0.0,0.0,cemetery
3256,##cious,suffix,15,0,NOUN,,,0.8,0.0,0.0,0.0,0.2,0.0,0.0,0.0,0.0,0.0,0.0,0.0,0.0,0.0,0.0,consciousness
274,##fu,suffix,14,0,NOUN,,,0.5,0.071,0.0,0.0,0.429,0.0,0.0,0.0,0.0,0.0,0.0,0.0,0.0,0.0,0.0,perfume rufus frankfurter
865,##ool,suffix,14,0,NOUN,,,1.0,0.0,0.0,0.0,0.0,0.0,0.0,0.0,0.0,0.0,0.0,0.0,0.0,0.0,0.0,whirlpool toadstools toadstool
2226,##iety,suffix,14,0,NOUN,,,1.0,0.0,0.0,0.0,0.0,0.0,0.0,0.0,0.0,0.0,0.0,0.0,0.0,0.0,0.0,anxiety
2960,##ift,suffix,14,0,NOUN,,,0.429,0.143,0.357,0.0,0.071,0.0,0.0,0.0,0.0,0.0,0.0,0.0,0.0,0.0,0.0,makeshift shapeshifter shapeshifting
1043,##imes,suffix,13,0,NOUN,,,0.846,0.154,0.0,0.0,0.0,0.0,0.0,0.0,0.0,0.0,0.0,0.0,0.0,0.0,0.0,chimes crimes
1352,##oon,suffix,13,0,NOUN,,,0.923,0.0,0.0,0.0,0.077,0.0,0.0,0.0,0.0,0.0,0.0,0.0,0.0,0.0,0.0,lagoon harpoon swoon
1539,##ister,suffix,13,0,NOUN,,,0.538,0.154,0.308,0.0,0.0,0.0,0.0,0.0,0.0,0.0,0.0,0.0,0.0,0.0,0.0,sinister blistering
1960,##enge,suffix,13,0,NOUN,,,0.846,0.0,0.077,0.0,0.077,0.0,0.0,0.0,0.0,0.0,0.0,0.0,0.0,0.0,0.0,messenger passengers passenger
1725,##ron,suffix,12,0,NOUN,,,0.833,0.0,0.0,0.0,0.167,0.0,0.0,0.0,0.0,0.0,0.0,0.0,0.0,0.0,0.0,apron saffron patrons
3900,##ison,suffix,12,0,NOUN,,,0.667,0.333,0.0,0.0,0.0,0.0,0.0,0.0,0.0,0.0,0.0,0.0,0.0,0.0,0.0,poison comparison poisoned
2241,##esh,suffix,11,0,NOUN,,,0.818,0.182,0.0,0.0,0.0,0.0,0.0,0.0,0.0,0.0,0.0,0.0,0.0,0.0,0.0,threshold flesh foreshadowing
391,##our,suffix,10,0,NOUN,,,0.5,0.5,0.0,0.0,0.0,0.0,0.0,0.0,0.0,0.0,0.0,0.0,0.0,0.0,0.0,scoured detours downpour
327,##lor,suffix,9,0,NOUN,,,0.667,0.0,0.0,0.0,0.333,0.0,0.0,0.0,0.0,0.0,0.0,0.0,0.0,0.0,0.0,overlord veloria folklore
1102,##bbit,suffix,9,0,NOUN,,,0.778,0.0,0.0,0.0,0.222,0.0,0.0,0.0,0.0,0.0,0.0,0.0,0.0,0.0,0.0,ribbit
2781,##fort,suffix,9,0,NOUN,,,0.778,0.0,0.111,0.111,0.0,0.0,0.0,0.0,0.0,0.0,0.0,0.0,0.0,0.0,0.0,misfortune uncomfortable uncomfortably
2864,##ales,suffix,9,0,NOUN,,,1.0,0.0,0.0,0.0,0.0,0.0,0.0,0.0,0.0,0.0,0.0,0.0,0.0,0.0,0.0,tamales opalescent
3506,##ibilities,suffix,9,0,NOUN,,,1.0,0.0,0.0,0.0,0.0,0.0,0.0,0.0,0.0,0.0,0.0,0.0,0.0,0.0,0.0,responsibilities
3719,##ushes,suffix,9,0,NOUN,,,0.778,0.222,0.0,0.0,0.0,0.0,0.0,0.0,0.0,0.0,0.0,0.0,0.0,0.0,0.0,paintbrushes blushes
849,##aces,suffix,8,0,NOUN,,,1.0,0.0,0.0,0.0,0.0,0.0,0.0,0.0,0.0,0.0,0.0,0.0,0.0,0.0,0.0,shoelaces
2172,##ounc,suffix,8,0,NOUN,,,0.625,0.375,0.0,0.0,0.0,0.0,0.0,0.0,0.0,0.0,0.0,0.0,0.0,0.0,0.0,announcer announcing announces
2283,##ths,suffix,8,0,NOUN,,,1.0,0.0,0.0,0.0,0.0,0.0,0.0,0.0,0.0,0.0,0.0,0.0,0.0,0.0,0.0,myths moths
2482,##ughter,suffix,8,0,NOUN,,,1.0,0.0,0.0,0.0,0.0,0.0,0.0,0.0,0.0,0.0,0.0,0.0,0.0,0.0,0.0,granddaughter
2933,##olk,suffix,8,0,NOUN,,,1.0,0.0,0.0,0.0,0.0,0.0,0.0,0.0,0.0,0.0,0.0,0.0,0.0,0.0,0.0,snowfolk
815,##oman,suffix,7,0,NOUN,,,1.0,0.0,0.0,0.0,0.0,0.0,0.0,0.0,0.0,0.0,0.0,0.0,0.0,0.0,0.0,noblewoman
2262,##erm,suffix,7,0,NOUN,,,1.0,0.0,0.0,0.0,0.0,0.0,0.0,0.0,0.0,0.0,0.0,0.0,0.0,0.0,0.0,quartermaster empowerment peppermint
3234,##aint,suffix,7,0,NOUN,,,0.571,0.286,0.0,0.143,0.0,0.0,0.0,0.0,0.0,0.0,0.0,0.0,0.0,0.0,0.0,quaint quaintly repaint
994,##ouse,suffix,6,0,NOUN,,,1.0,0.0,0.0,0.0,0.0,0.0,0.0,0.0,0.0,0.0,0.0,0.0,0.0,0.0,0.0,carousel
1042,##ebr,suffix,6,0,NOUN,,,1.0,0.0,0.0,0.0,0.0,0.0,0.0,0.0,0.0,0.0,0.0,0.0,0.0,0.0,0.0,zebra
1077,##ost,suffix,6,0,NOUN,,,0.833,0.0,0.0,0.167,0.0,0.0,0.0,0.0,0.0,0.0,0.0,0.0,0.0,0.0,0.0,boost compost boosters
1892,##elves,suffix,6,0,NOUN,,,1.0,0.0,0.0,0.0,0.0,0.0,0.0,0.0,0.0,0.0,0.0,0.0,0.0,0.0,0.0,yourselves
1113,##ass,suffix,5,0,NOUN,,,0.4,0.2,0.4,0.0,0.0,0.0,0.0,0.0,0.0,0.0,0.0,0.0,0.0,0.0,0.0,trespassed trespassers impasse
1540,##very,suffix,5,0,NOUN,,,1.0,0.0,0.0,0.0,0.0,0.0,0.0,0.0,0.0,0.0,0.0,0.0,0.0,0.0,0.0,rediscovery thievery
2562,##vice,suffix,5,0,NOUN,,,1.0,0.0,0.0,0.0,0.0,0.0,0.0,0.0,0.0,0.0,0.0,0.0,0.0,0.0,0.0,service crevice crevices
2930,##umn,suffix,5,0,NOUN,,,1.0,0.0,0.0,0.0,0.0,0.0,0.0,0.0,0.0,0.0,0.0,0.0,0.0,0.0,0.0,columns column
2965,##ety,suffix,5,0,NOUN,,,1.0,0.0,0.0,0.0,0.0,0.0,0.0,0.0,0.0,0.0,0.0,0.0,0.0,0.0,0.0,rickety
309,##nder,suffix,4,0,NOUN,,,0.75,0.25,0.0,0.0,0.0,0.0,0.0,0.0,0.0,0.0,0.0,0.0,0.0,0.0,0.0,fonder hinder
313,##uel,suffix,4,0,NOUN,,,1.0,0.0,0.0,0.0,0.0,0.0,0.0,0.0,0.0,0.0,0.0,0.0,0.0,0.0,0.0,duel
835,##thing,suffix,4,0,NOUN,,,0.5,0.5,0.0,0.0,0.0,0.0,0.0,0.0,0.0,0.0,0.0,0.0,0.0,0.0,0.0,plaything unearthing
362,##rough,suffix,3,0,NOUN,,,1.0,0.0,0.0,0.0,0.0,0.0,0.0,0.0,0.0,0.0,0.0,0.0,0.0,0.0,0.0,breakthrough
731,##iet,suffix,3,0,NOUN,,,1.0,0.0,0.0,0.0,0.0,0.0,0.0,0.0,0.0,0.0,0.0,0.0,0.0,0.0,0.0,societies
1924,##ature,suffix,3,0,NOUN,,,1.0,0.0,0.0,0.0,0.0,0.0,0.0,0.0,0.0,0.0,0.0,0.0,0.0,0.0,0.0,temperature signatures
2474,##omes,suffix,3,0,NOUN,,,1.0,0.0,0.0,0.0,0.0,0.0,0.0,0.0,0.0,0.0,0.0,0.0,0.0,0.0,0.0,gnomes
500,##elf,suffix,2,0,NOUN,,,0.5,0.0,0.5,0.0,0.0,0.0,0.0,0.0,0.0,0.0,0.0,0.0,0.0,0.0,0.0,angelfish twelfth
564,##other,suffix,2,0,NOUN,,,0.5,0.5,0.0,0.0,0.0,0.0,0.0,0.0,0.0,0.0,0.0,0.0,0.0,0.0,0.0,godmother smothering
1239,##ames,suffix,2,0,NOUN,,,1.0,0.0,0.0,0.0,0.0,0.0,0.0,0.0,0.0,0.0,0.0,0.0,0.0,0.0,0.0,frames
1545,##bow,suffix,2,0,NOUN,,,1.0,0.0,0.0,0.0,0.0,0.0,0.0,0.0,0.0,0.0,0.0,0.0,0.0,0.0,0.0,fishbowl
2089,##tory,suffix,2,0,NOUN,,,1.0,0.0,0.0,0.0,0.0,0.0,0.0,0.0,0.0,0.0,0.0,0.0,0.0,0.0,0.0,territory
2203,##ivity,suffix,2,0,NOUN,,,1.0,0.0,0.0,0.0,0.0,0.0,0.0,0.0,0.0,0.0,0.0,0.0,0.0,0.0,0.0,activity positivity
2372,##rot,suffix,2,0,NOUN,,,0.5,0.5,0.0,0.0,0.0,0.0,0.0,0.0,0.0,0.0,0.0,0.0,0.0,0.0,0.0,betrothal rewrote
2953,##folk,suffix,2,0,NOUN,,,1.0,0.0,0.0,0.0,0.0,0.0,0.0,0.0,0.0,0.0,0.0,0.0,0.0,0.0,0.0,merfolk
3187,##vest,suffix,2,0,NOUN,,,1.0,0.0,0.0,0.0,0.0,0.0,0.0,0.0,0.0,0.0,0.0,0.0,0.0,0.0,0.0,gravestone
3481,##zen,suffix,2,0,NOUN,,,1.0,0.0,0.0,0.0,0.0,0.0,0.0,0.0,0.0,0.0,0.0,0.0,0.0,0.0,0.0,dozens
1030,##osaur,suffix,1,0,NOUN,,,1.0,0.0,0.0,0.0,0.0,0.0,0.0,0.0,0.0,0.0,0.0,0.0,0.0,0.0,0.0,pterosaur
1715,##ief,suffix,1,0,NOUN,,,1.0,0.0,0.0,0.0,0.0,0.0,0.0,0.0,0.0,0.0,0.0,0.0,0.0,0.0,0.0,chief
2489,##haps,suffix,1,0,NOUN,,,1.0,0.0,0.0,0.0,0.0,0.0,0.0,0.0,0.0,0.0,0.0,0.0,0.0,0.0,0.0,mishaps
2576,##nic,suffix,1,0,NOUN,,,1.0,0.0,0.0,0.0,0.0,0.0,0.0,0.0,0.0,0.0,0.0,0.0,0.0,0.0,0.0,technician
2629,##ask,suffix,1,0,NOUN,,,1.0,0.0,0.0,0.0,0.0,0.0,0.0,0.0,0.0,0.0,0.0,0.0,0.0,0.0,0.0,wastebasket
3495,##ences,suffix,1,0,NOUN,,,1.0,0.0,0.0,0.0,0.0,0.0,0.0,0.0,0.0,0.0,0.0,0.0,0.0,0.0,0.0,sentences
3523,##esc,suffix,1,0,NOUN,,,1.0,0.0,0.0,0.0,0.0,0.0,0.0,0.0,0.0,0.0,0.0,0.0,0.0,0.0,0.0,bioluminescent
3921,##ffee,suffix,1,0,NOUN,,,1.0,0.0,0.0,0.0,0.0,0.0,0.0,0.0,0.0,0.0,0.0,0.0,0.0,0.0,0.0,toffee
3958,##oses,suffix,1,0,NOUN,,,1.0,0.0,0.0,0.0,0.0,0.0,0.0,0.0,0.0,0.0,0.0,0.0,0.0,0.0,0.0,gooses
1644,##irt,suffix,39,0,NUM,,,0.256,0.026,0.077,0.026,0.128,0.0,0.0,0.0,0.0,0.0,0.0,0.0,0.487,0.0,0.0,thirty rebirth mirthful
1962,##selves,suffix,79,0,PRON,,,0.0,0.0,0.0,0.0,0.0,1.0,0.0,0.0,0.0,0.0,0.0,0.0,0.0,0.0,0.0,ourselves
1756,##dy,suffix,373,0,PROPN,,,0.083,0.003,0.346,0.0,0.426,0.142,0.0,0.0,0.0,0.0,0.0,0.0,0.0,0.0,0.0,muddy teddy buddy
241,##ia,suffix,300,0,PROPN,,,0.143,0.057,0.187,0.03,0.583,0.0,0.0,0.0,0.0,0.0,0.0,0.0,0.0,0.0,0.0,eldoria peculiar miniature
988,##land,suffix,207,0,PROPN,,,0.314,0.0,0.005,0.0,0.681,0.0,0.0,0.0,0.0,0.0,0.0,0.0,0.0,0.0,0.0,dreamland wonderland starland
1094,##day,suffix,166,0,PROPN,,,0.229,0.0,0.157,0.253,0.361,0.0,0.0,0.0,0.0,0.0,0.0,0.0,0.0,0.0,0.0,someday yesterday saturday
3877,##ric,suffix,125,0,PROPN,,,0.328,0.024,0.296,0.0,0.352,0.0,0.0,0.0,0.0,0.0,0.0,0.0,0.0,0.0,0.0,ostrich electric licorice
1869,##uff,suffix,115,0,PROPN,,,0.139,0.417,0.009,0.017,0.417,0.0,0.0,0.0,0.0,0.0,0.0,0.0,0.0,0.0,0.0,macguffin stuffed stuff
3794,##osaurus,suffix,90,0,PROPN,,,0.433,0.0,0.0,0.0,0.567,0.0,0.0,0.0,0.0,0.0,0.0,0.0,0.0,0.0,0.0,stegosaurus brontosaurus spinosaurus
1026,##aur,suffix,56,0,PROPN,,,0.393,0.0,0.0,0.0,0.607,0.0,0.0,0.0,0.0,0.0,0.0,0.0,0.0,0.0,0.0,ankylosaurus restaurant carnotaurus
221,##ark,suffix,46,0,PROPN,,,0.261,0.304,0.043,0.022,0.37,0.0,0.0,0.0,0.0,0.0,0.0,0.0,0.0,0.0,0.0,aardvark embark embarked
2406,##hood,suffix,27,0,PROPN,,,0.37,0.0,0.0,0.0,0.63,0.0,0.0,0.0,0.0,0.0,0.0,0.0,0.0,0.0,0.0,brotherhood sisterhood
3097,##sy,suffix,25,0,PROPN,,,0.12,0.04,0.16,0.0,0.68,0.0,0.0,0.0,0.0,0.0,0.0,0.0,0.0,0.0,0.0,whimsy rosy whimsyville
807,##imb,suffix,17,0,PROPN,,,0.0,0.0,0.176,0.0,0.824,0.0,0.0,0.0,0.0,0.0,0.0,0.0,0.0,0.0,0.0,nimbus nimble nimbia
3049,##water,suffix,15,0,PROPN,,,0.4,0.0,0.0,0.0,0.6,0.0,0.0,0.0,0.0,0.0,0.0,0.0,0.0,0.0,0.0,saltwater bluewater brightwater
686,##lew,suffix,9,0,PROPN,,,0.111,0.0,0.0,0.0,0.889,0.0,0.0,0.0,0.0,0.0,0.0,0.0,0.0,0.0,0.0,maplewood tanglewood tumbleweed
2413,##hen,suffix,6,0,PROPN,,,0.167,0.167,0.0,0.0,0.667,0.0,0.0,0.0,0.0,0.0,0.0,0.0,0.0,0.0,0.0,ashenwood authenticity comprehend
1411,##reen,suffix,2,0,PROPN,,,0.0,0.0,0.5,0.0,0.5,0.0,0.0,0.0,0.0,0.0,0.0,0.0,0.0,0.0,0.0,sunscreen evergreen
923,##eng,suffix,1,0,PROPN,,,0.0,0.0,0.0,0.0,1.0,0.0,0.0,0.0,0.0,0.0,0.0,0.0,0.0,0.0,0.0,jenga
1619,##alley,suffix,1,0,PROPN,,,0.0,0.0,0.0,0.0,1.0,0.0,0.0,0.0,0.0,0.0,0.0,0.0,0.0,0.0,0.0,greenvalley
1194,##ough,suffix,29,0,SCONJ,,,0.0,0.0,0.0,0.103,0.0,0.0,0.0,0.0,0.0,0.0,0.0,0.897,0.0,0.0,0.0,although thoroughly
92,##ing,suffix,9040,0,VERB,,,0.111,0.831,0.047,0.004,0.007,0.0,0.0,0.0,0.0,0.0,0.0,0.0,0.0,0.0,0.0,hanging touching fixing
86,##ed,suffix,7235,0,VERB,,,0.007,0.92,0.058,0.001,0.014,0.0,0.0,0.0,0.0,0.0,0.0,0.0,0.0,0.0,0.0,checked blocked rocked
70,##d,suffix,4125,0,VERB,,,0.297,0.539,0.116,0.015,0.031,0.0,0.0,0.0,0.0,0.0,0.0,0.0,0.002,0.0,0.0,surged shed cursed
183,##led,suffix,1097,0,VERB,,,0.002,0.955,0.04,0.0,0.003,0.0,0.0,0.0,0.0,0.0,0.0,0.0,0.0,0.0,0.0,crackled huddled squealed
159,##ve,suffix,881,0,VERB,,,0.35,0.538,0.02,0.0,0.01,0.0,0.0,0.0,0.0,0.0,0.0,0.0,0.082,0.0,0.0,weave cove thrive
510,##ting,suffix,655,0,VERB,,,0.06,0.896,0.038,0.006,0.0,0.0,0.0,0.0,0.0,0.0,0.0,0.0,0.0,0.0,0.0,haunting cutting panting
448,##ling,suffix,632,0,VERB,,,0.097,0.869,0.025,0.002,0.008,0.0,0.0,0.0,0.0,0.0,0.0,0.0,0.0,0.0,0.0,crumbling dazzling sealing
625,##ate,suffix,600,0,VERB,,,0.185,0.46,0.268,0.073,0.013,0.0,0.0,0.0,0.0,0.0,0.0,0.0,0.0,0.0,0.0,appreciate investigate desperate
306,##ched,suffix,587,0,VERB,,,0.003,0.894,0.099,0.002,0.002,0.0,0.0,0.0,0.0,0.0,0.0,0.0,0.0,0.0,0.0,clutched launched sketched
166,##ted,suffix,573,0,VERB,,,0.0,0.979,0.017,0.002,0.002,0.0,0.0,0.0,0.0,0.0,0.0,0.0,0.0,0.0,0.0,darted inserted chatted
152,##ked,suffix,521,0,VERB,,,0.0,0.987,0.012,0.0,0.002,0.0,0.0,0.0,0.0,0.0,0.0,0.0,0.0,0.0,0.0,lurked panicked winked
288,##king,suffix,490,0,VERB,,,0.055,0.924,0.012,0.002,0.006,0.0,0.0,0.0,0.0,0.0,0.0,0.0,0.0,0.0,0.0,waking lurking peeking
104,##an,suffix,489,0,VERB,,,0.376,0.476,0.039,0.0,0.108,0.0,0.0,0.0,0.0,0.0,0.0,0.0,0.0,0.0,0.0,banana scanned organized
123,##re,suffix,469,0,VERB,,,0.367,0.392,0.171,0.053,0.017,0.0,0.0,0.0,0.0,0.0,0.0,0.0,0.0,0.0,0.0,appreciate shipwreck chores
595,##ving,suffix,465,0,VERB,,,0.351,0.606,0.03,0.009,0.004,0.0,0.0,0.0,0.0,0.0,0.0,0.0,0.0,0.0,0.0,carvings solving diving
414,##ened,suffix,463,0,VERB,,,0.0,0.823,0.168,0.0,0.009,0.0,0.0,0.0,0.0,0.0,0.0,0.0,0.0,0.0,0.0,frightened deepened softened
1835,##ged,suffix,462,0,VERB,,,0.093,0.881,0.017,0.0,0.009,0.0,0.0,0.0,0.0,0.0,0.0,0.0,0.0,0.0,0.0,begged charged dodged
790,##ng,suffix,443,0,VERB,,,0.436,0.467,0.018,0.005,0.074,0.0,0.0,0.0,0.0,0.0,0.0,0.0,0.0,0.0,0.0,ceiling clung arranged
3623,##ping,suffix,421,0,VERB,,,0.097,0.888,0.014,0.0,0.0,0.0,0.0,0.0,0.0,0.0,0.0,0.0,0.0,0.0,0.0,hopping chirping gasping
2185,##red,suffix,409,0,VERB,,,0.23,0.469,0.279,0.0,0.002,0.0,0.0,0.0,0.0,0.0,0.0,0.0,0.02,0.0,0.0,bored ingredients blurred
1343,##pping,suffix,387,0,VERB,,,0.072,0.822,0.106,0.0,0.0,0.0,0.0,0.0,0.0,0.0,0.0,0.0,0.0,0.0,0.0,flapping clapping gripping
2334,##ening,suffix,385,0,VERB,,,0.091,0.826,0.068,0.016,0.0,0.0,0.0,0.0,0.0,0.0,0.0,0.0,0.0,0.0,0.0,brightening glistening threatening
184,##end,suffix,368,0,VERB,,,0.302,0.63,0.03,0.019,0.019,0.0,0.0,0.0,0.0,0.0,0.0,0.0,0.0,0.0,0.0,descended weekend spend
764,##ove,suffix,356,0,VERB,,,0.365,0.441,0.152,0.006,0.037,0.0,0.0,0.0,0.0,0.0,0.0,0.0,0.0,0.0,0.0,drove grove beloved
271,##ved,suffix,342,0,VERB,,,0.0,0.904,0.096,0.0,0.0,0.0,0.0,0.0,0.0,0.0,0.0,0.0,0.0,0.0,0.0,relieved served craved
211,##ned,suffix,336,0,VERB,,,0.0,0.961,0.036,0.0,0.003,0.0,0.0,0.0,0.0,0.0,0.0,0.0,0.0,0.0,0.0,burned scanned earned
728,##ated,suffix,318,0,VERB,,,0.0,0.843,0.126,0.0,0.031,0.0,0.0,0.0,0.0,0.0,0.0,0.0,0.0,0.0,0.0,fascinated illuminated navigated
1432,##are,suffix,311,0,VERB,,,0.322,0.659,0.01,0.0,0.01,0.0,0.0,0.0,0.0,0.0,0.0,0.0,0.0,0.0,0.0,prepare beware nightmares
566,##ning,suffix,308,0,VERB,,,0.081,0.627,0.292,0.0,0.0,0.0,0.0,0.0,0.0,0.0,0.0,0.0,0.0,0.0,0.0,stunning scanning burning
170,##am,suffix,303,0,VERB,,,0.251,0.657,0.053,0.0,0.04,0.0,0.0,0.0,0.0,0.0,0.0,0.0,0.0,0.0,0.0,examined slammed stammered
213,##ered,suffix,294,0,VERB,,,0.003,0.966,0.027,0.0,0.003,0.0,0.0,0.0,0.0,0.0,0.0,0.0,0.0,0.0,0.0,sneered lowered steered
285,##ore,suffix,291,0,VERB,,,0.292,0.574,0.003,0.117,0.014,0.0,0.0,0.0,0.0,0.0,0.0,0.0,0.0,0.0,0.0,score ignore restore
2862,##ding,suffix,289,0,VERB,,,0.107,0.872,0.01,0.0,0.01,0.0,0.0,0.0,0.0,0.0,0.0,0.0,0.0,0.0,0.0,riding nodding sliding
881,##ined,suffix,286,0,VERB,,,0.0,0.99,0.01,0.0,0.0,0.0,0.0,0.0,0.0,0.0,0.0,0.0,0.0,0.0,0.0,gained intertwined examined
2219,##ored,suffix,279,0,VERB,,,0.0,1.0,0.0,0.0,0.0,0.0,0.0,0.0,0.0,0.0,0.0,0.0,0.0,0.0,0.0,scored ignored rumored
650,##ching,suffix,274,0,VERB,,,0.058,0.942,0.0,0.0,0.0,0.0,0.0,0.0,0.0,0.0,0.0,0.0,0.0,0.0,0.0,scratching sketching munching
2378,##ging,suffix,269,0,VERB,,,0.022,0.929,0.041,0.007,0.0,0.0,0.0,0.0,0.0,0.0,0.0,0.0,0.0,0.0,0.0,dodging hugging raging
430,##ven,suffix,267,0,VERB,,,0.202,0.592,0.067,0.007,0.112,0.0,0.0,0.0,0.0,0.0,0.0,0.0,0.019,0.0,0.0,driven woven oven
1082,##med,suffix,266,0,VERB,,,0.0,0.868,0.105,0.023,0.004,0.0,0.0,0.0,0.0,0.0,0.0,0.0,0.0,0.0,0.0,performed slammed overwhelmed
460,##sed,suffix,256,0,VERB,,,0.0,0.996,0.004,0.0,0.0,0.0,0.0,0.0,0.0,0.0,0.0,0.0,0.0,0.0,0.0,released kissed hissed
2244,##ming,suffix,254,0,VERB,,,0.122,0.768,0.11,0.0,0.0,0.0,0.0,0.0,0.0,0.0,0.0,0.0,0.0,0.0,0.0,gleaming humming beaming
1454,##ating,suffix,253,0,VERB,,,0.111,0.822,0.04,0.0,0.028,0.0,0.0,0.0,0.0,0.0,0.0,0.0,0.0,0.0,0.0,illuminating skating decorating
1013,##ud,suffix,245,0,VERB,,,0.457,0.478,0.041,0.008,0.016,0.0,0.0,0.0,0.0,0.0,0.0,0.0,0.0,0.0,0.0,thud nudged including
2635,##ipped,suffix,245,0,VERB,,,0.0,0.996,0.004,0.0,0.0,0.0,0.0,0.0,0.0,0.0,0.0,0.0,0.0,0.0,0.0,skipped zipped whipped
642,##ish,suffix,244,0,VERB,,,0.225,0.525,0.221,0.02,0.008,0.0,0.0,0.0,0.0,0.0,0.0,0.0,0.0,0.0,0.0,vanish flourish selfish
648,##ded,suffix,242,0,VERB,,,0.0,0.992,0.008,0.0,0.0,0.0,0.0,0.0,0.0,0.0,0.0,0.0,0.0,0.0,0.0,exploded pleaded demanded
1921,##ured,suffix,237,0,VERB,,,0.0,0.966,0.034,0.0,0.0,0.0,0.0,0.0,0.0,0.0,0.0,0.0,0.0,0.0,0.0,murmured captured nurtured
3860,##ced,suffix,233,0,VERB,,,0.004,0.987,0.009,0.0,0.0,0.0,0.0,0.0,0.0,0.0,0.0,0.0,0.0,0.0,0.0,traced introduced pierced
2577,##ale,suffix,231,0,VERB,,,0.247,0.381,0.048,0.0,0.325,0.0,0.0,0.0,0.0,0.0,0.0,0.0,0.0,0.0,0.0,pedaled scale greenvale
603,##ped,suffix,226,0,VERB,,,0.0,0.987,0.013,0.0,0.0,0.0,0.0,0.0,0.0,0.0,0.0,0.0,0.0,0.0,0.0,typed bumped stomped
1147,##ilt,suffix,210,0,VERB,,,0.143,0.848,0.01,0.0,0.0,0.0,0.0,0.0,0.0,0.0,0.0,0.0,0.0,0.0,0.0,wilting tilting wilt
1278,##sing,suffix,209,0,VERB,,,0.072,0.818,0.105,0.005,0.0,0.0,0.0,0.0,0.0,0.0,0.0,0.0,0.0,0.0,0.0,choosing teasing confusing
840,##ering,suffix,207,0,VERB,,,0.106,0.889,0.005,0.0,0.0,0.0,0.0,0.0,0.0,0.0,0.0,0.0,0.0,0.0,0.0,offering pondering steering
204,##ain,suffix,206,0,VERB,,,0.136,0.578,0.272,0.015,0.0,0.0,0.0,0.0,0.0,0.0,0.0,0.0,0.0,0.0,0.0,plain explain explaining
1092,##tered,suffix,205,0,VERB,,,0.0,0.859,0.141,0.0,0.0,0.0,0.0,0.0,0.0,0.0,0.0,0.0,0.0,0.0,0.0,encountered tattered muttered
168,##ind,suffix,204,0,VERB,,,0.27,0.554,0.152,0.015,0.01,0.0,0.0,0.0,0.0,0.0,0.0,0.0,0.0,0.0,0.0,blind whirlwind blinded
1091,##ken,suffix,201,0,VERB,,,0.169,0.522,0.194,0.0,0.109,0.0,0.0,0.0,0.0,0.0,0.0,0.0,0.0,0.0,0.005,awakened heartbroken sunken
84,##he,suffix,199,0,VERB,,,0.201,0.477,0.276,0.0,0.04,0.005,0.0,0.0,0.0,0.0,0.0,0.0,0.0,0.0,0.0,overheard overwhelmed spaghetti
3383,##ized,suffix,191,0,VERB,,,0.0,0.974,0.016,0.0,0.01,0.0,0.0,0.0,0.0,0.0,0.0,0.0,0.0,0.0,0.0,organized recognized mesmerized
1187,##we,suffix,186,0,VERB,,,0.247,0.624,0.054,0.0,0.075,0.0,0.0,0.0,0.0,0.0,0.0,0.0,0.0,0.0,0.0,rowed cobwebs cawed
756,##gg,suffix,182,0,VERB,,,0.379,0.445,0.082,0.0,0.093,0.0,0.0,0.0,0.0,0.0,0.0,0.0,0.0,0.0,0.0,juggled juggling veggies
2572,##dd,suffix,182,0,VERB,,,0.253,0.654,0.022,0.005,0.066,0.0,0.0,0.0,0.0,0.0,0.0,0.0,0.0,0.0,0.0,huddled wedding waddled
1968,##uring,suffix,180,0,VERB,,,0.028,0.922,0.05,0.0,0.0,0.0,0.0,0.0,0.0,0.0,0.0,0.0,0.0,0.0,0.0,capturing nurturing ensuring
1463,##ib,suffix,179,0,VERB,,,0.156,0.291,0.05,0.268,0.235,0.0,0.0,0.0,0.0,0.0,0.0,0.0,0.0,0.0,0.0,incredibly scribbled scribe
83,##j,suffix,177,0,VERB,,,0.068,0.486,0.333,0.006,0.102,0.0,0.0,0.0,0.0,0.0,0.0,0.0,0.0,0.0,0.006,majestic rejoiced adjusted
2438,##ying,suffix,177,0,VERB,,,0.017,0.825,0.158,0.0,0.0,0.0,0.0,0.0,0.0,0.0,0.0,0.0,0.0,0.0,0.0,studying tying dying
2224,##owed,suffix,176,0,VERB,,,0.0,0.994,0.006,0.0,0.0,0.0,0.0,0.0,0.0,0.0,0.0,0.0,0.0,0.0,0.0,swallowed allowed meowed
3236,##oned,suffix,170,0,VERB,,,0.0,0.988,0.006,0.0,0.006,0.0,0.0,0.0,0.0,0.0,0.0,0.0,0.0,0.0,0.0,abandoned beckoned summoned
543,##oke,suffix,169,0,VERB,,,0.183,0.781,0.006,0.0,0.03,0.0,0.0,0.0,0.0,0.0,0.0,0.0,0.0,0.0,0.0,awoke artichoke overlooked
119,##ld,suffix,166,0,VERB,,,0.229,0.608,0.0,0.024,0.139,0.0,0.0,0.0,0.0,0.0,0.0,0.0,0.0,0.0,0.0,folded fold underworld
375,##pped,suffix,166,0,VERB,,,0.0,0.994,0.006,0.0,0.0,0.0,0.0,0.0,0.0,0.0,0.0,0.0,0.0,0.0,0.0,lapped sipped dripped
91,##ea,suffix,164,0,VERB,,,0.152,0.744,0.018,0.0,0.024,0.0,0.0,0.0,0.0,0.0,0.0,0.0,0.0,0.061,0.0,gleaming unleashed gleamed
670,##ised,suffix,164,0,VERB,,,0.0,0.994,0.006,0.0,0.0,0.0,0.0,0.0,0.0,0.0,0.0,0.0,0.0,0.0,0.0,praised advised devised
652,##art,suffix,158,0,VERB,,,0.222,0.703,0.044,0.0,0.032,0.0,0.0,0.0,0.0,0.0,0.0,0.0,0.0,0.0,0.0,outsmart outsmarted disheartened
2902,##aked,suffix,151,0,VERB,,,0.0,0.993,0.007,0.0,0.0,0.0,0.0,0.0,0.0,0.0,0.0,0.0,0.0,0.0,0.0,soaked croaked streaked
380,##own,suffix,150,0,VERB,,,0.26,0.353,0.353,0.0,0.033,0.0,0.0,0.0,0.0,0.0,0.0,0.0,0.0,0.0,0.0,brown drowning drown
89,##nd,suffix,145,0,VERB,,,0.262,0.593,0.062,0.007,0.076,0.0,0.0,0.0,0.0,0.0,0.0,0.0,0.0,0.0,0.0,binding transcended laundry
1967,##ied,suffix,145,0,VERB,,,0.0,0.848,0.145,0.0,0.007,0.0,0.0,0.0,0.0,0.0,0.0,0.0,0.0,0.0,0.0,terrified rallied satisfied
1487,##used,suffix,143,0,VERB,,,0.0,0.979,0.021,0.0,0.0,0.0,0.0,0.0,0.0,0.0,0.0,0.0,0.0,0.0,0.0,caused refused amused
3392,##ilted,suffix,143,0,VERB,,,0.0,0.958,0.042,0.0,0.0,0.0,0.0,0.0,0.0,0.0,0.0,0.0,0.0,0.0,0.0,tilted wilted
1810,##isted,suffix,142,0,VERB,,,0.0,1.0,0.0,0.0,0.0,0.0,0.0,0.0,0.0,0.0,0.0,0.0,0.0,0.0,0.0,insisted existed persisted
1853,##iz,suffix,141,0,VERB,,,0.099,0.837,0.014,0.007,0.043,0.0,0.0,0.0,0.0,0.0,0.0,0.0,0.0,0.0,0.0,organize apologize recognizing
2764,##aw,suffix,141,0,VERB,,,0.149,0.823,0.0,0.0,0.028,0.0,0.0,0.0,0.0,0.0,0.0,0.0,0.0,0.0,0.0,squawked gnawed yawned
1571,##lf,suffix,135,0,VERB,,,0.385,0.4,0.052,0.0,0.067,0.074,0.022,0.0,0.0,0.0,0.0,0.0,0.0,0.0,0.0,elf fulfilled fulfill
2600,##ope,suffix,135,0,VERB,,,0.422,0.533,0.037,0.0,0.007,0.0,0.0,0.0,0.0,0.0,0.0,0.0,0.0,0.0,0.0,enveloped envelope slope
3621,##icing,suffix,131,0,VERB,,,0.008,0.985,0.008,0.0,0.0,0.0,0.0,0.0,0.0,0.0,0.0,0.0,0.0,0.0,0.0,practicing noticing enticing
465,##ild,suffix,126,0,VERB,,,0.063,0.794,0.0,0.0,0.143,0.0,0.0,0.0,0.0,0.0,0.0,0.0,0.0,0.0,0.0,rebuild guild rebuilding
3809,##inted,suffix,123,0,VERB,,,0.0,1.0,0.0,0.0,0.0,0.0,0.0,0.0,0.0,0.0,0.0,0.0,0.0,0.0,0.0,sprinted squinted glinted
1066,##qu,suffix,122,0,VERB,,,0.164,0.393,0.082,0.098,0.262,0.0,0.0,0.0,0.0,0.0,0.0,0.0,0.0,0.0,0.0,inquired required aqua
3838,##using,suffix,122,0,VERB,,,0.008,0.844,0.098,0.041,0.008,0.0,0.0,0.0,0.0,0.0,0.0,0.0,0.0,0.0,0.0,causing refusing amusing
387,##zed,suffix,121,0,VERB,,,0.0,0.959,0.033,0.0,0.008,0.0,0.0,0.0,0.0,0.0,0.0,0.0,0.0,0.0,0.0,squeezed blazed sneezed
1012,##vel,suffix,119,0,VERB,,,0.261,0.664,0.034,0.025,0.017,0.0,0.0,0.0,0.0,0.0,0.0,0.0,0.0,0.0,0.0,marveled level marveling
1110,##ught,suffix,117,0,VERB,,,0.0,0.846,0.137,0.009,0.009,0.0,0.0,0.0,0.0,0.0,0.0,0.0,0.0,0.0,0.0,bought naughty fraught
1662,##iding,suffix,117,0,VERB,,,0.026,0.974,0.0,0.0,0.0,0.0,0.0,0.0,0.0,0.0,0.0,0.0,0.0,0.0,0.0,gliding deciding avoiding
1723,##sc,suffix,117,0,VERB,,,0.137,0.385,0.385,0.0,0.094,0.0,0.0,0.0,0.0,0.0,0.0,0.0,0.0,0.0,0.0,fascinated obscure fascinating
1264,##umbled,suffix,114,0,VERB,,,0.0,1.0,0.0,0.0,0.0,0.0,0.0,0.0,0.0,0.0,0.0,0.0,0.0,0.0,0.0,grumbled tumbled
2267,##oming,suffix,114,0,VERB,,,0.0,0.807,0.193,0.0,0.0,0.0,0.0,0.0,0.0,0.0,0.0,0.0,0.0,0.0,0.0,welcoming overcoming booming
1123,##igg,suffix,113,0,VERB,,,0.071,0.717,0.053,0.044,0.115,0.0,0.0,0.0,0.0,0.0,0.0,0.0,0.0,0.0,0.0,wiggled wiggle wriggled
3070,##zes,suffix,109,0,VERB,,,0.028,0.972,0.0,0.0,0.0,0.0,0.0,0.0,0.0,0.0,0.0,0.0,0.0,0.0,0.0,realizes buzzes mazes
4003,##ivated,suffix,108,0,VERB,,,0.0,1.0,0.0,0.0,0.0,0.0,0.0,0.0,0.0,0.0,0.0,0.0,0.0,0.0,0.0,captivated activated motivated
909,##iv,suffix,107,0,VERB,,,0.318,0.374,0.084,0.0,0.224,0.0,0.0,0.0,0.0,0.0,0.0,0.0,0.0,0.0,0.0,thanksgiving activities festivities
1076,##imed,suffix,107,0,VERB,,,0.0,1.0,0.0,0.0,0.0,0.0,0.0,0.0,0.0,0.0,0.0,0.0,0.0,0.0,0.0,aimed chimed
4000,##rib,suffix,107,0,VERB,,,0.037,0.944,0.0,0.019,0.0,0.0,0.0,0.0,0.0,0.0,0.0,0.0,0.0,0.0,0.0,described describing contributed
2091,##aring,suffix,106,0,VERB,,,0.019,0.962,0.019,0.0,0.0,0.0,0.0,0.0,0.0,0.0,0.0,0.0,0.0,0.0,0.0,preparing glaring declaring
3758,##owing,suffix,106,0,VERB,,,0.0,0.972,0.0,0.028,0.0,0.0,0.0,0.0,0.0,0.0,0.0,0.0,0.0,0.0,0.0,allowing swallowing meowing
573,##ink,suffix,104,0,VERB,,,0.106,0.644,0.058,0.019,0.163,0.0,0.0,0.0,0.0,0.0,0.0,0.0,0.0,0.01,0.0,shrink crinkled stinky
3630,##ffe,suffix,103,0,VERB,,,0.272,0.718,0.0,0.0,0.01,0.0,0.0,0.0,0.0,0.0,0.0,0.0,0.0,0.0,0.0,scoffed puffed giraffe
786,##igh,suffix,102,0,VERB,,,0.039,0.922,0.0,0.0,0.039,0.0,0.0,0.0,0.0,0.0,0.0,0.0,0.0,0.0,0.0,weighed weighing weigh
3814,##oted,suffix,102,0,VERB,,,0.0,1.0,0.0,0.0,0.0,0.0,0.0,0.0,0.0,0.0,0.0,0.0,0.0,0.0,0.0,hooted piloted devoted
1103,##ited,suffix,100,0,VERB,,,0.0,0.95,0.05,0.0,0.0,0.0,0.0,0.0,0.0,0.0,0.0,0.0,0.0,0.0,0.0,ignited recited reunited
376,##hing,suffix,99,0,VERB,,,0.071,0.758,0.172,0.0,0.0,0.0,0.0,0.0,0.0,0.0,0.0,0.0,0.0,0.0,0.0,aching soothing bathing
1340,##omed,suffix,99,0,VERB,,,0.0,1.0,0.0,0.0,0.0,0.0,0.0,0.0,0.0,0.0,0.0,0.0,0.0,0.0,0.0,boomed doomed
453,##ond,suffix,97,0,VERB,,,0.072,0.918,0.0,0.0,0.01,0.0,0.0,0.0,0.0,0.0,0.0,0.0,0.0,0.0,0.0,responded respond responding
3784,##osed,suffix,97,0,VERB,,,0.0,0.99,0.01,0.0,0.0,0.0,0.0,0.0,0.0,0.0,0.0,0.0,0.0,0.0,0.0,supposed proposed exposed
791,##oun,suffix,96,0,VERB,,,0.292,0.698,0.01,0.0,0.0,0.0,0.0,0.0,0.0,0.0,0.0,0.0,0.0,0.0,0.0,encountered encounter amount
4006,##aking,suffix,95,0,VERB,,,0.042,0.874,0.084,0.0,0.0,0.0,0.0,0.0,0.0,0.0,0.0,0.0,0.0,0.0,0.0,breathtaking soaking streaking
3026,##ude,suffix,91,0,VERB,,,0.0,0.978,0.022,0.0,0.0,0.0,0.0,0.0,0.0,0.0,0.0,0.0,0.0,0.0,0.0,included include eluded
516,##fe,suffix,88,0,VERB,,,0.08,0.716,0.17,0.0,0.034,0.0,0.0,0.0,0.0,0.0,0.0,0.0,0.0,0.0,0.0,preferred deafening engulfed
1567,##zz,suffix,88,0,VERB,,,0.045,0.727,0.057,0.0,0.17,0.0,0.0,0.0,0.0,0.0,0.0,0.0,0.0,0.0,0.0,dazzling fizz nuzzled
3257,##unched,suffix,86,0,VERB,,,0.0,1.0,0.0,0.0,0.0,0.0,0.0,0.0,0.0,0.0,0.0,0.0,0.0,0.0,0.0,crunched scrunched
1176,##ank,suffix,84,0,VERB,,,0.286,0.619,0.048,0.0,0.048,0.0,0.0,0.0,0.0,0.0,0.0,0.0,0.0,0.0,0.0,shrank snowbank yanked
1403,##lled,suffix,84,0,VERB,,,0.0,1.0,0.0,0.0,0.0,0.0,0.0,0.0,0.0,0.0,0.0,0.0,0.0,0.0,0.0,strolled unrolled grilled
1496,##bbed,suffix,83,0,VERB,,,0.0,0.988,0.012,0.0,0.0,0.0,0.0,0.0,0.0,0.0,0.0,0.0,0.0,0.0,0.0,rubbed bobbed sobbed
1818,##app,suffix,83,0,VERB,,,0.024,0.627,0.301,0.024,0.024,0.0,0.0,0.0,0.0,0.0,0.0,0.0,0.0,0.0,0.0,snapped unhappy snapping
1630,##acked,suffix,82,0,VERB,,,0.0,1.0,0.0,0.0,0.0,0.0,0.0,0.0,0.0,0.0,0.0,0.0,0.0,0.0,0.0,stacked attacked quacked
1044,##acing,suffix,80,0,VERB,,,0.0,0.787,0.163,0.05,0.0,0.0,0.0,0.0,0.0,0.0,0.0,0.0,0.0,0.0,0.0,placing menacing replacing
3656,##bbled,suffix,80,0,VERB,,,0.0,1.0,0.0,0.0,0.0,0.0,0.0,0.0,0.0,0.0,0.0,0.0,0.0,0.0,0.0,wobbled dribbled gobbled
1464,##essed,suffix,76,0,VERB,,,0.013,0.974,0.013,0.0,0.0,0.0,0.0,0.0,0.0,0.0,0.0,0.0,0.0,0.0,0.0,confessed possessed oppressed
3085,##bble,suffix,76,0,VERB,,,0.276,0.461,0.079,0.0,0.184,0.0,0.0,0.0,0.0,0.0,0.0,0.0,0.0,0.0,0.0,wobble rubble cobblestone
891,##ushed,suffix,74,0,VERB,,,0.0,0.986,0.014,0.0,0.0,0.0,0.0,0.0,0.0,0.0,0.0,0.0,0.0,0.0,0.0,crushed blushed flushed
1805,##iting,suffix,74,0,VERB,,,0.0,1.0,0.0,0.0,0.0,0.0,0.0,0.0,0.0,0.0,0.0,0.0,0.0,0.0,0.0,igniting reciting reigniting
1913,##aged,suffix,73,0,VERB,,,0.0,0.945,0.055,0.0,0.0,0.0,0.0,0.0,0.0,0.0,0.0,0.0,0.0,0.0,0.0,managed damaged rummaged
463,##ided,suffix,72,0,VERB,,,0.0,0.944,0.056,0.0,0.0,0.0,0.0,0.0,0.0,0.0,0.0,0.0,0.0,0.0,0.0,avoided divided collided
1261,##cked,suffix,70,0,VERB,,,0.0,1.0,0.0,0.0,0.0,0.0,0.0,0.0,0.0,0.0,0.0,0.0,0.0,0.0,0.0,mocked licked lacked
2397,##unch,suffix,68,0,VERB,,,0.382,0.456,0.147,0.0,0.015,0.0,0.0,0.0,0.0,0.0,0.0,0.0,0.0,0.0,0.0,crunching crunch crunchy
167,##hed,suffix,66,0,VERB,,,0.0,0.97,0.03,0.0,0.0,0.0,0.0,0.0,0.0,0.0,0.0,0.0,0.0,0.0,0.0,bathed triumphed drenched
260,##ang,suffix,66,0,VERB,,,0.136,0.833,0.0,0.0,0.03,0.0,0.0,0.0,0.0,0.0,0.0,0.0,0.0,0.0,0.0,sprang untangle exchanging
902,##zing,suffix,66,0,VERB,,,0.212,0.758,0.03,0.0,0.0,0.0,0.0,0.0,0.0,0.0,0.0,0.0,0.0,0.0,0.0,stargazing blazing squeezing
2539,##cking,suffix,66,0,VERB,,,0.091,0.894,0.0,0.015,0.0,0.0,0.0,0.0,0.0,0.0,0.0,0.0,0.0,0.0,0.0,mocking packing licking
3116,##illed,suffix,66,0,VERB,,,0.0,0.727,0.273,0.0,0.0,0.0,0.0,0.0,0.0,0.0,0.0,0.0,0.0,0.0,0.0,fulfilled unfulfilled killed
918,##ffer,suffix,64,0,VERB,,,0.109,0.891,0.0,0.0,0.0,0.0,0.0,0.0,0.0,0.0,0.0,0.0,0.0,0.0,0.0,suffer suffering suffered
2811,##ived,suffix,63,0,VERB,,,0.0,1.0,0.0,0.0,0.0,0.0,0.0,0.0,0.0,0.0,0.0,0.0,0.0,0.0,0.0,deceived survived revived
2837,##ax,suffix,62,0,VERB,,,0.065,0.645,0.129,0.016,0.145,0.0,0.0,0.0,0.0,0.0,0.0,0.0,0.0,0.0,0.0,relax relaxed zorax
586,##ared,suffix,61,0,VERB,,,0.0,0.984,0.016,0.0,0.0,0.0,0.0,0.0,0.0,0.0,0.0,0.0,0.0,0.0,0.0,blared compared glared
1510,##iled,suffix,59,0,VERB,,,0.0,0.966,0.034,0.0,0.0,0.0,0.0,0.0,0.0,0.0,0.0,0.0,0.0,0.0,0.0,unveiled oiled boiled
1204,##ung,suffix,58,0,VERB,,,0.19,0.81,0.0,0.0,0.0,0.0,0.0,0.0,0.0,0.0,0.0,0.0,0.0,0.0,0.0,stung plunge lounged
255,##ream,suffix,57,0,VERB,,,0.228,0.561,0.088,0.123,0.0,0.0,0.0,0.0,0.0,0.0,0.0,0.0,0.0,0.0,0.0,daydreaming daydreamed upstream
735,##iced,suffix,57,0,VERB,,,0.0,0.719,0.281,0.0,0.0,0.0,0.0,0.0,0.0,0.0,0.0,0.0,0.0,0.0,0.0,rejoiced unnoticed sacrificed
846,##cho,suffix,57,0,VERB,,,0.368,0.614,0.0,0.0,0.018,0.0,0.0,0.0,0.0,0.0,0.0,0.0,0.0,0.0,0.0,anchored anchor anchors
392,##ose,suffix,56,0,VERB,,,0.143,0.714,0.0,0.0,0.143,0.0,0.0,0.0,0.0,0.0,0.0,0.0,0.0,0.0,0.0,expose arose goose
1408,##joy,suffix,55,0,VERB,,,0.0,0.745,0.2,0.0,0.055,0.0,0.0,0.0,0.0,0.0,0.0,0.0,0.0,0.0,0.0,overjoyed
739,##vered,suffix,52,0,VERB,,,0.0,0.904,0.096,0.0,0.0,0.0,0.0,0.0,0.0,0.0,0.0,0.0,0.0,0.0,0.0,hovered rediscovered undiscovered
936,##irr,suffix,51,0,VERB,,,0.235,0.765,0.0,0.0,0.0,0.0,0.0,0.0,0.0,0.0,0.0,0.0,0.0,0.0,0.0,stirring whirring whirr
1140,##ished,suffix,50,0,VERB,,,0.0,0.84,0.16,0.0,0.0,0.0,0.0,0.0,0.0,0.0,0.0,0.0,0.0,0.0,0.0,swished accomplished banished
692,##iver,suffix,49,0,VERB,,,0.388,0.571,0.0,0.0,0.041,0.0,0.0,0.0,0.0,0.0,0.0,0.0,0.0,0.0,0.0,deliver delivered delivery
864,##oud,suffix,49,0,VERB,,,0.388,0.592,0.02,0.0,0.0,0.0,0.0,0.0,0.0,0.0,0.0,0.0,0.0,0.0,0.0,shrouded shroud shrouding
1004,##ired,suffix,49,0,VERB,,,0.0,0.98,0.02,0.0,0.0,0.0,0.0,0.0,0.0,0.0,0.0,0.0,0.0,0.0,0.0,inquired required backfired
3269,##icking,suffix,48,0,VERB,,,0.021,0.979,0.0,0.0,0.0,0.0,0.0,0.0,0.0,0.0,0.0,0.0,0.0,0.0,0.0,kicking mimicking
3024,##irred,suffix,46,0,VERB,,,0.0,1.0,0.0,0.0,0.0,0.0,0.0,0.0,0.0,0.0,0.0,0.0,0.0,0.0,0.0,whirred
3898,##olog,suffix,46,0,VERB,,,0.152,0.848,0.0,0.0,0.0,0.0,0.0,0.0,0.0,0.0,0.0,0.0,0.0,0.0,0.0,apologized apologize apology
2266,##ining,suffix,45,0,VERB,,,0.0,1.0,0.0,0.0,0.0,0.0,0.0,0.0,0.0,0.0,0.0,0.0,0.0,0.0,0.0,intertwining gaining combining
310,##reat,suffix,44,0,VERB,,,0.023,0.977,0.0,0.0,0.0,0.0,0.0,0.0,0.0,0.0,0.0,0.0,0.0,0.0,0.0,retreated retreating retreat
3977,##bbing,suffix,43,0,VERB,,,0.07,0.93,0.0,0.0,0.0,0.0,0.0,0.0,0.0,0.0,0.0,0.0,0.0,0.0,0.0,rubbing bobbing scrubbing
1887,##ising,suffix,41,0,VERB,,,0.0,1.0,0.0,0.0,0.0,0.0,0.0,0.0,0.0,0.0,0.0,0.0,0.0,0.0,0.0,raising praising
2291,##ord,suffix,40,0,VERB,,,0.15,0.475,0.325,0.0,0.05,0.0,0.0,0.0,0.0,0.0,0.0,0.0,0.0,0.0,0.0,extraordinary recorded record
1277,##ued,suffix,39,0,VERB,,,0.0,0.974,0.026,0.0,0.0,0.0,0.0,0.0,0.0,0.0,0.0,0.0,0.0,0.0,0.0,glued rescued ensued
2700,##rupted,suffix,38,0,VERB,,,0.0,1.0,0.0,0.0,0.0,0.0,0.0,0.0,0.0,0.0,0.0,0.0,0.0,0.0,0.0,interrupted corrupted disrupted
560,##ried,suffix,36,0,VERB,,,0.0,0.917,0.028,0.056,0.0,0.0,0.0,0.0,0.0,0.0,0.0,0.0,0.0,0.0,0.0,scurried married unhurriedly
1961,##sure,suffix,36,0,VERB,,,0.222,0.778,0.0,0.0,0.0,0.0,0.0,0.0,0.0,0.0,0.0,0.0,0.0,0.0,0.0,assured pleasure ensured
3615,##ooped,suffix,36,0,VERB,,,0.0,1.0,0.0,0.0,0.0,0.0,0.0,0.0,0.0,0.0,0.0,0.0,0.0,0.0,0.0,scooped drooped
1216,##ained,suffix,34,0,VERB,,,0.0,1.0,0.0,0.0,0.0,0.0,0.0,0.0,0.0,0.0,0.0,0.0,0.0,0.0,0.0,stained contained regained
2900,##tering,suffix,34,0,VERB,,,0.088,0.912,0.0,0.0,0.0,0.0,0.0,0.0,0.0,0.0,0.0,0.0,0.0,0.0,0.0,scattering shattering chattering
3063,##oring,suffix,32,0,VERB,,,0.25,0.75,0.0,0.0,0.0,0.0,0.0,0.0,0.0,0.0,0.0,0.0,0.0,0.0,0.0,scoring snoring restoring
3282,##tled,suffix,28,0,VERB,,,0.0,1.0,0.0,0.0,0.0,0.0,0.0,0.0,0.0,0.0,0.0,0.0,0.0,0.0,0.0,rattled scuttled dismantled
3196,##ocking,suffix,27,0,VERB,,,0.0,1.0,0.0,0.0,0.0,0.0,0.0,0.0,0.0,0.0,0.0,0.0,0.0,0.0,0.0,knocking
2601,##pted,suffix,26,0,VERB,,,0.0,1.0,0.0,0.0,0.0,0.0,0.0,0.0,0.0,0.0,0.0,0.0,0.0,0.0,0.0,tempted sculpted prompted
340,##eep,suffix,25,0,VERB,,,0.2,0.44,0.08,0.0,0.28,0.0,0.0,0.0,0.0,0.0,0.0,0.0,0.0,0.0,0.0,sweeping fleep sweep
3766,##ott,suffix,23,0,VERB,,,0.261,0.739,0.0,0.0,0.0,0.0,0.0,0.0,0.0,0.0,0.0,0.0,0.0,0.0,0.0,trotted grotto knotted
1210,##ached,suffix,20,0,VERB,,,0.0,1.0,0.0,0.0,0.0,0.0,0.0,0.0,0.0,0.0,0.0,0.0,0.0,0.0,0.0,attached
1160,##laimed,suffix,19,0,VERB,,,0.0,1.0,0.0,0.0,0.0,0.0,0.0,0.0,0.0,0.0,0.0,0.0,0.0,0.0,0.0,proclaimed reclaimed
3237,##ains,suffix,19,0,VERB,,,0.316,0.579,0.0,0.0,0.105,0.0,0.0,0.0,0.0,0.0,0.0,0.0,0.0,0.0,0.0,explains plains stains
3746,##eated,suffix,18,0,VERB,,,0.0,0.944,0.0,0.056,0.0,0.0,0.0,0.0,0.0,0.0,0.0,0.0,0.0,0.0,0.0,repeated repeatedly
1205,##idd,suffix,17,0,VERB,,,0.059,0.941,0.0,0.0,0.0,0.0,0.0,0.0,0.0,0.0,0.0,0.0,0.0,0.0,0.0,skidded forbidden skidding
957,##inking,suffix,16,0,VERB,,,0.188,0.812,0.0,0.0,0.0,0.0,0.0,0.0,0.0,0.0,0.0,0.0,0.0,0.0,0.0,shrinking clinking
831,##eared,suffix,15,0,VERB,,,0.0,1.0,0.0,0.0,0.0,0.0,0.0,0.0,0.0,0.0,0.0,0.0,0.0,0.0,0.0,reappeared smeared
1297,##fted,suffix,15,0,VERB,,,0.0,0.933,0.067,0.0,0.0,0.0,0.0,0.0,0.0,0.0,0.0,0.0,0.0,0.0,0.0,wafted sifted uplifted
1105,##ugg,suffix,14,0,VERB,,,0.071,0.929,0.0,0.0,0.0,0.0,0.0,0.0,0.0,0.0,0.0,0.0,0.0,0.0,0.0,snuggled shrugging snuggling
1298,##elled,suffix,14,0,VERB,,,0.0,1.0,0.0,0.0,0.0,0.0,0.0,0.0,0.0,0.0,0.0,0.0,0.0,0.0,0.0,compelled rebelled propelled
1574,##irled,suffix,14,0,VERB,,,0.0,1.0,0.0,0.0,0.0,0.0,0.0,0.0,0.0,0.0,0.0,0.0,0.0,0.0,0.0,whirled
1671,##lec,suffix,13,0,VERB,,,0.462,0.538,0.0,0.0,0.0,0.0,0.0,0.0,0.0,0.0,0.0,0.0,0.0,0.0,0.0,neglected neglect deflected
2246,##owned,suffix,13,0,VERB,,,0.0,1.0,0.0,0.0,0.0,0.0,0.0,0.0,0.0,0.0,0.0,0.0,0.0,0.0,0.0,drowned
567,##aced,suffix,12,0,VERB,,,0.0,1.0,0.0,0.0,0.0,0.0,0.0,0.0,0.0,0.0,0.0,0.0,0.0,0.0,0.0,resurfaced misplaced
690,##llow,suffix,12,0,VERB,,,0.0,0.5,0.5,0.0,0.0,0.0,0.0,0.0,0.0,0.0,0.0,0.0,0.0,0.0,0.0,shallow billowed billowing
2402,##attered,suffix,12,0,VERB,,,0.0,1.0,0.0,0.0,0.0,0.0,0.0,0.0,0.0,0.0,0.0,0.0,0.0,0.0,0.0,splattered
2505,##udd,suffix,12,0,VERB,,,0.083,0.917,0.0,0.0,0.0,0.0,0.0,0.0,0.0,0.0,0.0,0.0,0.0,0.0,0.0,shuddered thudded shudder
1585,##ugged,suffix,11,0,VERB,,,0.0,1.0,0.0,0.0,0.0,0.0,0.0,0.0,0.0,0.0,0.0,0.0,0.0,0.0,0.0,plugged chugged
2022,##ushing,suffix,11,0,VERB,,,0.0,1.0,0.0,0.0,0.0,0.0,0.0,0.0,0.0,0.0,0.0,0.0,0.0,0.0,0.0,crushing blushing flushing
473,##ghed,suffix,10,0,VERB,,,0.0,1.0,0.0,0.0,0.0,0.0,0.0,0.0,0.0,0.0,0.0,0.0,0.0,0.0,0.0,coughed
1959,##ises,suffix,10,0,VERB,,,0.4,0.6,0.0,0.0,0.0,0.0,0.0,0.0,0.0,0.0,0.0,0.0,0.0,0.0,0.0,raises disguises arises
1586,##ashed,suffix,9,0,VERB,,,0.0,1.0,0.0,0.0,0.0,0.0,0.0,0.0,0.0,0.0,0.0,0.0,0.0,0.0,0.0,thrashed smashed slashed
2400,##inked,suffix,9,0,VERB,,,0.0,1.0,0.0,0.0,0.0,0.0,0.0,0.0,0.0,0.0,0.0,0.0,0.0,0.0,0.0,clinked oinked
3449,##angled,suffix,9,0,VERB,,,0.0,1.0,0.0,0.0,0.0,0.0,0.0,0.0,0.0,0.0,0.0,0.0,0.0,0.0,0.0,untangled entangled
482,##emb,suffix,8,0,VERB,,,0.0,0.75,0.0,0.0,0.25,0.0,0.0,0.0,0.0,0.0,0.0,0.0,0.0,0.0,0.0,resembled resembling december
3096,##itted,suffix,8,0,VERB,,,0.0,1.0,0.0,0.0,0.0,0.0,0.0,0.0,0.0,0.0,0.0,0.0,0.0,0.0,0.0,knitted submitted committed
3574,##umin,suffix,8,0,VERB,,,0.125,0.75,0.125,0.0,0.0,0.0,0.0,0.0,0.0,0.0,0.0,0.0,0.0,0.0,0.0,consuming bioluminescent unassuming
561,##oin,suffix,7,0,VERB,,,0.429,0.571,0.0,0.0,0.0,0.0,0.0,0.0,0.0,0.0,0.0,0.0,0.0,0.0,0.0,mooing shooing rejoins
576,##ret,suffix,7,0,VERB,,,0.286,0.714,0.0,0.0,0.0,0.0,0.0,0.0,0.0,0.0,0.0,0.0,0.0,0.0,0.0,outstretched concrete
1276,##ected,suffix,7,0,VERB,,,0.0,0.571,0.429,0.0,0.0,0.0,0.0,0.0,0.0,0.0,0.0,0.0,0.0,0.0,0.0,disconnected detected suspected
3136,##ucked,suffix,7,0,VERB,,,0.0,1.0,0.0,0.0,0.0,0.0,0.0,0.0,0.0,0.0,0.0,0.0,0.0,0.0,0.0,plucked
1171,##opped,suffix,6,0,VERB,,,0.0,1.0,0.0,0.0,0.0,0.0,0.0,0.0,0.0,0.0,0.0,0.0,0.0,0.0,0.0,plopped
1954,##venge,suffix,6,0,VERB,,,0.333,0.333,0.0,0.0,0.333,0.0,0.0,0.0,0.0,0.0,0.0,0.0,0.0,0.0,0.0,avenger scavenger avenge
888,##reed,suffix,5,0,VERB,,,0.0,1.0,0.0,0.0,0.0,0.0,0.0,0.0,0.0,0.0,0.0,0.0,0.0,0.0,0.0,disagreed
2417,##ecting,suffix,5,0,VERB,,,0.0,0.6,0.4,0.0,0.0,0.0,0.0,0.0,0.0,0.0,0.0,0.0,0.0,0.0,0.0,reconnecting unsuspecting
551,##rew,suffix,4,0,VERB,,,0.0,1.0,0.0,0.0,0.0,0.0,0.0,0.0,0.0,0.0,0.0,0.0,0.0,0.0,0.0,withdrew
1017,##roup,suffix,4,0,VERB,,,0.0,1.0,0.0,0.0,0.0,0.0,0.0,0.0,0.0,0.0,0.0,0.0,0.0,0.0,0.0,regrouped regroup
3012,##ustr,suffix,4,0,VERB,,,0.25,0.5,0.0,0.0,0.25,0.0,0.0,0.0,0.0,0.0,0.0,0.0,0.0,0.0,0.0,illustrated illustrations australia
1473,##anger,suffix,2,0,VERB,,,0.0,1.0,0.0,0.0,0.0,0.0,0.0,0.0,0.0,0.0,0.0,0.0,0.0,0.0,0.0,endangering
2115,##ledge,suffix,2,0,VERB,,,0.0,1.0,0.0,0.0,0.0,0.0,0.0,0.0,0.0,0.0,0.0,0.0,0.0,0.0,0.0,acknowledge acknowledged
2161,##vas,suffix,2,0,VERB,,,0.0,1.0,0.0,0.0,0.0,0.0,0.0,0.0,0.0,0.0,0.0,0.0,0.0,0.0,0.0,devastated
2893,##tles,suffix,2,0,VERB,,,0.0,1.0,0.0,0.0,0.0,0.0,0.0,0.0,0.0,0.0,0.0,0.0,0.0,0.0,0.0,scuttles settles
1198,##ross,suffix,1,0,VERB,,,0.0,1.0,0.0,0.0,0.0,0.0,0.0,0.0,0.0,0.0,0.0,0.0,0.0,0.0,0.0,crisscrossed
1700,##irc,suffix,1,0,VERB,,,0.0,1.0,0.0,0.0,0.0,0.0,0.0,0.0,0.0,0.0,0.0,0.0,0.0,0.0,0.0,encircled
2692,##ashing,suffix,1,0,VERB,,,0.0,1.0,0.0,0.0,0.0,0.0,0.0,0.0,0.0,0.0,0.0,0.0,0.0,0.0,0.0,thrashing
3476,##eld,suffix,1,0,VERB,,,0.0,1.0,0.0,0.0,0.0,0.0,0.0,0.0,0.0,0.0,0.0,0.0,0.0,0.0,0.0,beheld
3966,##ceed,suffix,1,0,VERB,,,0.0,1.0,0.0,0.0,0.0,0.0,0.0,0.0,0.0,0.0,0.0,0.0,0.0,0.0,0.0,proceed
82,##q,suffix,0,0,,,,,,,,,,,,,,,,,,,
244,##gether,suffix,0,0,,,,,,,,,,,,,,,,,,,
389,##omet,suffix,0,0,,,,,,,,,,,,,,,,,,,
434,##dden,suffix,0,0,,,,,,,,,,,,,,,,,,,
517,##ather,suffix,0,0,,,,,,,,,,,,,,,,,,,
558,##self,suffix,0,0,,,,,,,,,,,,,,,,,,,
601,##outed,suffix,0,0,,,,,,,,,,,,,,,,,,,
780,##roud,suffix,0,0,,,,,,,,,,,,,,,,,,,
821,##imm,suffix,0,0,,,,,,,,,,,,,,,,,,,
1007,##uth,suffix,0,0,,,,,,,,,,,,,,,,,,,
1173,##illy,suffix,0,0,,,,,,,,,,,,,,,,,,,
1185,##rived,suffix,0,0,,,,,,,,,,,,,,,,,,,
1250,##round,suffix,0,0,,,,,,,,,,,,,,,,,,,
1342,##erg,suffix,0,0,,,,,,,,,,,,,,,,,,,
1346,##osity,suffix,0,0,,,,,,,,,,,,,,,,,,,
1363,##iddle,suffix,0,0,,,,,,,,,,,,,,,,,,,
1469,##ester,suffix,0,0,,,,,,,,,,,,,,,,,,,
1702,##ause,suffix,0,0,,,,,,,,,,,,,,,,,,,
1767,##vely,suffix,0,0,,,,,,,,,,,,,,,,,,,
1867,##ibil,suffix,0,0,,,,,,,,,,,,,,,,,,,
1883,##anches,suffix,0,0,,,,,,,,,,,,,,,,,,,
1966,##uly,suffix,0,0,,,,,,,,,,,,,,,,,,,
2101,##ossed,suffix,0,0,,,,,,,,,,,,,,,,,,,
2102,##gest,suffix,0,0,,,,,,,,,,,,,,,,,,,
2340,##lph,suffix,0,0,,,,,,,,,,,,,,,,,,,
2440,##chen,suffix,0,0,,,,,,,,,,,,,,,,,,,
2484,##elt,suffix,0,0,,,,,,,,,,,,,,,,,,,
2492,##eadow,suffix,0,0,,,,,,,,,,,,,,,,,,,
2515,##ocked,suffix,0,0,,,,,,,,,,,,,,,,,,,
2546,##lace,suffix,0,0,,,,,,,,,,,,,,,,,,,
2662,##ounced,suffix,0,0,,,,,,,,,,,,,,,,,,,
2693,##ilor,suffix,0,0,,,,,,,,,,,,,,,,,,,
2726,##oons,suffix,0,0,,,,,,,,,,,,,,,,,,,
2987,##ilies,suffix,0,0,,,,,,,,,,,,,,,,,,,
3091,##ready,suffix,0,0,,,,,,,,,,,,,,,,,,,
3319,##shine,suffix,0,0,,,,,,,,,,,,,,,,,,,
3335,##step,suffix,0,0,,,,,,,,,,,,,,,,,,,
3346,##umpy,suffix,0,0,,,,,,,,,,,,,,,,,,,
3395,##tom,suffix,0,0,,,,,,,,,,,,,,,,,,,
3415,##nings,suffix,0,0,,,,,,,,,,,,,,,,,,,
3497,##lee,suffix,0,0,,,,,,,,,,,,,,,,,,,
3530,##phant,suffix,0,0,,,,,,,,,,,,,,,,,,,
3572,##eople,suffix,0,0,,,,,,,,,,,,,,,,,,,
3575,##speople,suffix,0,0,,,,,,,,,,,,,,,,,,,
3644,##weed,suffix,0,0,,,,,,,,,,,,,,,,,,,
3708,##ealous,suffix,0,0,,,,,,,,,,,,,,,,,,,
15,.,punctuation,430181,0,,,,,,,,,,,,,,,,,,,
13,",",punctuation,340841,0,,,,,,,,,,,,,,,,,,,
3,"""",punctuation,143821,0,,,,,,,,,,,,,,,,,,,
2,!,punctuation,43018,0,,,,,,,,,,,,,,,,,,,
30,?,punctuation,22796,0,,,,,,,,,,,,,,,,,,,
8,',punctuation,21668,0,,,,,,,,,,,,,,,,,,,
28,;,punctuation,3328,0,,,,,,,,,,,,,,,,,,,
14,-,punctuation,3051,0,,,,,,,,,,,,,,,,,,,
27,:,punctuation,1634,0,,,,,,,,,,,,,,,,,,,
11,*,punctuation,10,0,,,,,,,,,,,,,,,,,,,
9,(,punctuation,1,0,,,,,,,,,,,,,,,,,,,
10,),punctuation,1,0,,,,,,,,,,,,,,,,,,,
12,+,punctuation,1,0,,,,,,,,,,,,,,,,,,,
29,=,punctuation,1,0,,,,,,,,,,,,,,,,,,,
4,#,punctuation,0,0,,,,,,,,,,,,,,,,,,,
5,$,punctuation,0,0,,,,,,,,,,,,,,,,,,,
6,%,punctuation,0,0,,,,,,,,,,,,,,,,,,,
7,&,punctuation,0,0,,,,,,,,,,,,,,,,,,,
16,/,punctuation,0,0,,,,,,,,,,,,,,,,,,,
31,@,punctuation,0,0,,,,,,,,,,,,,,,,,,,
19,2,digit,30,0,,,,,,,,,,,,,,,,,,,
17,0,digit,26,0,,,,,,,,,,,,,,,,,,,
20,3,digit,16,0,,,,,,,,,,,,,,,,,,,
18,1,digit,15,0,,,,,,,,,,,,,,,,,,,
21,4,digit,9,0,,,,,,,,,,,,,,,,,,,
22,5,digit,5,0,,,,,,,,,,,,,,,,,,,
25,8,digit,5,0,,,,,,,,,,,,,,,,,,,
26,9,digit,5,0,,,,,,,,,,,,,,,,,,,
23,6,digit,0,0,,,,,,,,,,,,,,,,,,,
24,7,digit,0,0,,,,,,,,,,,,,,,,,,,
0,[UNK],special,0,0,,,,,,,,,,,,,,,,,,,
1,[EOS],special,0,0,,,,,,,,,,,,,,,,,,,
